INFO:2026-05-28 19:24:11,297:jax._src.xla_bridge:822: Unable to initialize backend 'tpu': INTERNAL: Failed to open libtpu.so: libtpu.so: cannot open shared object file: No such file or directory
INFO Unable to initialize backend 'tpu': INTERNAL: Failed to open libtpu.so: libtpu.so: cannot open shared object file: No such file or directory
WARNING:2026-05-28 19:24:11,297:jax._src.xla_bridge:864: An NVIDIA GPU may be present on this machine, but a CUDA-enabled jaxlib is not installed. Falling back to cpu.
WARNING An NVIDIA GPU may be present on this machine, but a CUDA-enabled jaxlib is not installed. Falling back to cpu.
/home/sunhl/projects/qchem_qml_md/.venv/lib/python3.12/site-packages/pennylane/__init__.py:212: PennyLaneDeprecationWarning: PennyLane v0.44 has dropped maintainence support for NumPy < 2.0.0. You have version 1.26.4 installed. Future versions of PennyLane will not work with NumPy<2.0. Please consider upgrading NumPy using `python -m pip install numpy --upgrade`. 
  warnings.warn(
[2026-05-28 19:24:14,421] root - INFO - UQC endpoint http://192.168.110.148:8003
[2026-05-28 19:24:14,421] root - INFO - UQC preflight (target=iontrap-sim)...
[2026-05-28 19:24:14,600] root - INFO - UQC chips: {'qiskit-sim': {'status': 'active', 'last_update': '2026-01-04 15:58:00'}, 'iontrap-sim': {'status': 'active', 'last_update': '2026-03-04 19:48:12'}}
[2026-05-28 19:24:14,605] root - INFO - Starting MD validation loop (5 rounds, target=iontrap-sim, output=results/uqc_cloud_sim_md_ml_optimized)
[2026-05-28 19:24:14,605] qchem_stack.md_bridge.md_validation_loop - INFO - MD validation loop starting (experiment=example_h2_uqc_cloud_sim_md_ml.yaml, max_rounds=5, md_steps=12, n_candidate_frames=2, tol_hartree=0.08)
converged SCF energy = -1.11671432506255
[2026-05-28 19:24:14,740] qchem_stack.orchestration.pipeline - INFO - pipeline scf_done experiment_id=h2_uqc_cloud_sim_md_ml E_tot_au=-1.1167143251
[2026-05-28 19:24:14,744] qchem_stack.orchestration.pipeline - INFO - pipeline hamiltonian_built experiment_id=h2_uqc_cloud_sim_md_ml n_qubits=4 integral_source=pyscf_casci_h2eff_compact
[2026-05-28 19:24:14,894] qchem_stack.backends.uqc_executor - INFO - Connected to UQC cloud platform
[2026-05-28 19:24:14,916] qiskit.passmanager.base_tasks - INFO - Pass: ContainsInstruction - 0.00930 (ms)
[2026-05-28 19:24:14,916] qiskit.passmanager.base_tasks - INFO - Pass: UnitarySynthesis - 0.00572 (ms)
[2026-05-28 19:24:14,916] qiskit.passmanager.base_tasks - INFO - Pass: HighLevelSynthesis - 0.00572 (ms)
[2026-05-28 19:24:14,916] qiskit.passmanager.base_tasks - INFO - Pass: BasisTranslator - 0.01740 (ms)
[2026-05-28 19:24:14,916] qiskit.passmanager.base_tasks - INFO - Pass: ElidePermutations - 0.00477 (ms)
[2026-05-28 19:24:14,916] qiskit.passmanager.base_tasks - INFO - Pass: RemoveDiagonalGatesBeforeMeasure - 0.01431 (ms)
[2026-05-28 19:24:14,916] qiskit.passmanager.base_tasks - INFO - Pass: RemoveIdentityEquivalent - 0.00787 (ms)
[2026-05-28 19:24:14,916] qiskit.passmanager.base_tasks - INFO - Pass: InverseCancellation - 0.01335 (ms)
[2026-05-28 19:24:14,916] qiskit.passmanager.base_tasks - INFO - Pass: ContractIdleWiresInControlFlow - 0.00167 (ms)
[2026-05-28 19:24:14,916] qiskit.passmanager.base_tasks - INFO - Pass: CommutativeCancellation - 0.02456 (ms)
[2026-05-28 19:24:14,917] qiskit.passmanager.base_tasks - INFO - Pass: ConsolidateBlocks - 0.10705 (ms)
[2026-05-28 19:24:14,917] qiskit.passmanager.base_tasks - INFO - Pass: Split2QUnitaries - 0.00381 (ms)
[2026-05-28 19:24:14,917] qiskit.passmanager.base_tasks - INFO - Pass: UnitarySynthesis - 0.00381 (ms)
[2026-05-28 19:24:14,917] qiskit.passmanager.base_tasks - INFO - Pass: HighLevelSynthesis - 0.00477 (ms)
[2026-05-28 19:24:14,917] qiskit.passmanager.base_tasks - INFO - Pass: BasisTranslator - 0.45013 (ms)
[2026-05-28 19:24:14,917] qiskit.passmanager.base_tasks - INFO - Pass: ConsolidateBlocks - 0.06008 (ms)
[2026-05-28 19:24:14,917] qiskit.passmanager.base_tasks - INFO - Pass: UnitarySynthesis - 0.00286 (ms)
[2026-05-28 19:24:14,917] qiskit.passmanager.base_tasks - INFO - Pass: Size - 0.00381 (ms)
[2026-05-28 19:24:14,917] qiskit.passmanager.base_tasks - INFO - Pass: Depth - 0.00644 (ms)
[2026-05-28 19:24:14,917] qiskit.passmanager.base_tasks - INFO - Pass: FixedPoint - 0.00525 (ms)
[2026-05-28 19:24:14,917] qiskit.passmanager.base_tasks - INFO - Pass: FixedPoint - 0.00238 (ms)
[2026-05-28 19:24:14,917] qiskit.passmanager.base_tasks - INFO - Pass: RemoveIdentityEquivalent - 0.00501 (ms)
[2026-05-28 19:24:14,917] qiskit.passmanager.base_tasks - INFO - Pass: Optimize1qGatesDecomposition - 0.02885 (ms)
[2026-05-28 19:24:14,918] qiskit.passmanager.base_tasks - INFO - Pass: CommutativeCancellation - 0.02122 (ms)
[2026-05-28 19:24:14,918] qiskit.passmanager.base_tasks - INFO - Pass: ContractIdleWiresInControlFlow - 0.00143 (ms)
[2026-05-28 19:24:14,918] qiskit.passmanager.base_tasks - INFO - Pass: GatesInBasis - 0.00381 (ms)
[2026-05-28 19:24:14,918] qiskit.passmanager.base_tasks - INFO - Pass: Size - 0.00167 (ms)
[2026-05-28 19:24:14,918] qiskit.passmanager.base_tasks - INFO - Pass: Depth - 0.00453 (ms)
[2026-05-28 19:24:14,918] qiskit.passmanager.base_tasks - INFO - Pass: FixedPoint - 0.00286 (ms)
[2026-05-28 19:24:14,918] qiskit.passmanager.base_tasks - INFO - Pass: FixedPoint - 0.00167 (ms)
[2026-05-28 19:24:14,918] qiskit.passmanager.base_tasks - INFO - Pass: RemoveIdentityEquivalent - 0.00262 (ms)
[2026-05-28 19:24:14,918] qiskit.passmanager.base_tasks - INFO - Pass: Optimize1qGatesDecomposition - 0.01383 (ms)
[2026-05-28 19:24:14,918] qiskit.passmanager.base_tasks - INFO - Pass: CommutativeCancellation - 0.01383 (ms)
[2026-05-28 19:24:14,918] qiskit.passmanager.base_tasks - INFO - Pass: ContractIdleWiresInControlFlow - 0.00095 (ms)
[2026-05-28 19:24:14,918] qiskit.passmanager.base_tasks - INFO - Pass: GatesInBasis - 0.00191 (ms)
[2026-05-28 19:24:14,918] qiskit.passmanager.base_tasks - INFO - Pass: Size - 0.00119 (ms)
[2026-05-28 19:24:14,918] qiskit.passmanager.base_tasks - INFO - Pass: Depth - 0.00334 (ms)
[2026-05-28 19:24:14,918] qiskit.passmanager.base_tasks - INFO - Pass: FixedPoint - 0.00191 (ms)
[2026-05-28 19:24:14,918] qiskit.passmanager.base_tasks - INFO - Pass: FixedPoint - 0.00143 (ms)
[2026-05-28 19:24:14,918] qiskit.passmanager.base_tasks - INFO - Pass: ContainsInstruction - 0.00358 (ms)
[2026-05-28 19:24:14,918] qiskit.compiler.transpiler - INFO - Total Transpile Time - 22.31932 (ms)
[2026-05-28 19:24:27,640] qiskit.passmanager.base_tasks - INFO - Pass: ContainsInstruction - 0.00596 (ms)
[2026-05-28 19:24:27,640] qiskit.passmanager.base_tasks - INFO - Pass: UnitarySynthesis - 0.00477 (ms)
[2026-05-28 19:24:27,640] qiskit.passmanager.base_tasks - INFO - Pass: HighLevelSynthesis - 0.00477 (ms)
[2026-05-28 19:24:27,640] qiskit.passmanager.base_tasks - INFO - Pass: BasisTranslator - 0.01454 (ms)
[2026-05-28 19:24:27,640] qiskit.passmanager.base_tasks - INFO - Pass: ElidePermutations - 0.00429 (ms)
[2026-05-28 19:24:27,640] qiskit.passmanager.base_tasks - INFO - Pass: RemoveDiagonalGatesBeforeMeasure - 0.00548 (ms)
[2026-05-28 19:24:27,640] qiskit.passmanager.base_tasks - INFO - Pass: RemoveIdentityEquivalent - 0.00644 (ms)
[2026-05-28 19:24:27,640] qiskit.passmanager.base_tasks - INFO - Pass: InverseCancellation - 0.01025 (ms)
[2026-05-28 19:24:27,640] qiskit.passmanager.base_tasks - INFO - Pass: ContractIdleWiresInControlFlow - 0.00191 (ms)
[2026-05-28 19:24:27,640] qiskit.passmanager.base_tasks - INFO - Pass: CommutativeCancellation - 0.02146 (ms)
[2026-05-28 19:24:27,640] qiskit.passmanager.base_tasks - INFO - Pass: ConsolidateBlocks - 0.03934 (ms)
[2026-05-28 19:24:27,640] qiskit.passmanager.base_tasks - INFO - Pass: Split2QUnitaries - 0.00191 (ms)
[2026-05-28 19:24:27,640] qiskit.passmanager.base_tasks - INFO - Pass: UnitarySynthesis - 0.00262 (ms)
[2026-05-28 19:24:27,640] qiskit.passmanager.base_tasks - INFO - Pass: HighLevelSynthesis - 0.00620 (ms)
[2026-05-28 19:24:27,640] qiskit.passmanager.base_tasks - INFO - Pass: BasisTranslator - 0.25082 (ms)
[2026-05-28 19:24:27,640] qiskit.passmanager.base_tasks - INFO - Pass: ConsolidateBlocks - 0.05722 (ms)
[2026-05-28 19:24:27,641] qiskit.passmanager.base_tasks - INFO - Pass: UnitarySynthesis - 0.57101 (ms)
[2026-05-28 19:24:27,641] qiskit.passmanager.base_tasks - INFO - Pass: Size - 0.00548 (ms)
[2026-05-28 19:24:27,641] qiskit.passmanager.base_tasks - INFO - Pass: Depth - 0.00763 (ms)
[2026-05-28 19:24:27,641] qiskit.passmanager.base_tasks - INFO - Pass: FixedPoint - 0.00572 (ms)
[2026-05-28 19:24:27,641] qiskit.passmanager.base_tasks - INFO - Pass: FixedPoint - 0.00167 (ms)
[2026-05-28 19:24:27,641] qiskit.passmanager.base_tasks - INFO - Pass: RemoveIdentityEquivalent - 0.00858 (ms)
[2026-05-28 19:24:27,641] qiskit.passmanager.base_tasks - INFO - Pass: Optimize1qGatesDecomposition - 0.03839 (ms)
[2026-05-28 19:24:27,641] qiskit.passmanager.base_tasks - INFO - Pass: CommutativeCancellation - 0.02217 (ms)
[2026-05-28 19:24:27,641] qiskit.passmanager.base_tasks - INFO - Pass: ContractIdleWiresInControlFlow - 0.00143 (ms)
[2026-05-28 19:24:27,641] qiskit.passmanager.base_tasks - INFO - Pass: GatesInBasis - 0.00358 (ms)
[2026-05-28 19:24:27,641] qiskit.passmanager.base_tasks - INFO - Pass: Size - 0.00143 (ms)
[2026-05-28 19:24:27,642] qiskit.passmanager.base_tasks - INFO - Pass: Depth - 0.00453 (ms)
[2026-05-28 19:24:27,642] qiskit.passmanager.base_tasks - INFO - Pass: FixedPoint - 0.00262 (ms)
[2026-05-28 19:24:27,642] qiskit.passmanager.base_tasks - INFO - Pass: FixedPoint - 0.00191 (ms)
[2026-05-28 19:24:27,642] qiskit.passmanager.base_tasks - INFO - Pass: RemoveIdentityEquivalent - 0.00238 (ms)
[2026-05-28 19:24:27,642] qiskit.passmanager.base_tasks - INFO - Pass: Optimize1qGatesDecomposition - 0.01287 (ms)
[2026-05-28 19:24:27,642] qiskit.passmanager.base_tasks - INFO - Pass: CommutativeCancellation - 0.01264 (ms)
[2026-05-28 19:24:27,642] qiskit.passmanager.base_tasks - INFO - Pass: ContractIdleWiresInControlFlow - 0.00119 (ms)
[2026-05-28 19:24:27,642] qiskit.passmanager.base_tasks - INFO - Pass: GatesInBasis - 0.00191 (ms)
[2026-05-28 19:24:27,642] qiskit.passmanager.base_tasks - INFO - Pass: Size - 0.00119 (ms)
[2026-05-28 19:24:27,642] qiskit.passmanager.base_tasks - INFO - Pass: Depth - 0.00381 (ms)
[2026-05-28 19:24:27,642] qiskit.passmanager.base_tasks - INFO - Pass: FixedPoint - 0.00191 (ms)
[2026-05-28 19:24:27,642] qiskit.passmanager.base_tasks - INFO - Pass: FixedPoint - 0.00167 (ms)
[2026-05-28 19:24:27,642] qiskit.passmanager.base_tasks - INFO - Pass: ContainsInstruction - 0.00405 (ms)
[2026-05-28 19:24:27,642] qiskit.compiler.transpiler - INFO - Total Transpile Time - 6.50477 (ms)
[2026-05-28 19:24:38,814] qiskit.passmanager.base_tasks - INFO - Pass: ContainsInstruction - 0.00715 (ms)
[2026-05-28 19:24:38,814] qiskit.passmanager.base_tasks - INFO - Pass: UnitarySynthesis - 0.00501 (ms)
[2026-05-28 19:24:38,815] qiskit.passmanager.base_tasks - INFO - Pass: HighLevelSynthesis - 0.00453 (ms)
[2026-05-28 19:24:38,815] qiskit.passmanager.base_tasks - INFO - Pass: BasisTranslator - 0.01526 (ms)
[2026-05-28 19:24:38,815] qiskit.passmanager.base_tasks - INFO - Pass: ElidePermutations - 0.00453 (ms)
[2026-05-28 19:24:38,815] qiskit.passmanager.base_tasks - INFO - Pass: RemoveDiagonalGatesBeforeMeasure - 0.00548 (ms)
[2026-05-28 19:24:38,815] qiskit.passmanager.base_tasks - INFO - Pass: RemoveIdentityEquivalent - 0.00787 (ms)
[2026-05-28 19:24:38,815] qiskit.passmanager.base_tasks - INFO - Pass: InverseCancellation - 0.01144 (ms)
[2026-05-28 19:24:38,815] qiskit.passmanager.base_tasks - INFO - Pass: ContractIdleWiresInControlFlow - 0.00167 (ms)
[2026-05-28 19:24:38,815] qiskit.passmanager.base_tasks - INFO - Pass: CommutativeCancellation - 0.02289 (ms)
[2026-05-28 19:24:38,815] qiskit.passmanager.base_tasks - INFO - Pass: ConsolidateBlocks - 0.04220 (ms)
[2026-05-28 19:24:38,815] qiskit.passmanager.base_tasks - INFO - Pass: Split2QUnitaries - 0.00191 (ms)
[2026-05-28 19:24:38,815] qiskit.passmanager.base_tasks - INFO - Pass: UnitarySynthesis - 0.00310 (ms)
[2026-05-28 19:24:38,815] qiskit.passmanager.base_tasks - INFO - Pass: HighLevelSynthesis - 0.00525 (ms)
[2026-05-28 19:24:38,815] qiskit.passmanager.base_tasks - INFO - Pass: BasisTranslator - 0.28539 (ms)
[2026-05-28 19:24:38,815] qiskit.passmanager.base_tasks - INFO - Pass: ConsolidateBlocks - 0.05937 (ms)
[2026-05-28 19:24:38,815] qiskit.passmanager.base_tasks - INFO - Pass: UnitarySynthesis - 0.00334 (ms)
[2026-05-28 19:24:38,815] qiskit.passmanager.base_tasks - INFO - Pass: Size - 0.00238 (ms)
[2026-05-28 19:24:38,815] qiskit.passmanager.base_tasks - INFO - Pass: Depth - 0.00691 (ms)
[2026-05-28 19:24:38,816] qiskit.passmanager.base_tasks - INFO - Pass: FixedPoint - 0.00501 (ms)
[2026-05-28 19:24:38,816] qiskit.passmanager.base_tasks - INFO - Pass: FixedPoint - 0.00191 (ms)
[2026-05-28 19:24:38,816] qiskit.passmanager.base_tasks - INFO - Pass: RemoveIdentityEquivalent - 0.00572 (ms)
[2026-05-28 19:24:38,816] qiskit.passmanager.base_tasks - INFO - Pass: Optimize1qGatesDecomposition - 0.04244 (ms)
[2026-05-28 19:24:38,816] qiskit.passmanager.base_tasks - INFO - Pass: CommutativeCancellation - 0.02241 (ms)
[2026-05-28 19:24:38,816] qiskit.passmanager.base_tasks - INFO - Pass: ContractIdleWiresInControlFlow - 0.00119 (ms)
[2026-05-28 19:24:38,816] qiskit.passmanager.base_tasks - INFO - Pass: GatesInBasis - 0.00429 (ms)
[2026-05-28 19:24:38,816] qiskit.passmanager.base_tasks - INFO - Pass: Size - 0.00191 (ms)
[2026-05-28 19:24:38,816] qiskit.passmanager.base_tasks - INFO - Pass: Depth - 0.00691 (ms)
[2026-05-28 19:24:38,816] qiskit.passmanager.base_tasks - INFO - Pass: FixedPoint - 0.00238 (ms)
[2026-05-28 19:24:38,816] qiskit.passmanager.base_tasks - INFO - Pass: FixedPoint - 0.00215 (ms)
[2026-05-28 19:24:38,816] qiskit.passmanager.base_tasks - INFO - Pass: RemoveIdentityEquivalent - 0.00310 (ms)
[2026-05-28 19:24:38,816] qiskit.passmanager.base_tasks - INFO - Pass: Optimize1qGatesDecomposition - 0.01574 (ms)
[2026-05-28 19:24:38,816] qiskit.passmanager.base_tasks - INFO - Pass: CommutativeCancellation - 0.02050 (ms)
[2026-05-28 19:24:38,816] qiskit.passmanager.base_tasks - INFO - Pass: ContractIdleWiresInControlFlow - 0.00119 (ms)
[2026-05-28 19:24:38,816] qiskit.passmanager.base_tasks - INFO - Pass: GatesInBasis - 0.00191 (ms)
[2026-05-28 19:24:38,816] qiskit.passmanager.base_tasks - INFO - Pass: Size - 0.00119 (ms)
[2026-05-28 19:24:38,816] qiskit.passmanager.base_tasks - INFO - Pass: Depth - 0.00429 (ms)
[2026-05-28 19:24:38,816] qiskit.passmanager.base_tasks - INFO - Pass: FixedPoint - 0.00191 (ms)
[2026-05-28 19:24:38,816] qiskit.passmanager.base_tasks - INFO - Pass: FixedPoint - 0.00143 (ms)
[2026-05-28 19:24:38,816] qiskit.passmanager.base_tasks - INFO - Pass: ContainsInstruction - 0.00334 (ms)
[2026-05-28 19:24:38,816] qiskit.compiler.transpiler - INFO - Total Transpile Time - 6.90055 (ms)
[2026-05-28 19:24:51,430] qiskit.passmanager.base_tasks - INFO - Pass: ContainsInstruction - 0.00763 (ms)
[2026-05-28 19:24:51,430] qiskit.passmanager.base_tasks - INFO - Pass: UnitarySynthesis - 0.00668 (ms)
[2026-05-28 19:24:51,430] qiskit.passmanager.base_tasks - INFO - Pass: HighLevelSynthesis - 0.00405 (ms)
[2026-05-28 19:24:51,430] qiskit.passmanager.base_tasks - INFO - Pass: BasisTranslator - 0.05198 (ms)
[2026-05-28 19:24:51,430] qiskit.passmanager.base_tasks - INFO - Pass: ElidePermutations - 0.00429 (ms)
[2026-05-28 19:24:51,430] qiskit.passmanager.base_tasks - INFO - Pass: RemoveDiagonalGatesBeforeMeasure - 0.00596 (ms)
[2026-05-28 19:24:51,430] qiskit.passmanager.base_tasks - INFO - Pass: RemoveIdentityEquivalent - 0.00882 (ms)
[2026-05-28 19:24:51,430] qiskit.passmanager.base_tasks - INFO - Pass: InverseCancellation - 0.01192 (ms)
[2026-05-28 19:24:51,430] qiskit.passmanager.base_tasks - INFO - Pass: ContractIdleWiresInControlFlow - 0.00143 (ms)
[2026-05-28 19:24:51,430] qiskit.passmanager.base_tasks - INFO - Pass: CommutativeCancellation - 0.02384 (ms)
[2026-05-28 19:24:51,430] qiskit.passmanager.base_tasks - INFO - Pass: ConsolidateBlocks - 0.05293 (ms)
[2026-05-28 19:24:51,430] qiskit.passmanager.base_tasks - INFO - Pass: Split2QUnitaries - 0.00215 (ms)
[2026-05-28 19:24:51,430] qiskit.passmanager.base_tasks - INFO - Pass: UnitarySynthesis - 0.00381 (ms)
[2026-05-28 19:24:51,430] qiskit.passmanager.base_tasks - INFO - Pass: HighLevelSynthesis - 0.00572 (ms)
[2026-05-28 19:24:51,430] qiskit.passmanager.base_tasks - INFO - Pass: BasisTranslator - 0.25153 (ms)
[2026-05-28 19:24:51,431] qiskit.passmanager.base_tasks - INFO - Pass: ConsolidateBlocks - 0.05364 (ms)
[2026-05-28 19:24:51,431] qiskit.passmanager.base_tasks - INFO - Pass: UnitarySynthesis - 0.00262 (ms)
[2026-05-28 19:24:51,431] qiskit.passmanager.base_tasks - INFO - Pass: Size - 0.00262 (ms)
[2026-05-28 19:24:51,431] qiskit.passmanager.base_tasks - INFO - Pass: Depth - 0.00668 (ms)
[2026-05-28 19:24:51,431] qiskit.passmanager.base_tasks - INFO - Pass: FixedPoint - 0.00548 (ms)
[2026-05-28 19:24:51,431] qiskit.passmanager.base_tasks - INFO - Pass: FixedPoint - 0.00191 (ms)
[2026-05-28 19:24:51,431] qiskit.passmanager.base_tasks - INFO - Pass: RemoveIdentityEquivalent - 0.00381 (ms)
[2026-05-28 19:24:51,431] qiskit.passmanager.base_tasks - INFO - Pass: Optimize1qGatesDecomposition - 0.02718 (ms)
[2026-05-28 19:24:51,431] qiskit.passmanager.base_tasks - INFO - Pass: CommutativeCancellation - 0.01764 (ms)
[2026-05-28 19:24:51,431] qiskit.passmanager.base_tasks - INFO - Pass: ContractIdleWiresInControlFlow - 0.00095 (ms)
[2026-05-28 19:24:51,431] qiskit.passmanager.base_tasks - INFO - Pass: GatesInBasis - 0.00405 (ms)
[2026-05-28 19:24:51,431] qiskit.passmanager.base_tasks - INFO - Pass: Size - 0.00119 (ms)
[2026-05-28 19:24:51,431] qiskit.passmanager.base_tasks - INFO - Pass: Depth - 0.00429 (ms)
[2026-05-28 19:24:51,431] qiskit.passmanager.base_tasks - INFO - Pass: FixedPoint - 0.00215 (ms)
[2026-05-28 19:24:51,431] qiskit.passmanager.base_tasks - INFO - Pass: FixedPoint - 0.00167 (ms)
[2026-05-28 19:24:51,431] qiskit.passmanager.base_tasks - INFO - Pass: RemoveIdentityEquivalent - 0.00238 (ms)
[2026-05-28 19:24:51,431] qiskit.passmanager.base_tasks - INFO - Pass: Optimize1qGatesDecomposition - 0.01311 (ms)
[2026-05-28 19:24:51,431] qiskit.passmanager.base_tasks - INFO - Pass: CommutativeCancellation - 0.01216 (ms)
[2026-05-28 19:24:51,431] qiskit.passmanager.base_tasks - INFO - Pass: ContractIdleWiresInControlFlow - 0.00072 (ms)
[2026-05-28 19:24:51,431] qiskit.passmanager.base_tasks - INFO - Pass: GatesInBasis - 0.00167 (ms)
[2026-05-28 19:24:51,431] qiskit.passmanager.base_tasks - INFO - Pass: Size - 0.00095 (ms)
[2026-05-28 19:24:51,431] qiskit.passmanager.base_tasks - INFO - Pass: Depth - 0.00381 (ms)
[2026-05-28 19:24:51,431] qiskit.passmanager.base_tasks - INFO - Pass: FixedPoint - 0.00167 (ms)
[2026-05-28 19:24:51,431] qiskit.passmanager.base_tasks - INFO - Pass: FixedPoint - 0.00167 (ms)
[2026-05-28 19:24:51,431] qiskit.passmanager.base_tasks - INFO - Pass: ContainsInstruction - 0.00262 (ms)
[2026-05-28 19:24:51,431] qiskit.compiler.transpiler - INFO - Total Transpile Time - 7.83372 (ms)
[2026-05-28 19:25:04,239] qiskit.passmanager.base_tasks - INFO - Pass: ContainsInstruction - 0.00572 (ms)
[2026-05-28 19:25:04,239] qiskit.passmanager.base_tasks - INFO - Pass: UnitarySynthesis - 0.00453 (ms)
[2026-05-28 19:25:04,239] qiskit.passmanager.base_tasks - INFO - Pass: HighLevelSynthesis - 0.00358 (ms)
[2026-05-28 19:25:04,239] qiskit.passmanager.base_tasks - INFO - Pass: BasisTranslator - 0.01407 (ms)
[2026-05-28 19:25:04,239] qiskit.passmanager.base_tasks - INFO - Pass: ElidePermutations - 0.00405 (ms)
[2026-05-28 19:25:04,239] qiskit.passmanager.base_tasks - INFO - Pass: RemoveDiagonalGatesBeforeMeasure - 0.00525 (ms)
[2026-05-28 19:25:04,239] qiskit.passmanager.base_tasks - INFO - Pass: RemoveIdentityEquivalent - 0.00620 (ms)
[2026-05-28 19:25:04,240] qiskit.passmanager.base_tasks - INFO - Pass: InverseCancellation - 0.01001 (ms)
[2026-05-28 19:25:04,240] qiskit.passmanager.base_tasks - INFO - Pass: ContractIdleWiresInControlFlow - 0.00143 (ms)
[2026-05-28 19:25:04,240] qiskit.passmanager.base_tasks - INFO - Pass: CommutativeCancellation - 0.02074 (ms)
[2026-05-28 19:25:04,240] qiskit.passmanager.base_tasks - INFO - Pass: ConsolidateBlocks - 0.05746 (ms)
[2026-05-28 19:25:04,240] qiskit.passmanager.base_tasks - INFO - Pass: Split2QUnitaries - 0.00286 (ms)
[2026-05-28 19:25:04,240] qiskit.passmanager.base_tasks - INFO - Pass: UnitarySynthesis - 0.00286 (ms)
[2026-05-28 19:25:04,240] qiskit.passmanager.base_tasks - INFO - Pass: HighLevelSynthesis - 0.00596 (ms)
[2026-05-28 19:25:04,240] qiskit.passmanager.base_tasks - INFO - Pass: BasisTranslator - 0.27943 (ms)
[2026-05-28 19:25:04,240] qiskit.passmanager.base_tasks - INFO - Pass: ConsolidateBlocks - 0.05293 (ms)
[2026-05-28 19:25:04,240] qiskit.passmanager.base_tasks - INFO - Pass: UnitarySynthesis - 0.00310 (ms)
[2026-05-28 19:25:04,240] qiskit.passmanager.base_tasks - INFO - Pass: Size - 0.00238 (ms)
[2026-05-28 19:25:04,240] qiskit.passmanager.base_tasks - INFO - Pass: Depth - 0.00644 (ms)
[2026-05-28 19:25:04,240] qiskit.passmanager.base_tasks - INFO - Pass: FixedPoint - 0.00453 (ms)
[2026-05-28 19:25:04,240] qiskit.passmanager.base_tasks - INFO - Pass: FixedPoint - 0.00215 (ms)
[2026-05-28 19:25:04,240] qiskit.passmanager.base_tasks - INFO - Pass: RemoveIdentityEquivalent - 0.00477 (ms)
[2026-05-28 19:25:04,240] qiskit.passmanager.base_tasks - INFO - Pass: Optimize1qGatesDecomposition - 0.02575 (ms)
[2026-05-28 19:25:04,240] qiskit.passmanager.base_tasks - INFO - Pass: CommutativeCancellation - 0.01860 (ms)
[2026-05-28 19:25:04,240] qiskit.passmanager.base_tasks - INFO - Pass: ContractIdleWiresInControlFlow - 0.00119 (ms)
[2026-05-28 19:25:04,240] qiskit.passmanager.base_tasks - INFO - Pass: GatesInBasis - 0.00381 (ms)
[2026-05-28 19:25:04,240] qiskit.passmanager.base_tasks - INFO - Pass: Size - 0.00119 (ms)
[2026-05-28 19:25:04,241] qiskit.passmanager.base_tasks - INFO - Pass: Depth - 0.00429 (ms)
[2026-05-28 19:25:04,241] qiskit.passmanager.base_tasks - INFO - Pass: FixedPoint - 0.00238 (ms)
[2026-05-28 19:25:04,241] qiskit.passmanager.base_tasks - INFO - Pass: FixedPoint - 0.00167 (ms)
[2026-05-28 19:25:04,241] qiskit.passmanager.base_tasks - INFO - Pass: RemoveIdentityEquivalent - 0.00238 (ms)
[2026-05-28 19:25:04,241] qiskit.passmanager.base_tasks - INFO - Pass: Optimize1qGatesDecomposition - 0.01287 (ms)
[2026-05-28 19:25:04,241] qiskit.passmanager.base_tasks - INFO - Pass: CommutativeCancellation - 0.01335 (ms)
[2026-05-28 19:25:04,241] qiskit.passmanager.base_tasks - INFO - Pass: ContractIdleWiresInControlFlow - 0.00072 (ms)
[2026-05-28 19:25:04,241] qiskit.passmanager.base_tasks - INFO - Pass: GatesInBasis - 0.00167 (ms)
[2026-05-28 19:25:04,241] qiskit.passmanager.base_tasks - INFO - Pass: Size - 0.00095 (ms)
[2026-05-28 19:25:04,241] qiskit.passmanager.base_tasks - INFO - Pass: Depth - 0.00381 (ms)
[2026-05-28 19:25:04,241] qiskit.passmanager.base_tasks - INFO - Pass: FixedPoint - 0.00143 (ms)
[2026-05-28 19:25:04,241] qiskit.passmanager.base_tasks - INFO - Pass: FixedPoint - 0.00119 (ms)
[2026-05-28 19:25:04,241] qiskit.passmanager.base_tasks - INFO - Pass: ContainsInstruction - 0.00286 (ms)
[2026-05-28 19:25:04,241] qiskit.compiler.transpiler - INFO - Total Transpile Time - 4.45628 (ms)
[2026-05-28 19:25:16,824] qiskit.passmanager.base_tasks - INFO - Pass: ContainsInstruction - 0.00739 (ms)
[2026-05-28 19:25:16,824] qiskit.passmanager.base_tasks - INFO - Pass: UnitarySynthesis - 0.00525 (ms)
[2026-05-28 19:25:16,824] qiskit.passmanager.base_tasks - INFO - Pass: HighLevelSynthesis - 0.00429 (ms)
[2026-05-28 19:25:16,824] qiskit.passmanager.base_tasks - INFO - Pass: BasisTranslator - 0.01454 (ms)
[2026-05-28 19:25:16,824] qiskit.passmanager.base_tasks - INFO - Pass: ElidePermutations - 0.00405 (ms)
[2026-05-28 19:25:16,824] qiskit.passmanager.base_tasks - INFO - Pass: RemoveDiagonalGatesBeforeMeasure - 0.00429 (ms)
[2026-05-28 19:25:16,824] qiskit.passmanager.base_tasks - INFO - Pass: RemoveIdentityEquivalent - 0.00691 (ms)
[2026-05-28 19:25:16,824] qiskit.passmanager.base_tasks - INFO - Pass: InverseCancellation - 0.00882 (ms)
[2026-05-28 19:25:16,824] qiskit.passmanager.base_tasks - INFO - Pass: ContractIdleWiresInControlFlow - 0.00143 (ms)
[2026-05-28 19:25:16,824] qiskit.passmanager.base_tasks - INFO - Pass: CommutativeCancellation - 0.02122 (ms)
[2026-05-28 19:25:16,825] qiskit.passmanager.base_tasks - INFO - Pass: ConsolidateBlocks - 0.04697 (ms)
[2026-05-28 19:25:16,825] qiskit.passmanager.base_tasks - INFO - Pass: Split2QUnitaries - 0.00238 (ms)
[2026-05-28 19:25:16,825] qiskit.passmanager.base_tasks - INFO - Pass: UnitarySynthesis - 0.00286 (ms)
[2026-05-28 19:25:16,825] qiskit.passmanager.base_tasks - INFO - Pass: HighLevelSynthesis - 0.00477 (ms)
[2026-05-28 19:25:16,825] qiskit.passmanager.base_tasks - INFO - Pass: BasisTranslator - 0.25105 (ms)
[2026-05-28 19:25:16,825] qiskit.passmanager.base_tasks - INFO - Pass: ConsolidateBlocks - 0.05746 (ms)
[2026-05-28 19:25:16,825] qiskit.passmanager.base_tasks - INFO - Pass: UnitarySynthesis - 0.00262 (ms)
[2026-05-28 19:25:16,825] qiskit.passmanager.base_tasks - INFO - Pass: Size - 0.00262 (ms)
[2026-05-28 19:25:16,825] qiskit.passmanager.base_tasks - INFO - Pass: Depth - 0.00644 (ms)
[2026-05-28 19:25:16,825] qiskit.passmanager.base_tasks - INFO - Pass: FixedPoint - 0.00501 (ms)
[2026-05-28 19:25:16,825] qiskit.passmanager.base_tasks - INFO - Pass: FixedPoint - 0.00238 (ms)
[2026-05-28 19:25:16,825] qiskit.passmanager.base_tasks - INFO - Pass: RemoveIdentityEquivalent - 0.00429 (ms)
[2026-05-28 19:25:16,825] qiskit.passmanager.base_tasks - INFO - Pass: Optimize1qGatesDecomposition - 0.02551 (ms)
[2026-05-28 19:25:16,825] qiskit.passmanager.base_tasks - INFO - Pass: CommutativeCancellation - 0.01979 (ms)
[2026-05-28 19:25:16,825] qiskit.passmanager.base_tasks - INFO - Pass: ContractIdleWiresInControlFlow - 0.00119 (ms)
[2026-05-28 19:25:16,825] qiskit.passmanager.base_tasks - INFO - Pass: GatesInBasis - 0.00334 (ms)
[2026-05-28 19:25:16,825] qiskit.passmanager.base_tasks - INFO - Pass: Size - 0.00167 (ms)
[2026-05-28 19:25:16,825] qiskit.passmanager.base_tasks - INFO - Pass: Depth - 0.00525 (ms)
[2026-05-28 19:25:16,825] qiskit.passmanager.base_tasks - INFO - Pass: FixedPoint - 0.00238 (ms)
[2026-05-28 19:25:16,825] qiskit.passmanager.base_tasks - INFO - Pass: FixedPoint - 0.00215 (ms)
[2026-05-28 19:25:16,825] qiskit.passmanager.base_tasks - INFO - Pass: RemoveIdentityEquivalent - 0.00262 (ms)
[2026-05-28 19:25:16,825] qiskit.passmanager.base_tasks - INFO - Pass: Optimize1qGatesDecomposition - 0.01335 (ms)
[2026-05-28 19:25:16,826] qiskit.passmanager.base_tasks - INFO - Pass: CommutativeCancellation - 0.01526 (ms)
[2026-05-28 19:25:16,826] qiskit.passmanager.base_tasks - INFO - Pass: ContractIdleWiresInControlFlow - 0.00095 (ms)
[2026-05-28 19:25:16,826] qiskit.passmanager.base_tasks - INFO - Pass: GatesInBasis - 0.00215 (ms)
[2026-05-28 19:25:16,826] qiskit.passmanager.base_tasks - INFO - Pass: Size - 0.00072 (ms)
[2026-05-28 19:25:16,826] qiskit.passmanager.base_tasks - INFO - Pass: Depth - 0.00381 (ms)
[2026-05-28 19:25:16,826] qiskit.passmanager.base_tasks - INFO - Pass: FixedPoint - 0.00215 (ms)
[2026-05-28 19:25:16,826] qiskit.passmanager.base_tasks - INFO - Pass: FixedPoint - 0.00191 (ms)
[2026-05-28 19:25:16,826] qiskit.passmanager.base_tasks - INFO - Pass: ContainsInstruction - 0.00262 (ms)
[2026-05-28 19:25:16,826] qiskit.compiler.transpiler - INFO - Total Transpile Time - 7.67899 (ms)
[2026-05-28 19:25:29,397] qiskit.passmanager.base_tasks - INFO - Pass: ContainsInstruction - 0.00691 (ms)
[2026-05-28 19:25:29,397] qiskit.passmanager.base_tasks - INFO - Pass: UnitarySynthesis - 0.00525 (ms)
[2026-05-28 19:25:29,398] qiskit.passmanager.base_tasks - INFO - Pass: HighLevelSynthesis - 0.00525 (ms)
[2026-05-28 19:25:29,398] qiskit.passmanager.base_tasks - INFO - Pass: BasisTranslator - 0.01526 (ms)
[2026-05-28 19:25:29,398] qiskit.passmanager.base_tasks - INFO - Pass: ElidePermutations - 0.00358 (ms)
[2026-05-28 19:25:29,398] qiskit.passmanager.base_tasks - INFO - Pass: RemoveDiagonalGatesBeforeMeasure - 0.00453 (ms)
[2026-05-28 19:25:29,398] qiskit.passmanager.base_tasks - INFO - Pass: RemoveIdentityEquivalent - 0.00691 (ms)
[2026-05-28 19:25:29,398] qiskit.passmanager.base_tasks - INFO - Pass: InverseCancellation - 0.01264 (ms)
[2026-05-28 19:25:29,398] qiskit.passmanager.base_tasks - INFO - Pass: ContractIdleWiresInControlFlow - 0.00215 (ms)
[2026-05-28 19:25:29,398] qiskit.passmanager.base_tasks - INFO - Pass: CommutativeCancellation - 0.02527 (ms)
[2026-05-28 19:25:29,398] qiskit.passmanager.base_tasks - INFO - Pass: ConsolidateBlocks - 0.04768 (ms)
[2026-05-28 19:25:29,398] qiskit.passmanager.base_tasks - INFO - Pass: Split2QUnitaries - 0.00215 (ms)
[2026-05-28 19:25:29,398] qiskit.passmanager.base_tasks - INFO - Pass: UnitarySynthesis - 0.00334 (ms)
[2026-05-28 19:25:29,398] qiskit.passmanager.base_tasks - INFO - Pass: HighLevelSynthesis - 0.00596 (ms)
[2026-05-28 19:25:29,398] qiskit.passmanager.base_tasks - INFO - Pass: BasisTranslator - 0.26965 (ms)
[2026-05-28 19:25:29,398] qiskit.passmanager.base_tasks - INFO - Pass: ConsolidateBlocks - 0.05937 (ms)
[2026-05-28 19:25:29,398] qiskit.passmanager.base_tasks - INFO - Pass: UnitarySynthesis - 0.10920 (ms)
[2026-05-28 19:25:29,398] qiskit.passmanager.base_tasks - INFO - Pass: Size - 0.00191 (ms)
[2026-05-28 19:25:29,398] qiskit.passmanager.base_tasks - INFO - Pass: Depth - 0.00620 (ms)
[2026-05-28 19:25:29,398] qiskit.passmanager.base_tasks - INFO - Pass: FixedPoint - 0.00429 (ms)
[2026-05-28 19:25:29,398] qiskit.passmanager.base_tasks - INFO - Pass: FixedPoint - 0.00191 (ms)
[2026-05-28 19:25:29,399] qiskit.passmanager.base_tasks - INFO - Pass: RemoveIdentityEquivalent - 0.00405 (ms)
[2026-05-28 19:25:29,399] qiskit.passmanager.base_tasks - INFO - Pass: Optimize1qGatesDecomposition - 0.02289 (ms)
[2026-05-28 19:25:29,399] qiskit.passmanager.base_tasks - INFO - Pass: CommutativeCancellation - 0.01621 (ms)
[2026-05-28 19:25:29,399] qiskit.passmanager.base_tasks - INFO - Pass: ContractIdleWiresInControlFlow - 0.00119 (ms)
[2026-05-28 19:25:29,399] qiskit.passmanager.base_tasks - INFO - Pass: GatesInBasis - 0.00358 (ms)
[2026-05-28 19:25:29,399] qiskit.passmanager.base_tasks - INFO - Pass: Size - 0.00143 (ms)
[2026-05-28 19:25:29,399] qiskit.passmanager.base_tasks - INFO - Pass: Depth - 0.00501 (ms)
[2026-05-28 19:25:29,399] qiskit.passmanager.base_tasks - INFO - Pass: FixedPoint - 0.00215 (ms)
[2026-05-28 19:25:29,399] qiskit.passmanager.base_tasks - INFO - Pass: FixedPoint - 0.00215 (ms)
[2026-05-28 19:25:29,399] qiskit.passmanager.base_tasks - INFO - Pass: RemoveIdentityEquivalent - 0.00310 (ms)
[2026-05-28 19:25:29,399] qiskit.passmanager.base_tasks - INFO - Pass: Optimize1qGatesDecomposition - 0.01335 (ms)
[2026-05-28 19:25:29,399] qiskit.passmanager.base_tasks - INFO - Pass: CommutativeCancellation - 0.01311 (ms)
[2026-05-28 19:25:29,399] qiskit.passmanager.base_tasks - INFO - Pass: ContractIdleWiresInControlFlow - 0.00119 (ms)
[2026-05-28 19:25:29,399] qiskit.passmanager.base_tasks - INFO - Pass: GatesInBasis - 0.00191 (ms)
[2026-05-28 19:25:29,399] qiskit.passmanager.base_tasks - INFO - Pass: Size - 0.00095 (ms)
[2026-05-28 19:25:29,399] qiskit.passmanager.base_tasks - INFO - Pass: Depth - 0.00381 (ms)
[2026-05-28 19:25:29,399] qiskit.passmanager.base_tasks - INFO - Pass: FixedPoint - 0.00191 (ms)
[2026-05-28 19:25:29,399] qiskit.passmanager.base_tasks - INFO - Pass: FixedPoint - 0.00191 (ms)
[2026-05-28 19:25:29,399] qiskit.passmanager.base_tasks - INFO - Pass: ContainsInstruction - 0.00238 (ms)
[2026-05-28 19:25:29,399] qiskit.compiler.transpiler - INFO - Total Transpile Time - 6.60300 (ms)
[2026-05-28 19:25:42,112] qiskit.passmanager.base_tasks - INFO - Pass: ContainsInstruction - 0.00978 (ms)
[2026-05-28 19:25:42,112] qiskit.passmanager.base_tasks - INFO - Pass: UnitarySynthesis - 0.00691 (ms)
[2026-05-28 19:25:42,112] qiskit.passmanager.base_tasks - INFO - Pass: HighLevelSynthesis - 0.00525 (ms)
[2026-05-28 19:25:42,112] qiskit.passmanager.base_tasks - INFO - Pass: BasisTranslator - 0.01764 (ms)
[2026-05-28 19:25:42,112] qiskit.passmanager.base_tasks - INFO - Pass: ElidePermutations - 0.00620 (ms)
[2026-05-28 19:25:42,112] qiskit.passmanager.base_tasks - INFO - Pass: RemoveDiagonalGatesBeforeMeasure - 0.00572 (ms)
[2026-05-28 19:25:42,112] qiskit.passmanager.base_tasks - INFO - Pass: RemoveIdentityEquivalent - 0.01192 (ms)
[2026-05-28 19:25:42,112] qiskit.passmanager.base_tasks - INFO - Pass: InverseCancellation - 0.01240 (ms)
[2026-05-28 19:25:42,113] qiskit.passmanager.base_tasks - INFO - Pass: ContractIdleWiresInControlFlow - 0.00143 (ms)
[2026-05-28 19:25:42,113] qiskit.passmanager.base_tasks - INFO - Pass: CommutativeCancellation - 0.02742 (ms)
[2026-05-28 19:25:42,113] qiskit.passmanager.base_tasks - INFO - Pass: ConsolidateBlocks - 0.05341 (ms)
[2026-05-28 19:25:42,113] qiskit.passmanager.base_tasks - INFO - Pass: Split2QUnitaries - 0.00215 (ms)
[2026-05-28 19:25:42,113] qiskit.passmanager.base_tasks - INFO - Pass: UnitarySynthesis - 0.00286 (ms)
[2026-05-28 19:25:42,113] qiskit.passmanager.base_tasks - INFO - Pass: HighLevelSynthesis - 0.00525 (ms)
[2026-05-28 19:25:42,113] qiskit.passmanager.base_tasks - INFO - Pass: BasisTranslator - 0.26917 (ms)
[2026-05-28 19:25:42,113] qiskit.passmanager.base_tasks - INFO - Pass: ConsolidateBlocks - 0.05388 (ms)
[2026-05-28 19:25:42,113] qiskit.passmanager.base_tasks - INFO - Pass: UnitarySynthesis - 0.00381 (ms)
[2026-05-28 19:25:42,113] qiskit.passmanager.base_tasks - INFO - Pass: Size - 0.00238 (ms)
[2026-05-28 19:25:42,113] qiskit.passmanager.base_tasks - INFO - Pass: Depth - 0.00715 (ms)
[2026-05-28 19:25:42,113] qiskit.passmanager.base_tasks - INFO - Pass: FixedPoint - 0.00548 (ms)
[2026-05-28 19:25:42,113] qiskit.passmanager.base_tasks - INFO - Pass: FixedPoint - 0.00167 (ms)
[2026-05-28 19:25:42,113] qiskit.passmanager.base_tasks - INFO - Pass: RemoveIdentityEquivalent - 0.00405 (ms)
[2026-05-28 19:25:42,113] qiskit.passmanager.base_tasks - INFO - Pass: Optimize1qGatesDecomposition - 0.02646 (ms)
[2026-05-28 19:25:42,113] qiskit.passmanager.base_tasks - INFO - Pass: CommutativeCancellation - 0.01812 (ms)
[2026-05-28 19:25:42,113] qiskit.passmanager.base_tasks - INFO - Pass: ContractIdleWiresInControlFlow - 0.00119 (ms)
[2026-05-28 19:25:42,113] qiskit.passmanager.base_tasks - INFO - Pass: GatesInBasis - 0.00358 (ms)
[2026-05-28 19:25:42,113] qiskit.passmanager.base_tasks - INFO - Pass: Size - 0.00167 (ms)
[2026-05-28 19:25:42,113] qiskit.passmanager.base_tasks - INFO - Pass: Depth - 0.00453 (ms)
[2026-05-28 19:25:42,113] qiskit.passmanager.base_tasks - INFO - Pass: FixedPoint - 0.00215 (ms)
[2026-05-28 19:25:42,113] qiskit.passmanager.base_tasks - INFO - Pass: FixedPoint - 0.00119 (ms)
[2026-05-28 19:25:42,113] qiskit.passmanager.base_tasks - INFO - Pass: RemoveIdentityEquivalent - 0.00238 (ms)
[2026-05-28 19:25:42,113] qiskit.passmanager.base_tasks - INFO - Pass: Optimize1qGatesDecomposition - 0.01216 (ms)
[2026-05-28 19:25:42,114] qiskit.passmanager.base_tasks - INFO - Pass: CommutativeCancellation - 0.01216 (ms)
[2026-05-28 19:25:42,114] qiskit.passmanager.base_tasks - INFO - Pass: ContractIdleWiresInControlFlow - 0.00119 (ms)
[2026-05-28 19:25:42,114] qiskit.passmanager.base_tasks - INFO - Pass: GatesInBasis - 0.00167 (ms)
[2026-05-28 19:25:42,114] qiskit.passmanager.base_tasks - INFO - Pass: Size - 0.00072 (ms)
[2026-05-28 19:25:42,114] qiskit.passmanager.base_tasks - INFO - Pass: Depth - 0.00358 (ms)
[2026-05-28 19:25:42,114] qiskit.passmanager.base_tasks - INFO - Pass: FixedPoint - 0.00167 (ms)
[2026-05-28 19:25:42,114] qiskit.passmanager.base_tasks - INFO - Pass: FixedPoint - 0.00191 (ms)
[2026-05-28 19:25:42,114] qiskit.passmanager.base_tasks - INFO - Pass: ContainsInstruction - 0.00262 (ms)
[2026-05-28 19:25:42,114] qiskit.compiler.transpiler - INFO - Total Transpile Time - 4.89306 (ms)
[2026-05-28 19:25:54,629] qiskit.passmanager.base_tasks - INFO - Pass: ContainsInstruction - 0.00572 (ms)
[2026-05-28 19:25:54,629] qiskit.passmanager.base_tasks - INFO - Pass: UnitarySynthesis - 0.00405 (ms)
[2026-05-28 19:25:54,629] qiskit.passmanager.base_tasks - INFO - Pass: HighLevelSynthesis - 0.00381 (ms)
[2026-05-28 19:25:54,629] qiskit.passmanager.base_tasks - INFO - Pass: BasisTranslator - 0.01335 (ms)
[2026-05-28 19:25:54,629] qiskit.passmanager.base_tasks - INFO - Pass: ElidePermutations - 0.00405 (ms)
[2026-05-28 19:25:54,629] qiskit.passmanager.base_tasks - INFO - Pass: RemoveDiagonalGatesBeforeMeasure - 0.00453 (ms)
[2026-05-28 19:25:54,629] qiskit.passmanager.base_tasks - INFO - Pass: RemoveIdentityEquivalent - 0.00691 (ms)
[2026-05-28 19:25:54,629] qiskit.passmanager.base_tasks - INFO - Pass: InverseCancellation - 0.01073 (ms)
[2026-05-28 19:25:54,629] qiskit.passmanager.base_tasks - INFO - Pass: ContractIdleWiresInControlFlow - 0.00143 (ms)
[2026-05-28 19:25:54,629] qiskit.passmanager.base_tasks - INFO - Pass: CommutativeCancellation - 0.02074 (ms)
[2026-05-28 19:25:54,629] qiskit.passmanager.base_tasks - INFO - Pass: ConsolidateBlocks - 0.04172 (ms)
[2026-05-28 19:25:54,629] qiskit.passmanager.base_tasks - INFO - Pass: Split2QUnitaries - 0.00191 (ms)
[2026-05-28 19:25:54,629] qiskit.passmanager.base_tasks - INFO - Pass: UnitarySynthesis - 0.00262 (ms)
[2026-05-28 19:25:54,629] qiskit.passmanager.base_tasks - INFO - Pass: HighLevelSynthesis - 0.00477 (ms)
[2026-05-28 19:25:54,629] qiskit.passmanager.base_tasks - INFO - Pass: BasisTranslator - 0.25463 (ms)
[2026-05-28 19:25:54,630] qiskit.passmanager.base_tasks - INFO - Pass: ConsolidateBlocks - 0.04959 (ms)
[2026-05-28 19:25:54,630] qiskit.passmanager.base_tasks - INFO - Pass: UnitarySynthesis - 0.00262 (ms)
[2026-05-28 19:25:54,630] qiskit.passmanager.base_tasks - INFO - Pass: Size - 0.00238 (ms)
[2026-05-28 19:25:54,630] qiskit.passmanager.base_tasks - INFO - Pass: Depth - 0.00572 (ms)
[2026-05-28 19:25:54,630] qiskit.passmanager.base_tasks - INFO - Pass: FixedPoint - 0.00405 (ms)
[2026-05-28 19:25:54,630] qiskit.passmanager.base_tasks - INFO - Pass: FixedPoint - 0.00215 (ms)
[2026-05-28 19:25:54,630] qiskit.passmanager.base_tasks - INFO - Pass: RemoveIdentityEquivalent - 0.00381 (ms)
[2026-05-28 19:25:54,630] qiskit.passmanager.base_tasks - INFO - Pass: Optimize1qGatesDecomposition - 0.02575 (ms)
[2026-05-28 19:25:54,630] qiskit.passmanager.base_tasks - INFO - Pass: CommutativeCancellation - 0.01597 (ms)
[2026-05-28 19:25:54,630] qiskit.passmanager.base_tasks - INFO - Pass: ContractIdleWiresInControlFlow - 0.00119 (ms)
[2026-05-28 19:25:54,630] qiskit.passmanager.base_tasks - INFO - Pass: GatesInBasis - 0.00334 (ms)
[2026-05-28 19:25:54,630] qiskit.passmanager.base_tasks - INFO - Pass: Size - 0.00143 (ms)
[2026-05-28 19:25:54,630] qiskit.passmanager.base_tasks - INFO - Pass: Depth - 0.00405 (ms)
[2026-05-28 19:25:54,630] qiskit.passmanager.base_tasks - INFO - Pass: FixedPoint - 0.00238 (ms)
[2026-05-28 19:25:54,630] qiskit.passmanager.base_tasks - INFO - Pass: FixedPoint - 0.00143 (ms)
[2026-05-28 19:25:54,630] qiskit.passmanager.base_tasks - INFO - Pass: RemoveIdentityEquivalent - 0.00262 (ms)
[2026-05-28 19:25:54,630] qiskit.passmanager.base_tasks - INFO - Pass: Optimize1qGatesDecomposition - 0.01264 (ms)
[2026-05-28 19:25:54,630] qiskit.passmanager.base_tasks - INFO - Pass: CommutativeCancellation - 0.01359 (ms)
[2026-05-28 19:25:54,630] qiskit.passmanager.base_tasks - INFO - Pass: ContractIdleWiresInControlFlow - 0.00095 (ms)
[2026-05-28 19:25:54,630] qiskit.passmanager.base_tasks - INFO - Pass: GatesInBasis - 0.00215 (ms)
[2026-05-28 19:25:54,630] qiskit.passmanager.base_tasks - INFO - Pass: Size - 0.00119 (ms)
[2026-05-28 19:25:54,630] qiskit.passmanager.base_tasks - INFO - Pass: Depth - 0.00405 (ms)
[2026-05-28 19:25:54,630] qiskit.passmanager.base_tasks - INFO - Pass: FixedPoint - 0.00215 (ms)
[2026-05-28 19:25:54,630] qiskit.passmanager.base_tasks - INFO - Pass: FixedPoint - 0.00191 (ms)
[2026-05-28 19:25:54,630] qiskit.passmanager.base_tasks - INFO - Pass: ContainsInstruction - 0.00238 (ms)
[2026-05-28 19:25:54,630] qiskit.compiler.transpiler - INFO - Total Transpile Time - 4.98319 (ms)
[2026-05-28 19:26:05,732] qiskit.passmanager.base_tasks - INFO - Pass: ContainsInstruction - 0.00501 (ms)
[2026-05-28 19:26:05,732] qiskit.passmanager.base_tasks - INFO - Pass: UnitarySynthesis - 0.00429 (ms)
[2026-05-28 19:26:05,732] qiskit.passmanager.base_tasks - INFO - Pass: HighLevelSynthesis - 0.00381 (ms)
[2026-05-28 19:26:05,732] qiskit.passmanager.base_tasks - INFO - Pass: BasisTranslator - 0.01216 (ms)
[2026-05-28 19:26:05,732] qiskit.passmanager.base_tasks - INFO - Pass: ElidePermutations - 0.00381 (ms)
[2026-05-28 19:26:05,732] qiskit.passmanager.base_tasks - INFO - Pass: RemoveDiagonalGatesBeforeMeasure - 0.00501 (ms)
[2026-05-28 19:26:05,732] qiskit.passmanager.base_tasks - INFO - Pass: RemoveIdentityEquivalent - 0.00572 (ms)
[2026-05-28 19:26:05,732] qiskit.passmanager.base_tasks - INFO - Pass: InverseCancellation - 0.01025 (ms)
[2026-05-28 19:26:05,732] qiskit.passmanager.base_tasks - INFO - Pass: ContractIdleWiresInControlFlow - 0.00453 (ms)
[2026-05-28 19:26:05,732] qiskit.passmanager.base_tasks - INFO - Pass: CommutativeCancellation - 0.02503 (ms)
[2026-05-28 19:26:05,732] qiskit.passmanager.base_tasks - INFO - Pass: ConsolidateBlocks - 0.04888 (ms)
[2026-05-28 19:26:05,732] qiskit.passmanager.base_tasks - INFO - Pass: Split2QUnitaries - 0.00238 (ms)
[2026-05-28 19:26:05,733] qiskit.passmanager.base_tasks - INFO - Pass: UnitarySynthesis - 0.00453 (ms)
[2026-05-28 19:26:05,733] qiskit.passmanager.base_tasks - INFO - Pass: HighLevelSynthesis - 0.00572 (ms)
[2026-05-28 19:26:05,733] qiskit.passmanager.base_tasks - INFO - Pass: BasisTranslator - 0.24843 (ms)
[2026-05-28 19:26:05,733] qiskit.passmanager.base_tasks - INFO - Pass: ConsolidateBlocks - 0.04745 (ms)
[2026-05-28 19:26:05,733] qiskit.passmanager.base_tasks - INFO - Pass: UnitarySynthesis - 0.00262 (ms)
[2026-05-28 19:26:05,733] qiskit.passmanager.base_tasks - INFO - Pass: Size - 0.00286 (ms)
[2026-05-28 19:26:05,733] qiskit.passmanager.base_tasks - INFO - Pass: Depth - 0.00668 (ms)
[2026-05-28 19:26:05,733] qiskit.passmanager.base_tasks - INFO - Pass: FixedPoint - 0.00453 (ms)
[2026-05-28 19:26:05,733] qiskit.passmanager.base_tasks - INFO - Pass: FixedPoint - 0.00167 (ms)
[2026-05-28 19:26:05,733] qiskit.passmanager.base_tasks - INFO - Pass: RemoveIdentityEquivalent - 0.00453 (ms)
[2026-05-28 19:26:05,733] qiskit.passmanager.base_tasks - INFO - Pass: Optimize1qGatesDecomposition - 0.02503 (ms)
[2026-05-28 19:26:05,733] qiskit.passmanager.base_tasks - INFO - Pass: CommutativeCancellation - 0.01669 (ms)
[2026-05-28 19:26:05,733] qiskit.passmanager.base_tasks - INFO - Pass: ContractIdleWiresInControlFlow - 0.00119 (ms)
[2026-05-28 19:26:05,733] qiskit.passmanager.base_tasks - INFO - Pass: GatesInBasis - 0.00286 (ms)
[2026-05-28 19:26:05,733] qiskit.passmanager.base_tasks - INFO - Pass: Size - 0.00167 (ms)
[2026-05-28 19:26:05,733] qiskit.passmanager.base_tasks - INFO - Pass: Depth - 0.00429 (ms)
[2026-05-28 19:26:05,733] qiskit.passmanager.base_tasks - INFO - Pass: FixedPoint - 0.00262 (ms)
[2026-05-28 19:26:05,733] qiskit.passmanager.base_tasks - INFO - Pass: FixedPoint - 0.00167 (ms)
[2026-05-28 19:26:05,733] qiskit.passmanager.base_tasks - INFO - Pass: RemoveIdentityEquivalent - 0.00238 (ms)
[2026-05-28 19:26:05,733] qiskit.passmanager.base_tasks - INFO - Pass: Optimize1qGatesDecomposition - 0.01264 (ms)
[2026-05-28 19:26:05,733] qiskit.passmanager.base_tasks - INFO - Pass: CommutativeCancellation - 0.01287 (ms)
[2026-05-28 19:26:05,733] qiskit.passmanager.base_tasks - INFO - Pass: ContractIdleWiresInControlFlow - 0.00095 (ms)
[2026-05-28 19:26:05,733] qiskit.passmanager.base_tasks - INFO - Pass: GatesInBasis - 0.00167 (ms)
[2026-05-28 19:26:05,733] qiskit.passmanager.base_tasks - INFO - Pass: Size - 0.00119 (ms)
[2026-05-28 19:26:05,733] qiskit.passmanager.base_tasks - INFO - Pass: Depth - 0.00358 (ms)
[2026-05-28 19:26:05,733] qiskit.passmanager.base_tasks - INFO - Pass: FixedPoint - 0.00143 (ms)
[2026-05-28 19:26:05,733] qiskit.passmanager.base_tasks - INFO - Pass: FixedPoint - 0.00167 (ms)
[2026-05-28 19:26:05,733] qiskit.passmanager.base_tasks - INFO - Pass: ContainsInstruction - 0.00262 (ms)
[2026-05-28 19:26:05,734] qiskit.compiler.transpiler - INFO - Total Transpile Time - 5.25665 (ms)
[2026-05-28 19:26:18,503] qiskit.passmanager.base_tasks - INFO - Pass: ContainsInstruction - 0.00668 (ms)
[2026-05-28 19:26:18,503] qiskit.passmanager.base_tasks - INFO - Pass: UnitarySynthesis - 0.00405 (ms)
[2026-05-28 19:26:18,503] qiskit.passmanager.base_tasks - INFO - Pass: HighLevelSynthesis - 0.00548 (ms)
[2026-05-28 19:26:18,503] qiskit.passmanager.base_tasks - INFO - Pass: BasisTranslator - 0.01240 (ms)
[2026-05-28 19:26:18,503] qiskit.passmanager.base_tasks - INFO - Pass: ElidePermutations - 0.00525 (ms)
[2026-05-28 19:26:18,503] qiskit.passmanager.base_tasks - INFO - Pass: RemoveDiagonalGatesBeforeMeasure - 0.00453 (ms)
[2026-05-28 19:26:18,503] qiskit.passmanager.base_tasks - INFO - Pass: RemoveIdentityEquivalent - 0.00715 (ms)
[2026-05-28 19:26:18,503] qiskit.passmanager.base_tasks - INFO - Pass: InverseCancellation - 0.00739 (ms)
[2026-05-28 19:26:18,503] qiskit.passmanager.base_tasks - INFO - Pass: ContractIdleWiresInControlFlow - 0.00095 (ms)
[2026-05-28 19:26:18,503] qiskit.passmanager.base_tasks - INFO - Pass: CommutativeCancellation - 0.01860 (ms)
[2026-05-28 19:26:18,503] qiskit.passmanager.base_tasks - INFO - Pass: ConsolidateBlocks - 0.04029 (ms)
[2026-05-28 19:26:18,503] qiskit.passmanager.base_tasks - INFO - Pass: Split2QUnitaries - 0.00167 (ms)
[2026-05-28 19:26:18,503] qiskit.passmanager.base_tasks - INFO - Pass: UnitarySynthesis - 0.00238 (ms)
[2026-05-28 19:26:18,503] qiskit.passmanager.base_tasks - INFO - Pass: HighLevelSynthesis - 0.00405 (ms)
[2026-05-28 19:26:18,503] qiskit.passmanager.base_tasks - INFO - Pass: BasisTranslator - 0.27585 (ms)
[2026-05-28 19:26:18,503] qiskit.passmanager.base_tasks - INFO - Pass: ConsolidateBlocks - 0.05126 (ms)
[2026-05-28 19:26:18,503] qiskit.passmanager.base_tasks - INFO - Pass: UnitarySynthesis - 0.00310 (ms)
[2026-05-28 19:26:18,504] qiskit.passmanager.base_tasks - INFO - Pass: Size - 0.00238 (ms)
[2026-05-28 19:26:18,504] qiskit.passmanager.base_tasks - INFO - Pass: Depth - 0.00620 (ms)
[2026-05-28 19:26:18,504] qiskit.passmanager.base_tasks - INFO - Pass: FixedPoint - 0.00429 (ms)
[2026-05-28 19:26:18,504] qiskit.passmanager.base_tasks - INFO - Pass: FixedPoint - 0.00191 (ms)
[2026-05-28 19:26:18,504] qiskit.passmanager.base_tasks - INFO - Pass: RemoveIdentityEquivalent - 0.00381 (ms)
[2026-05-28 19:26:18,504] qiskit.passmanager.base_tasks - INFO - Pass: Optimize1qGatesDecomposition - 0.02360 (ms)
[2026-05-28 19:26:18,504] qiskit.passmanager.base_tasks - INFO - Pass: CommutativeCancellation - 0.01788 (ms)
[2026-05-28 19:26:18,504] qiskit.passmanager.base_tasks - INFO - Pass: ContractIdleWiresInControlFlow - 0.00167 (ms)
[2026-05-28 19:26:18,504] qiskit.passmanager.base_tasks - INFO - Pass: GatesInBasis - 0.00358 (ms)
[2026-05-28 19:26:18,504] qiskit.passmanager.base_tasks - INFO - Pass: Size - 0.00143 (ms)
[2026-05-28 19:26:18,504] qiskit.passmanager.base_tasks - INFO - Pass: Depth - 0.00453 (ms)
[2026-05-28 19:26:18,504] qiskit.passmanager.base_tasks - INFO - Pass: FixedPoint - 0.00191 (ms)
[2026-05-28 19:26:18,504] qiskit.passmanager.base_tasks - INFO - Pass: FixedPoint - 0.00191 (ms)
[2026-05-28 19:26:18,504] qiskit.passmanager.base_tasks - INFO - Pass: RemoveIdentityEquivalent - 0.00215 (ms)
[2026-05-28 19:26:18,504] qiskit.passmanager.base_tasks - INFO - Pass: Optimize1qGatesDecomposition - 0.01383 (ms)
[2026-05-28 19:26:18,504] qiskit.passmanager.base_tasks - INFO - Pass: CommutativeCancellation - 0.01383 (ms)
[2026-05-28 19:26:18,504] qiskit.passmanager.base_tasks - INFO - Pass: ContractIdleWiresInControlFlow - 0.00262 (ms)
[2026-05-28 19:26:18,504] qiskit.passmanager.base_tasks - INFO - Pass: GatesInBasis - 0.00167 (ms)
[2026-05-28 19:26:18,504] qiskit.passmanager.base_tasks - INFO - Pass: Size - 0.00095 (ms)
[2026-05-28 19:26:18,504] qiskit.passmanager.base_tasks - INFO - Pass: Depth - 0.00429 (ms)
[2026-05-28 19:26:18,504] qiskit.passmanager.base_tasks - INFO - Pass: FixedPoint - 0.00238 (ms)
[2026-05-28 19:26:18,504] qiskit.passmanager.base_tasks - INFO - Pass: FixedPoint - 0.00167 (ms)
[2026-05-28 19:26:18,504] qiskit.passmanager.base_tasks - INFO - Pass: ContainsInstruction - 0.00262 (ms)
[2026-05-28 19:26:18,504] qiskit.compiler.transpiler - INFO - Total Transpile Time - 5.29456 (ms)
[2026-05-28 19:26:31,102] qiskit.passmanager.base_tasks - INFO - Pass: ContainsInstruction - 0.01454 (ms)
[2026-05-28 19:26:31,102] qiskit.passmanager.base_tasks - INFO - Pass: UnitarySynthesis - 0.00477 (ms)
[2026-05-28 19:26:31,102] qiskit.passmanager.base_tasks - INFO - Pass: HighLevelSynthesis - 0.00477 (ms)
[2026-05-28 19:26:31,102] qiskit.passmanager.base_tasks - INFO - Pass: BasisTranslator - 0.01383 (ms)
[2026-05-28 19:26:31,102] qiskit.passmanager.base_tasks - INFO - Pass: ElidePermutations - 0.00429 (ms)
[2026-05-28 19:26:31,102] qiskit.passmanager.base_tasks - INFO - Pass: RemoveDiagonalGatesBeforeMeasure - 0.00477 (ms)
[2026-05-28 19:26:31,102] qiskit.passmanager.base_tasks - INFO - Pass: RemoveIdentityEquivalent - 0.00668 (ms)
[2026-05-28 19:26:31,102] qiskit.passmanager.base_tasks - INFO - Pass: InverseCancellation - 0.01144 (ms)
[2026-05-28 19:26:31,102] qiskit.passmanager.base_tasks - INFO - Pass: ContractIdleWiresInControlFlow - 0.00167 (ms)
[2026-05-28 19:26:31,102] qiskit.passmanager.base_tasks - INFO - Pass: CommutativeCancellation - 0.02170 (ms)
[2026-05-28 19:26:31,102] qiskit.passmanager.base_tasks - INFO - Pass: ConsolidateBlocks - 0.04506 (ms)
[2026-05-28 19:26:31,102] qiskit.passmanager.base_tasks - INFO - Pass: Split2QUnitaries - 0.00238 (ms)
[2026-05-28 19:26:31,102] qiskit.passmanager.base_tasks - INFO - Pass: UnitarySynthesis - 0.00286 (ms)
[2026-05-28 19:26:31,102] qiskit.passmanager.base_tasks - INFO - Pass: HighLevelSynthesis - 0.00596 (ms)
[2026-05-28 19:26:31,103] qiskit.passmanager.base_tasks - INFO - Pass: BasisTranslator - 0.27633 (ms)
[2026-05-28 19:26:31,103] qiskit.passmanager.base_tasks - INFO - Pass: ConsolidateBlocks - 0.06080 (ms)
[2026-05-28 19:26:31,103] qiskit.passmanager.base_tasks - INFO - Pass: UnitarySynthesis - 0.10610 (ms)
[2026-05-28 19:26:31,103] qiskit.passmanager.base_tasks - INFO - Pass: Size - 0.00310 (ms)
[2026-05-28 19:26:31,103] qiskit.passmanager.base_tasks - INFO - Pass: Depth - 0.00691 (ms)
[2026-05-28 19:26:31,103] qiskit.passmanager.base_tasks - INFO - Pass: FixedPoint - 0.00405 (ms)
[2026-05-28 19:26:31,103] qiskit.passmanager.base_tasks - INFO - Pass: FixedPoint - 0.00215 (ms)
[2026-05-28 19:26:31,103] qiskit.passmanager.base_tasks - INFO - Pass: RemoveIdentityEquivalent - 0.00525 (ms)
[2026-05-28 19:26:31,103] qiskit.passmanager.base_tasks - INFO - Pass: Optimize1qGatesDecomposition - 0.02503 (ms)
[2026-05-28 19:26:31,103] qiskit.passmanager.base_tasks - INFO - Pass: CommutativeCancellation - 0.01860 (ms)
[2026-05-28 19:26:31,103] qiskit.passmanager.base_tasks - INFO - Pass: ContractIdleWiresInControlFlow - 0.00143 (ms)
[2026-05-28 19:26:31,103] qiskit.passmanager.base_tasks - INFO - Pass: GatesInBasis - 0.00334 (ms)
[2026-05-28 19:26:31,103] qiskit.passmanager.base_tasks - INFO - Pass: Size - 0.00191 (ms)
[2026-05-28 19:26:31,103] qiskit.passmanager.base_tasks - INFO - Pass: Depth - 0.00501 (ms)
[2026-05-28 19:26:31,103] qiskit.passmanager.base_tasks - INFO - Pass: FixedPoint - 0.00215 (ms)
[2026-05-28 19:26:31,103] qiskit.passmanager.base_tasks - INFO - Pass: FixedPoint - 0.00143 (ms)
[2026-05-28 19:26:31,103] qiskit.passmanager.base_tasks - INFO - Pass: RemoveIdentityEquivalent - 0.00286 (ms)
[2026-05-28 19:26:31,103] qiskit.passmanager.base_tasks - INFO - Pass: Optimize1qGatesDecomposition - 0.01335 (ms)
[2026-05-28 19:26:31,103] qiskit.passmanager.base_tasks - INFO - Pass: CommutativeCancellation - 0.01383 (ms)
[2026-05-28 19:26:31,103] qiskit.passmanager.base_tasks - INFO - Pass: ContractIdleWiresInControlFlow - 0.00119 (ms)
[2026-05-28 19:26:31,103] qiskit.passmanager.base_tasks - INFO - Pass: GatesInBasis - 0.00262 (ms)
[2026-05-28 19:26:31,103] qiskit.passmanager.base_tasks - INFO - Pass: Size - 0.00119 (ms)
[2026-05-28 19:26:31,103] qiskit.passmanager.base_tasks - INFO - Pass: Depth - 0.00358 (ms)
[2026-05-28 19:26:31,103] qiskit.passmanager.base_tasks - INFO - Pass: FixedPoint - 0.00215 (ms)
[2026-05-28 19:26:31,103] qiskit.passmanager.base_tasks - INFO - Pass: FixedPoint - 0.00191 (ms)
[2026-05-28 19:26:31,103] qiskit.passmanager.base_tasks - INFO - Pass: ContainsInstruction - 0.00262 (ms)
[2026-05-28 19:26:31,104] qiskit.compiler.transpiler - INFO - Total Transpile Time - 4.59719 (ms)
[2026-05-28 19:26:42,024] qiskit.passmanager.base_tasks - INFO - Pass: ContainsInstruction - 0.00858 (ms)
[2026-05-28 19:26:42,024] qiskit.passmanager.base_tasks - INFO - Pass: UnitarySynthesis - 0.00572 (ms)
[2026-05-28 19:26:42,024] qiskit.passmanager.base_tasks - INFO - Pass: HighLevelSynthesis - 0.00453 (ms)
[2026-05-28 19:26:42,024] qiskit.passmanager.base_tasks - INFO - Pass: BasisTranslator - 0.01597 (ms)
[2026-05-28 19:26:42,024] qiskit.passmanager.base_tasks - INFO - Pass: ElidePermutations - 0.00453 (ms)
[2026-05-28 19:26:42,024] qiskit.passmanager.base_tasks - INFO - Pass: RemoveDiagonalGatesBeforeMeasure - 0.00620 (ms)
[2026-05-28 19:26:42,024] qiskit.passmanager.base_tasks - INFO - Pass: RemoveIdentityEquivalent - 0.00834 (ms)
[2026-05-28 19:26:42,024] qiskit.passmanager.base_tasks - INFO - Pass: InverseCancellation - 0.01287 (ms)
[2026-05-28 19:26:42,024] qiskit.passmanager.base_tasks - INFO - Pass: ContractIdleWiresInControlFlow - 0.00191 (ms)
[2026-05-28 19:26:42,024] qiskit.passmanager.base_tasks - INFO - Pass: CommutativeCancellation - 0.03147 (ms)
[2026-05-28 19:26:42,024] qiskit.passmanager.base_tasks - INFO - Pass: ConsolidateBlocks - 0.05245 (ms)
[2026-05-28 19:26:42,024] qiskit.passmanager.base_tasks - INFO - Pass: Split2QUnitaries - 0.00167 (ms)
[2026-05-28 19:26:42,024] qiskit.passmanager.base_tasks - INFO - Pass: UnitarySynthesis - 0.00358 (ms)
[2026-05-28 19:26:42,025] qiskit.passmanager.base_tasks - INFO - Pass: HighLevelSynthesis - 0.00572 (ms)
[2026-05-28 19:26:42,025] qiskit.passmanager.base_tasks - INFO - Pass: BasisTranslator - 0.34142 (ms)
[2026-05-28 19:26:42,025] qiskit.passmanager.base_tasks - INFO - Pass: ConsolidateBlocks - 0.08464 (ms)
[2026-05-28 19:26:42,025] qiskit.passmanager.base_tasks - INFO - Pass: UnitarySynthesis - 0.00358 (ms)
[2026-05-28 19:26:42,025] qiskit.passmanager.base_tasks - INFO - Pass: Size - 0.00215 (ms)
[2026-05-28 19:26:42,025] qiskit.passmanager.base_tasks - INFO - Pass: Depth - 0.00763 (ms)
[2026-05-28 19:26:42,025] qiskit.passmanager.base_tasks - INFO - Pass: FixedPoint - 0.00477 (ms)
[2026-05-28 19:26:42,025] qiskit.passmanager.base_tasks - INFO - Pass: FixedPoint - 0.00191 (ms)
[2026-05-28 19:26:42,025] qiskit.passmanager.base_tasks - INFO - Pass: RemoveIdentityEquivalent - 0.00525 (ms)
[2026-05-28 19:26:42,025] qiskit.passmanager.base_tasks - INFO - Pass: Optimize1qGatesDecomposition - 0.03076 (ms)
[2026-05-28 19:26:42,025] qiskit.passmanager.base_tasks - INFO - Pass: CommutativeCancellation - 0.02360 (ms)
[2026-05-28 19:26:42,025] qiskit.passmanager.base_tasks - INFO - Pass: ContractIdleWiresInControlFlow - 0.00167 (ms)
[2026-05-28 19:26:42,025] qiskit.passmanager.base_tasks - INFO - Pass: GatesInBasis - 0.00381 (ms)
[2026-05-28 19:26:42,025] qiskit.passmanager.base_tasks - INFO - Pass: Size - 0.00143 (ms)
[2026-05-28 19:26:42,025] qiskit.passmanager.base_tasks - INFO - Pass: Depth - 0.00525 (ms)
[2026-05-28 19:26:42,025] qiskit.passmanager.base_tasks - INFO - Pass: FixedPoint - 0.00262 (ms)
[2026-05-28 19:26:42,025] qiskit.passmanager.base_tasks - INFO - Pass: FixedPoint - 0.00191 (ms)
[2026-05-28 19:26:42,025] qiskit.passmanager.base_tasks - INFO - Pass: RemoveIdentityEquivalent - 0.00286 (ms)
[2026-05-28 19:26:42,025] qiskit.passmanager.base_tasks - INFO - Pass: Optimize1qGatesDecomposition - 0.01550 (ms)
[2026-05-28 19:26:42,026] qiskit.passmanager.base_tasks - INFO - Pass: CommutativeCancellation - 0.01764 (ms)
[2026-05-28 19:26:42,026] qiskit.passmanager.base_tasks - INFO - Pass: ContractIdleWiresInControlFlow - 0.00119 (ms)
[2026-05-28 19:26:42,026] qiskit.passmanager.base_tasks - INFO - Pass: GatesInBasis - 0.00238 (ms)
[2026-05-28 19:26:42,026] qiskit.passmanager.base_tasks - INFO - Pass: Size - 0.00167 (ms)
[2026-05-28 19:26:42,026] qiskit.passmanager.base_tasks - INFO - Pass: Depth - 0.00453 (ms)
[2026-05-28 19:26:42,026] qiskit.passmanager.base_tasks - INFO - Pass: FixedPoint - 0.00262 (ms)
[2026-05-28 19:26:42,026] qiskit.passmanager.base_tasks - INFO - Pass: FixedPoint - 0.00215 (ms)
[2026-05-28 19:26:42,026] qiskit.passmanager.base_tasks - INFO - Pass: ContainsInstruction - 0.00310 (ms)
[2026-05-28 19:26:42,026] qiskit.compiler.transpiler - INFO - Total Transpile Time - 9.11903 (ms)
[2026-05-28 19:26:54,665] qiskit.passmanager.base_tasks - INFO - Pass: ContainsInstruction - 0.00715 (ms)
[2026-05-28 19:26:54,666] qiskit.passmanager.base_tasks - INFO - Pass: UnitarySynthesis - 0.00572 (ms)
[2026-05-28 19:26:54,666] qiskit.passmanager.base_tasks - INFO - Pass: HighLevelSynthesis - 0.00501 (ms)
[2026-05-28 19:26:54,666] qiskit.passmanager.base_tasks - INFO - Pass: BasisTranslator - 0.01717 (ms)
[2026-05-28 19:26:54,666] qiskit.passmanager.base_tasks - INFO - Pass: ElidePermutations - 0.00501 (ms)
[2026-05-28 19:26:54,666] qiskit.passmanager.base_tasks - INFO - Pass: RemoveDiagonalGatesBeforeMeasure - 0.00739 (ms)
[2026-05-28 19:26:54,666] qiskit.passmanager.base_tasks - INFO - Pass: RemoveIdentityEquivalent - 0.00811 (ms)
[2026-05-28 19:26:54,666] qiskit.passmanager.base_tasks - INFO - Pass: InverseCancellation - 0.01144 (ms)
[2026-05-28 19:26:54,666] qiskit.passmanager.base_tasks - INFO - Pass: ContractIdleWiresInControlFlow - 0.00119 (ms)
[2026-05-28 19:26:54,666] qiskit.passmanager.base_tasks - INFO - Pass: CommutativeCancellation - 0.02503 (ms)
[2026-05-28 19:26:54,666] qiskit.passmanager.base_tasks - INFO - Pass: ConsolidateBlocks - 0.05364 (ms)
[2026-05-28 19:26:54,666] qiskit.passmanager.base_tasks - INFO - Pass: Split2QUnitaries - 0.00238 (ms)
[2026-05-28 19:26:54,666] qiskit.passmanager.base_tasks - INFO - Pass: UnitarySynthesis - 0.00310 (ms)
[2026-05-28 19:26:54,666] qiskit.passmanager.base_tasks - INFO - Pass: HighLevelSynthesis - 0.00668 (ms)
[2026-05-28 19:26:54,666] qiskit.passmanager.base_tasks - INFO - Pass: BasisTranslator - 0.34761 (ms)
[2026-05-28 19:26:54,666] qiskit.passmanager.base_tasks - INFO - Pass: ConsolidateBlocks - 0.05817 (ms)
[2026-05-28 19:26:54,666] qiskit.passmanager.base_tasks - INFO - Pass: UnitarySynthesis - 0.00405 (ms)
[2026-05-28 19:26:54,666] qiskit.passmanager.base_tasks - INFO - Pass: Size - 0.00286 (ms)
[2026-05-28 19:26:54,667] qiskit.passmanager.base_tasks - INFO - Pass: Depth - 0.00691 (ms)
[2026-05-28 19:26:54,667] qiskit.passmanager.base_tasks - INFO - Pass: FixedPoint - 0.00548 (ms)
[2026-05-28 19:26:54,667] qiskit.passmanager.base_tasks - INFO - Pass: FixedPoint - 0.00191 (ms)
[2026-05-28 19:26:54,667] qiskit.passmanager.base_tasks - INFO - Pass: RemoveIdentityEquivalent - 0.00477 (ms)
[2026-05-28 19:26:54,667] qiskit.passmanager.base_tasks - INFO - Pass: Optimize1qGatesDecomposition - 0.02909 (ms)
[2026-05-28 19:26:54,667] qiskit.passmanager.base_tasks - INFO - Pass: CommutativeCancellation - 0.02027 (ms)
[2026-05-28 19:26:54,667] qiskit.passmanager.base_tasks - INFO - Pass: ContractIdleWiresInControlFlow - 0.00167 (ms)
[2026-05-28 19:26:54,667] qiskit.passmanager.base_tasks - INFO - Pass: GatesInBasis - 0.00405 (ms)
[2026-05-28 19:26:54,667] qiskit.passmanager.base_tasks - INFO - Pass: Size - 0.00119 (ms)
[2026-05-28 19:26:54,667] qiskit.passmanager.base_tasks - INFO - Pass: Depth - 0.00429 (ms)
[2026-05-28 19:26:54,667] qiskit.passmanager.base_tasks - INFO - Pass: FixedPoint - 0.00262 (ms)
[2026-05-28 19:26:54,667] qiskit.passmanager.base_tasks - INFO - Pass: FixedPoint - 0.00143 (ms)
[2026-05-28 19:26:54,667] qiskit.passmanager.base_tasks - INFO - Pass: RemoveIdentityEquivalent - 0.00215 (ms)
[2026-05-28 19:26:54,667] qiskit.passmanager.base_tasks - INFO - Pass: Optimize1qGatesDecomposition - 0.01383 (ms)
[2026-05-28 19:26:54,667] qiskit.passmanager.base_tasks - INFO - Pass: CommutativeCancellation - 0.01287 (ms)
[2026-05-28 19:26:54,667] qiskit.passmanager.base_tasks - INFO - Pass: ContractIdleWiresInControlFlow - 0.00072 (ms)
[2026-05-28 19:26:54,667] qiskit.passmanager.base_tasks - INFO - Pass: GatesInBasis - 0.00191 (ms)
[2026-05-28 19:26:54,667] qiskit.passmanager.base_tasks - INFO - Pass: Size - 0.00072 (ms)
[2026-05-28 19:26:54,667] qiskit.passmanager.base_tasks - INFO - Pass: Depth - 0.00358 (ms)
[2026-05-28 19:26:54,667] qiskit.passmanager.base_tasks - INFO - Pass: FixedPoint - 0.00143 (ms)
[2026-05-28 19:26:54,667] qiskit.passmanager.base_tasks - INFO - Pass: FixedPoint - 0.00167 (ms)
[2026-05-28 19:26:54,667] qiskit.passmanager.base_tasks - INFO - Pass: ContainsInstruction - 0.00310 (ms)
[2026-05-28 19:26:54,667] qiskit.compiler.transpiler - INFO - Total Transpile Time - 5.06616 (ms)
[2026-05-28 19:27:05,916] qiskit.passmanager.base_tasks - INFO - Pass: ContainsInstruction - 0.00763 (ms)
[2026-05-28 19:27:05,916] qiskit.passmanager.base_tasks - INFO - Pass: UnitarySynthesis - 0.00501 (ms)
[2026-05-28 19:27:05,916] qiskit.passmanager.base_tasks - INFO - Pass: HighLevelSynthesis - 0.00405 (ms)
[2026-05-28 19:27:05,916] qiskit.passmanager.base_tasks - INFO - Pass: BasisTranslator - 0.02098 (ms)
[2026-05-28 19:27:05,916] qiskit.passmanager.base_tasks - INFO - Pass: ElidePermutations - 0.00429 (ms)
[2026-05-28 19:27:05,916] qiskit.passmanager.base_tasks - INFO - Pass: RemoveDiagonalGatesBeforeMeasure - 0.00572 (ms)
[2026-05-28 19:27:05,916] qiskit.passmanager.base_tasks - INFO - Pass: RemoveIdentityEquivalent - 0.00644 (ms)
[2026-05-28 19:27:05,916] qiskit.passmanager.base_tasks - INFO - Pass: InverseCancellation - 0.00954 (ms)
[2026-05-28 19:27:05,916] qiskit.passmanager.base_tasks - INFO - Pass: ContractIdleWiresInControlFlow - 0.00119 (ms)
[2026-05-28 19:27:05,916] qiskit.passmanager.base_tasks - INFO - Pass: CommutativeCancellation - 0.02050 (ms)
[2026-05-28 19:27:05,917] qiskit.passmanager.base_tasks - INFO - Pass: ConsolidateBlocks - 0.04172 (ms)
[2026-05-28 19:27:05,917] qiskit.passmanager.base_tasks - INFO - Pass: Split2QUnitaries - 0.00167 (ms)
[2026-05-28 19:27:05,917] qiskit.passmanager.base_tasks - INFO - Pass: UnitarySynthesis - 0.00215 (ms)
[2026-05-28 19:27:05,917] qiskit.passmanager.base_tasks - INFO - Pass: HighLevelSynthesis - 0.00453 (ms)
[2026-05-28 19:27:05,917] qiskit.passmanager.base_tasks - INFO - Pass: BasisTranslator - 0.27990 (ms)
[2026-05-28 19:27:05,917] qiskit.passmanager.base_tasks - INFO - Pass: ConsolidateBlocks - 0.05603 (ms)
[2026-05-28 19:27:05,917] qiskit.passmanager.base_tasks - INFO - Pass: UnitarySynthesis - 0.00310 (ms)
[2026-05-28 19:27:05,917] qiskit.passmanager.base_tasks - INFO - Pass: Size - 0.00215 (ms)
[2026-05-28 19:27:05,917] qiskit.passmanager.base_tasks - INFO - Pass: Depth - 0.00644 (ms)
[2026-05-28 19:27:05,917] qiskit.passmanager.base_tasks - INFO - Pass: FixedPoint - 0.00501 (ms)
[2026-05-28 19:27:05,917] qiskit.passmanager.base_tasks - INFO - Pass: FixedPoint - 0.00119 (ms)
[2026-05-28 19:27:05,917] qiskit.passmanager.base_tasks - INFO - Pass: RemoveIdentityEquivalent - 0.00381 (ms)
[2026-05-28 19:27:05,917] qiskit.passmanager.base_tasks - INFO - Pass: Optimize1qGatesDecomposition - 0.02718 (ms)
[2026-05-28 19:27:05,917] qiskit.passmanager.base_tasks - INFO - Pass: CommutativeCancellation - 0.01836 (ms)
[2026-05-28 19:27:05,917] qiskit.passmanager.base_tasks - INFO - Pass: ContractIdleWiresInControlFlow - 0.00143 (ms)
[2026-05-28 19:27:05,917] qiskit.passmanager.base_tasks - INFO - Pass: GatesInBasis - 0.00358 (ms)
[2026-05-28 19:27:05,917] qiskit.passmanager.base_tasks - INFO - Pass: Size - 0.00095 (ms)
[2026-05-28 19:27:05,917] qiskit.passmanager.base_tasks - INFO - Pass: Depth - 0.00453 (ms)
[2026-05-28 19:27:05,917] qiskit.passmanager.base_tasks - INFO - Pass: FixedPoint - 0.00215 (ms)
[2026-05-28 19:27:05,917] qiskit.passmanager.base_tasks - INFO - Pass: FixedPoint - 0.00191 (ms)
[2026-05-28 19:27:05,917] qiskit.passmanager.base_tasks - INFO - Pass: RemoveIdentityEquivalent - 0.00310 (ms)
[2026-05-28 19:27:05,917] qiskit.passmanager.base_tasks - INFO - Pass: Optimize1qGatesDecomposition - 0.01431 (ms)
[2026-05-28 19:27:05,917] qiskit.passmanager.base_tasks - INFO - Pass: CommutativeCancellation - 0.01359 (ms)
[2026-05-28 19:27:05,917] qiskit.passmanager.base_tasks - INFO - Pass: ContractIdleWiresInControlFlow - 0.00072 (ms)
[2026-05-28 19:27:05,918] qiskit.passmanager.base_tasks - INFO - Pass: GatesInBasis - 0.00215 (ms)
[2026-05-28 19:27:05,918] qiskit.passmanager.base_tasks - INFO - Pass: Size - 0.00095 (ms)
[2026-05-28 19:27:05,918] qiskit.passmanager.base_tasks - INFO - Pass: Depth - 0.00334 (ms)
[2026-05-28 19:27:05,918] qiskit.passmanager.base_tasks - INFO - Pass: FixedPoint - 0.00167 (ms)
[2026-05-28 19:27:05,918] qiskit.passmanager.base_tasks - INFO - Pass: FixedPoint - 0.00119 (ms)
[2026-05-28 19:27:05,918] qiskit.passmanager.base_tasks - INFO - Pass: ContainsInstruction - 0.00215 (ms)
[2026-05-28 19:27:05,918] qiskit.compiler.transpiler - INFO - Total Transpile Time - 5.61237 (ms)
[2026-05-28 19:27:18,604] qiskit.passmanager.base_tasks - INFO - Pass: ContainsInstruction - 0.00763 (ms)
[2026-05-28 19:27:18,604] qiskit.passmanager.base_tasks - INFO - Pass: UnitarySynthesis - 0.00620 (ms)
[2026-05-28 19:27:18,604] qiskit.passmanager.base_tasks - INFO - Pass: HighLevelSynthesis - 0.00477 (ms)
[2026-05-28 19:27:18,604] qiskit.passmanager.base_tasks - INFO - Pass: BasisTranslator - 0.01717 (ms)
[2026-05-28 19:27:18,604] qiskit.passmanager.base_tasks - INFO - Pass: ElidePermutations - 0.00572 (ms)
[2026-05-28 19:27:18,604] qiskit.passmanager.base_tasks - INFO - Pass: RemoveDiagonalGatesBeforeMeasure - 0.00763 (ms)
[2026-05-28 19:27:18,604] qiskit.passmanager.base_tasks - INFO - Pass: RemoveIdentityEquivalent - 0.00954 (ms)
[2026-05-28 19:27:18,604] qiskit.passmanager.base_tasks - INFO - Pass: InverseCancellation - 0.01097 (ms)
[2026-05-28 19:27:18,604] qiskit.passmanager.base_tasks - INFO - Pass: ContractIdleWiresInControlFlow - 0.00262 (ms)
[2026-05-28 19:27:18,604] qiskit.passmanager.base_tasks - INFO - Pass: CommutativeCancellation - 0.02456 (ms)
[2026-05-28 19:27:18,604] qiskit.passmanager.base_tasks - INFO - Pass: ConsolidateBlocks - 0.06294 (ms)
[2026-05-28 19:27:18,604] qiskit.passmanager.base_tasks - INFO - Pass: Split2QUnitaries - 0.00262 (ms)
[2026-05-28 19:27:18,604] qiskit.passmanager.base_tasks - INFO - Pass: UnitarySynthesis - 0.00334 (ms)
[2026-05-28 19:27:18,604] qiskit.passmanager.base_tasks - INFO - Pass: HighLevelSynthesis - 0.00477 (ms)
[2026-05-28 19:27:18,605] qiskit.passmanager.base_tasks - INFO - Pass: BasisTranslator - 0.30327 (ms)
[2026-05-28 19:27:18,605] qiskit.passmanager.base_tasks - INFO - Pass: ConsolidateBlocks - 0.06604 (ms)
[2026-05-28 19:27:18,605] qiskit.passmanager.base_tasks - INFO - Pass: UnitarySynthesis - 0.00286 (ms)
[2026-05-28 19:27:18,605] qiskit.passmanager.base_tasks - INFO - Pass: Size - 0.00334 (ms)
[2026-05-28 19:27:18,605] qiskit.passmanager.base_tasks - INFO - Pass: Depth - 0.00906 (ms)
[2026-05-28 19:27:18,605] qiskit.passmanager.base_tasks - INFO - Pass: FixedPoint - 0.00548 (ms)
[2026-05-28 19:27:18,605] qiskit.passmanager.base_tasks - INFO - Pass: FixedPoint - 0.00191 (ms)
[2026-05-28 19:27:18,605] qiskit.passmanager.base_tasks - INFO - Pass: RemoveIdentityEquivalent - 0.00501 (ms)
[2026-05-28 19:27:18,605] qiskit.passmanager.base_tasks - INFO - Pass: Optimize1qGatesDecomposition - 0.02861 (ms)
[2026-05-28 19:27:18,605] qiskit.passmanager.base_tasks - INFO - Pass: CommutativeCancellation - 0.02241 (ms)
[2026-05-28 19:27:18,605] qiskit.passmanager.base_tasks - INFO - Pass: ContractIdleWiresInControlFlow - 0.00143 (ms)
[2026-05-28 19:27:18,605] qiskit.passmanager.base_tasks - INFO - Pass: GatesInBasis - 0.00381 (ms)
[2026-05-28 19:27:18,605] qiskit.passmanager.base_tasks - INFO - Pass: Size - 0.00143 (ms)
[2026-05-28 19:27:18,605] qiskit.passmanager.base_tasks - INFO - Pass: Depth - 0.00525 (ms)
[2026-05-28 19:27:18,605] qiskit.passmanager.base_tasks - INFO - Pass: FixedPoint - 0.00238 (ms)
[2026-05-28 19:27:18,605] qiskit.passmanager.base_tasks - INFO - Pass: FixedPoint - 0.00167 (ms)
[2026-05-28 19:27:18,605] qiskit.passmanager.base_tasks - INFO - Pass: RemoveIdentityEquivalent - 0.00286 (ms)
[2026-05-28 19:27:18,605] qiskit.passmanager.base_tasks - INFO - Pass: Optimize1qGatesDecomposition - 0.01645 (ms)
[2026-05-28 19:27:18,605] qiskit.passmanager.base_tasks - INFO - Pass: CommutativeCancellation - 0.01717 (ms)
[2026-05-28 19:27:18,605] qiskit.passmanager.base_tasks - INFO - Pass: ContractIdleWiresInControlFlow - 0.00095 (ms)
[2026-05-28 19:27:18,605] qiskit.passmanager.base_tasks - INFO - Pass: GatesInBasis - 0.00191 (ms)
[2026-05-28 19:27:18,605] qiskit.passmanager.base_tasks - INFO - Pass: Size - 0.00095 (ms)
[2026-05-28 19:27:18,605] qiskit.passmanager.base_tasks - INFO - Pass: Depth - 0.00405 (ms)
[2026-05-28 19:27:18,605] qiskit.passmanager.base_tasks - INFO - Pass: FixedPoint - 0.00191 (ms)
[2026-05-28 19:27:18,605] qiskit.passmanager.base_tasks - INFO - Pass: FixedPoint - 0.00238 (ms)
[2026-05-28 19:27:18,605] qiskit.passmanager.base_tasks - INFO - Pass: ContainsInstruction - 0.00310 (ms)
[2026-05-28 19:27:18,606] qiskit.compiler.transpiler - INFO - Total Transpile Time - 8.48603 (ms)
[2026-05-28 19:27:31,142] qiskit.passmanager.base_tasks - INFO - Pass: ContainsInstruction - 0.00668 (ms)
[2026-05-28 19:27:31,142] qiskit.passmanager.base_tasks - INFO - Pass: UnitarySynthesis - 0.00381 (ms)
[2026-05-28 19:27:31,142] qiskit.passmanager.base_tasks - INFO - Pass: HighLevelSynthesis - 0.00381 (ms)
[2026-05-28 19:27:31,142] qiskit.passmanager.base_tasks - INFO - Pass: BasisTranslator - 0.01383 (ms)
[2026-05-28 19:27:31,142] qiskit.passmanager.base_tasks - INFO - Pass: ElidePermutations - 0.00453 (ms)
[2026-05-28 19:27:31,142] qiskit.passmanager.base_tasks - INFO - Pass: RemoveDiagonalGatesBeforeMeasure - 0.00525 (ms)
[2026-05-28 19:27:31,142] qiskit.passmanager.base_tasks - INFO - Pass: RemoveIdentityEquivalent - 0.01454 (ms)
[2026-05-28 19:27:31,142] qiskit.passmanager.base_tasks - INFO - Pass: InverseCancellation - 0.01192 (ms)
[2026-05-28 19:27:31,142] qiskit.passmanager.base_tasks - INFO - Pass: ContractIdleWiresInControlFlow - 0.00191 (ms)
[2026-05-28 19:27:31,142] qiskit.passmanager.base_tasks - INFO - Pass: CommutativeCancellation - 0.02289 (ms)
[2026-05-28 19:27:31,142] qiskit.passmanager.base_tasks - INFO - Pass: ConsolidateBlocks - 0.04315 (ms)
[2026-05-28 19:27:31,142] qiskit.passmanager.base_tasks - INFO - Pass: Split2QUnitaries - 0.00167 (ms)
[2026-05-28 19:27:31,142] qiskit.passmanager.base_tasks - INFO - Pass: UnitarySynthesis - 0.00262 (ms)
[2026-05-28 19:27:31,142] qiskit.passmanager.base_tasks - INFO - Pass: HighLevelSynthesis - 0.00453 (ms)
[2026-05-28 19:27:31,143] qiskit.passmanager.base_tasks - INFO - Pass: BasisTranslator - 0.26393 (ms)
[2026-05-28 19:27:31,143] qiskit.passmanager.base_tasks - INFO - Pass: ConsolidateBlocks - 0.05746 (ms)
[2026-05-28 19:27:31,143] qiskit.passmanager.base_tasks - INFO - Pass: UnitarySynthesis - 0.10657 (ms)
[2026-05-28 19:27:31,143] qiskit.passmanager.base_tasks - INFO - Pass: Size - 0.00262 (ms)
[2026-05-28 19:27:31,143] qiskit.passmanager.base_tasks - INFO - Pass: Depth - 0.00668 (ms)
[2026-05-28 19:27:31,143] qiskit.passmanager.base_tasks - INFO - Pass: FixedPoint - 0.00429 (ms)
[2026-05-28 19:27:31,143] qiskit.passmanager.base_tasks - INFO - Pass: FixedPoint - 0.00215 (ms)
[2026-05-28 19:27:31,143] qiskit.passmanager.base_tasks - INFO - Pass: RemoveIdentityEquivalent - 0.00501 (ms)
[2026-05-28 19:27:31,143] qiskit.passmanager.base_tasks - INFO - Pass: Optimize1qGatesDecomposition - 0.02551 (ms)
[2026-05-28 19:27:31,143] qiskit.passmanager.base_tasks - INFO - Pass: CommutativeCancellation - 0.01669 (ms)
[2026-05-28 19:27:31,143] qiskit.passmanager.base_tasks - INFO - Pass: ContractIdleWiresInControlFlow - 0.00119 (ms)
[2026-05-28 19:27:31,143] qiskit.passmanager.base_tasks - INFO - Pass: GatesInBasis - 0.00358 (ms)
[2026-05-28 19:27:31,143] qiskit.passmanager.base_tasks - INFO - Pass: Size - 0.00095 (ms)
[2026-05-28 19:27:31,143] qiskit.passmanager.base_tasks - INFO - Pass: Depth - 0.00501 (ms)
[2026-05-28 19:27:31,143] qiskit.passmanager.base_tasks - INFO - Pass: FixedPoint - 0.00238 (ms)
[2026-05-28 19:27:31,143] qiskit.passmanager.base_tasks - INFO - Pass: FixedPoint - 0.00215 (ms)
[2026-05-28 19:27:31,143] qiskit.passmanager.base_tasks - INFO - Pass: RemoveIdentityEquivalent - 0.00238 (ms)
[2026-05-28 19:27:31,143] qiskit.passmanager.base_tasks - INFO - Pass: Optimize1qGatesDecomposition - 0.01383 (ms)
[2026-05-28 19:27:31,143] qiskit.passmanager.base_tasks - INFO - Pass: CommutativeCancellation - 0.01383 (ms)
[2026-05-28 19:27:31,143] qiskit.passmanager.base_tasks - INFO - Pass: ContractIdleWiresInControlFlow - 0.00119 (ms)
[2026-05-28 19:27:31,143] qiskit.passmanager.base_tasks - INFO - Pass: GatesInBasis - 0.00191 (ms)
[2026-05-28 19:27:31,143] qiskit.passmanager.base_tasks - INFO - Pass: Size - 0.00119 (ms)
[2026-05-28 19:27:31,143] qiskit.passmanager.base_tasks - INFO - Pass: Depth - 0.00381 (ms)
[2026-05-28 19:27:31,143] qiskit.passmanager.base_tasks - INFO - Pass: FixedPoint - 0.00215 (ms)
[2026-05-28 19:27:31,143] qiskit.passmanager.base_tasks - INFO - Pass: FixedPoint - 0.00143 (ms)
[2026-05-28 19:27:31,143] qiskit.passmanager.base_tasks - INFO - Pass: ContainsInstruction - 0.00262 (ms)
[2026-05-28 19:27:31,144] qiskit.compiler.transpiler - INFO - Total Transpile Time - 4.55880 (ms)
[2026-05-28 19:27:42,190] qiskit.passmanager.base_tasks - INFO - Pass: ContainsInstruction - 0.00811 (ms)
[2026-05-28 19:27:42,190] qiskit.passmanager.base_tasks - INFO - Pass: UnitarySynthesis - 0.00668 (ms)
[2026-05-28 19:27:42,190] qiskit.passmanager.base_tasks - INFO - Pass: HighLevelSynthesis - 0.00548 (ms)
[2026-05-28 19:27:42,190] qiskit.passmanager.base_tasks - INFO - Pass: BasisTranslator - 0.01740 (ms)
[2026-05-28 19:27:42,190] qiskit.passmanager.base_tasks - INFO - Pass: ElidePermutations - 0.00548 (ms)
[2026-05-28 19:27:42,190] qiskit.passmanager.base_tasks - INFO - Pass: RemoveDiagonalGatesBeforeMeasure - 0.00596 (ms)
[2026-05-28 19:27:42,190] qiskit.passmanager.base_tasks - INFO - Pass: RemoveIdentityEquivalent - 0.00811 (ms)
[2026-05-28 19:27:42,191] qiskit.passmanager.base_tasks - INFO - Pass: InverseCancellation - 0.01144 (ms)
[2026-05-28 19:27:42,191] qiskit.passmanager.base_tasks - INFO - Pass: ContractIdleWiresInControlFlow - 0.00167 (ms)
[2026-05-28 19:27:42,191] qiskit.passmanager.base_tasks - INFO - Pass: CommutativeCancellation - 0.02575 (ms)
[2026-05-28 19:27:42,191] qiskit.passmanager.base_tasks - INFO - Pass: ConsolidateBlocks - 0.05412 (ms)
[2026-05-28 19:27:42,191] qiskit.passmanager.base_tasks - INFO - Pass: Split2QUnitaries - 0.00238 (ms)
[2026-05-28 19:27:42,191] qiskit.passmanager.base_tasks - INFO - Pass: UnitarySynthesis - 0.00381 (ms)
[2026-05-28 19:27:42,191] qiskit.passmanager.base_tasks - INFO - Pass: HighLevelSynthesis - 0.00668 (ms)
[2026-05-28 19:27:42,191] qiskit.passmanager.base_tasks - INFO - Pass: BasisTranslator - 0.31233 (ms)
[2026-05-28 19:27:42,191] qiskit.passmanager.base_tasks - INFO - Pass: ConsolidateBlocks - 0.06938 (ms)
[2026-05-28 19:27:42,191] qiskit.passmanager.base_tasks - INFO - Pass: UnitarySynthesis - 0.00358 (ms)
[2026-05-28 19:27:42,191] qiskit.passmanager.base_tasks - INFO - Pass: Size - 0.00262 (ms)
[2026-05-28 19:27:42,191] qiskit.passmanager.base_tasks - INFO - Pass: Depth - 0.00834 (ms)
[2026-05-28 19:27:42,191] qiskit.passmanager.base_tasks - INFO - Pass: FixedPoint - 0.00501 (ms)
[2026-05-28 19:27:42,191] qiskit.passmanager.base_tasks - INFO - Pass: FixedPoint - 0.00286 (ms)
[2026-05-28 19:27:42,191] qiskit.passmanager.base_tasks - INFO - Pass: RemoveIdentityEquivalent - 0.00548 (ms)
[2026-05-28 19:27:42,192] qiskit.passmanager.base_tasks - INFO - Pass: Optimize1qGatesDecomposition - 0.03433 (ms)
[2026-05-28 19:27:42,192] qiskit.passmanager.base_tasks - INFO - Pass: CommutativeCancellation - 0.01955 (ms)
[2026-05-28 19:27:42,192] qiskit.passmanager.base_tasks - INFO - Pass: ContractIdleWiresInControlFlow - 0.00119 (ms)
[2026-05-28 19:27:42,192] qiskit.passmanager.base_tasks - INFO - Pass: GatesInBasis - 0.00453 (ms)
[2026-05-28 19:27:42,192] qiskit.passmanager.base_tasks - INFO - Pass: Size - 0.00143 (ms)
[2026-05-28 19:27:42,192] qiskit.passmanager.base_tasks - INFO - Pass: Depth - 0.00477 (ms)
[2026-05-28 19:27:42,192] qiskit.passmanager.base_tasks - INFO - Pass: FixedPoint - 0.00238 (ms)
[2026-05-28 19:27:42,192] qiskit.passmanager.base_tasks - INFO - Pass: FixedPoint - 0.00238 (ms)
[2026-05-28 19:27:42,192] qiskit.passmanager.base_tasks - INFO - Pass: RemoveIdentityEquivalent - 0.00262 (ms)
[2026-05-28 19:27:42,192] qiskit.passmanager.base_tasks - INFO - Pass: Optimize1qGatesDecomposition - 0.01478 (ms)
[2026-05-28 19:27:42,192] qiskit.passmanager.base_tasks - INFO - Pass: CommutativeCancellation - 0.01526 (ms)
[2026-05-28 19:27:42,192] qiskit.passmanager.base_tasks - INFO - Pass: ContractIdleWiresInControlFlow - 0.00119 (ms)
[2026-05-28 19:27:42,192] qiskit.passmanager.base_tasks - INFO - Pass: GatesInBasis - 0.00191 (ms)
[2026-05-28 19:27:42,192] qiskit.passmanager.base_tasks - INFO - Pass: Size - 0.00143 (ms)
[2026-05-28 19:27:42,192] qiskit.passmanager.base_tasks - INFO - Pass: Depth - 0.00405 (ms)
[2026-05-28 19:27:42,192] qiskit.passmanager.base_tasks - INFO - Pass: FixedPoint - 0.00215 (ms)
[2026-05-28 19:27:42,192] qiskit.passmanager.base_tasks - INFO - Pass: FixedPoint - 0.00238 (ms)
[2026-05-28 19:27:42,192] qiskit.passmanager.base_tasks - INFO - Pass: ContainsInstruction - 0.00262 (ms)
[2026-05-28 19:27:42,192] qiskit.compiler.transpiler - INFO - Total Transpile Time - 7.72882 (ms)
[2026-05-28 19:27:54,741] qiskit.passmanager.base_tasks - INFO - Pass: ContainsInstruction - 0.00572 (ms)
[2026-05-28 19:27:54,741] qiskit.passmanager.base_tasks - INFO - Pass: UnitarySynthesis - 0.00429 (ms)
[2026-05-28 19:27:54,741] qiskit.passmanager.base_tasks - INFO - Pass: HighLevelSynthesis - 0.00405 (ms)
[2026-05-28 19:27:54,741] qiskit.passmanager.base_tasks - INFO - Pass: BasisTranslator - 0.01407 (ms)
[2026-05-28 19:27:54,741] qiskit.passmanager.base_tasks - INFO - Pass: ElidePermutations - 0.00501 (ms)
[2026-05-28 19:27:54,741] qiskit.passmanager.base_tasks - INFO - Pass: RemoveDiagonalGatesBeforeMeasure - 0.00501 (ms)
[2026-05-28 19:27:54,741] qiskit.passmanager.base_tasks - INFO - Pass: RemoveIdentityEquivalent - 0.00739 (ms)
[2026-05-28 19:27:54,741] qiskit.passmanager.base_tasks - INFO - Pass: InverseCancellation - 0.01168 (ms)
[2026-05-28 19:27:54,741] qiskit.passmanager.base_tasks - INFO - Pass: ContractIdleWiresInControlFlow - 0.00215 (ms)
[2026-05-28 19:27:54,741] qiskit.passmanager.base_tasks - INFO - Pass: CommutativeCancellation - 0.02217 (ms)
[2026-05-28 19:27:54,741] qiskit.passmanager.base_tasks - INFO - Pass: ConsolidateBlocks - 0.04029 (ms)
[2026-05-28 19:27:54,741] qiskit.passmanager.base_tasks - INFO - Pass: Split2QUnitaries - 0.00167 (ms)
[2026-05-28 19:27:54,741] qiskit.passmanager.base_tasks - INFO - Pass: UnitarySynthesis - 0.00262 (ms)
[2026-05-28 19:27:54,741] qiskit.passmanager.base_tasks - INFO - Pass: HighLevelSynthesis - 0.00525 (ms)
[2026-05-28 19:27:54,742] qiskit.passmanager.base_tasks - INFO - Pass: BasisTranslator - 0.29397 (ms)
[2026-05-28 19:27:54,742] qiskit.passmanager.base_tasks - INFO - Pass: ConsolidateBlocks - 0.05412 (ms)
[2026-05-28 19:27:54,742] qiskit.passmanager.base_tasks - INFO - Pass: UnitarySynthesis - 0.00286 (ms)
[2026-05-28 19:27:54,742] qiskit.passmanager.base_tasks - INFO - Pass: Size - 0.00262 (ms)
[2026-05-28 19:27:54,742] qiskit.passmanager.base_tasks - INFO - Pass: Depth - 0.00668 (ms)
[2026-05-28 19:27:54,742] qiskit.passmanager.base_tasks - INFO - Pass: FixedPoint - 0.00429 (ms)
[2026-05-28 19:27:54,742] qiskit.passmanager.base_tasks - INFO - Pass: FixedPoint - 0.00191 (ms)
[2026-05-28 19:27:54,742] qiskit.passmanager.base_tasks - INFO - Pass: RemoveIdentityEquivalent - 0.00477 (ms)
[2026-05-28 19:27:54,742] qiskit.passmanager.base_tasks - INFO - Pass: Optimize1qGatesDecomposition - 0.02623 (ms)
[2026-05-28 19:27:54,742] qiskit.passmanager.base_tasks - INFO - Pass: CommutativeCancellation - 0.01860 (ms)
[2026-05-28 19:27:54,742] qiskit.passmanager.base_tasks - INFO - Pass: ContractIdleWiresInControlFlow - 0.00119 (ms)
[2026-05-28 19:27:54,742] qiskit.passmanager.base_tasks - INFO - Pass: GatesInBasis - 0.00358 (ms)
[2026-05-28 19:27:54,742] qiskit.passmanager.base_tasks - INFO - Pass: Size - 0.00143 (ms)
[2026-05-28 19:27:54,742] qiskit.passmanager.base_tasks - INFO - Pass: Depth - 0.00453 (ms)
[2026-05-28 19:27:54,742] qiskit.passmanager.base_tasks - INFO - Pass: FixedPoint - 0.00262 (ms)
[2026-05-28 19:27:54,742] qiskit.passmanager.base_tasks - INFO - Pass: FixedPoint - 0.00143 (ms)
[2026-05-28 19:27:54,742] qiskit.passmanager.base_tasks - INFO - Pass: RemoveIdentityEquivalent - 0.00238 (ms)
[2026-05-28 19:27:54,742] qiskit.passmanager.base_tasks - INFO - Pass: Optimize1qGatesDecomposition - 0.01335 (ms)
[2026-05-28 19:27:54,742] qiskit.passmanager.base_tasks - INFO - Pass: CommutativeCancellation - 0.01287 (ms)
[2026-05-28 19:27:54,742] qiskit.passmanager.base_tasks - INFO - Pass: ContractIdleWiresInControlFlow - 0.00095 (ms)
[2026-05-28 19:27:54,742] qiskit.passmanager.base_tasks - INFO - Pass: GatesInBasis - 0.00191 (ms)
[2026-05-28 19:27:54,742] qiskit.passmanager.base_tasks - INFO - Pass: Size - 0.00119 (ms)
[2026-05-28 19:27:54,742] qiskit.passmanager.base_tasks - INFO - Pass: Depth - 0.00405 (ms)
[2026-05-28 19:27:54,742] qiskit.passmanager.base_tasks - INFO - Pass: FixedPoint - 0.00191 (ms)
[2026-05-28 19:27:54,742] qiskit.passmanager.base_tasks - INFO - Pass: FixedPoint - 0.00215 (ms)
[2026-05-28 19:27:54,742] qiskit.passmanager.base_tasks - INFO - Pass: ContainsInstruction - 0.00286 (ms)
[2026-05-28 19:27:54,743] qiskit.compiler.transpiler - INFO - Total Transpile Time - 4.54617 (ms)
[2026-05-28 19:28:05,806] qiskit.passmanager.base_tasks - INFO - Pass: ContainsInstruction - 0.00787 (ms)
[2026-05-28 19:28:05,806] qiskit.passmanager.base_tasks - INFO - Pass: UnitarySynthesis - 0.00572 (ms)
[2026-05-28 19:28:05,806] qiskit.passmanager.base_tasks - INFO - Pass: HighLevelSynthesis - 0.00453 (ms)
[2026-05-28 19:28:05,806] qiskit.passmanager.base_tasks - INFO - Pass: BasisTranslator - 0.01550 (ms)
[2026-05-28 19:28:05,806] qiskit.passmanager.base_tasks - INFO - Pass: ElidePermutations - 0.00381 (ms)
[2026-05-28 19:28:05,807] qiskit.passmanager.base_tasks - INFO - Pass: RemoveDiagonalGatesBeforeMeasure - 0.00525 (ms)
[2026-05-28 19:28:05,807] qiskit.passmanager.base_tasks - INFO - Pass: RemoveIdentityEquivalent - 0.00763 (ms)
[2026-05-28 19:28:05,807] qiskit.passmanager.base_tasks - INFO - Pass: InverseCancellation - 0.01264 (ms)
[2026-05-28 19:28:05,807] qiskit.passmanager.base_tasks - INFO - Pass: ContractIdleWiresInControlFlow - 0.00167 (ms)
[2026-05-28 19:28:05,807] qiskit.passmanager.base_tasks - INFO - Pass: CommutativeCancellation - 0.05078 (ms)
[2026-05-28 19:28:05,807] qiskit.passmanager.base_tasks - INFO - Pass: ConsolidateBlocks - 0.04911 (ms)
[2026-05-28 19:28:05,807] qiskit.passmanager.base_tasks - INFO - Pass: Split2QUnitaries - 0.00167 (ms)
[2026-05-28 19:28:05,807] qiskit.passmanager.base_tasks - INFO - Pass: UnitarySynthesis - 0.00358 (ms)
[2026-05-28 19:28:05,807] qiskit.passmanager.base_tasks - INFO - Pass: HighLevelSynthesis - 0.00548 (ms)
[2026-05-28 19:28:05,807] qiskit.passmanager.base_tasks - INFO - Pass: BasisTranslator - 0.34070 (ms)
[2026-05-28 19:28:05,807] qiskit.passmanager.base_tasks - INFO - Pass: ConsolidateBlocks - 0.06437 (ms)
[2026-05-28 19:28:05,807] qiskit.passmanager.base_tasks - INFO - Pass: UnitarySynthesis - 0.00334 (ms)
[2026-05-28 19:28:05,807] qiskit.passmanager.base_tasks - INFO - Pass: Size - 0.00238 (ms)
[2026-05-28 19:28:05,807] qiskit.passmanager.base_tasks - INFO - Pass: Depth - 0.00739 (ms)
[2026-05-28 19:28:05,807] qiskit.passmanager.base_tasks - INFO - Pass: FixedPoint - 0.00429 (ms)
[2026-05-28 19:28:05,807] qiskit.passmanager.base_tasks - INFO - Pass: FixedPoint - 0.00262 (ms)
[2026-05-28 19:28:05,807] qiskit.passmanager.base_tasks - INFO - Pass: RemoveIdentityEquivalent - 0.00429 (ms)
[2026-05-28 19:28:05,808] qiskit.passmanager.base_tasks - INFO - Pass: Optimize1qGatesDecomposition - 0.02956 (ms)
[2026-05-28 19:28:05,808] qiskit.passmanager.base_tasks - INFO - Pass: CommutativeCancellation - 0.02193 (ms)
[2026-05-28 19:28:05,808] qiskit.passmanager.base_tasks - INFO - Pass: ContractIdleWiresInControlFlow - 0.00119 (ms)
[2026-05-28 19:28:05,808] qiskit.passmanager.base_tasks - INFO - Pass: GatesInBasis - 0.00334 (ms)
[2026-05-28 19:28:05,808] qiskit.passmanager.base_tasks - INFO - Pass: Size - 0.00119 (ms)
[2026-05-28 19:28:05,808] qiskit.passmanager.base_tasks - INFO - Pass: Depth - 0.00525 (ms)
[2026-05-28 19:28:05,808] qiskit.passmanager.base_tasks - INFO - Pass: FixedPoint - 0.00262 (ms)
[2026-05-28 19:28:05,808] qiskit.passmanager.base_tasks - INFO - Pass: FixedPoint - 0.00191 (ms)
[2026-05-28 19:28:05,808] qiskit.passmanager.base_tasks - INFO - Pass: RemoveIdentityEquivalent - 0.00286 (ms)
[2026-05-28 19:28:05,808] qiskit.passmanager.base_tasks - INFO - Pass: Optimize1qGatesDecomposition - 0.01717 (ms)
[2026-05-28 19:28:05,808] qiskit.passmanager.base_tasks - INFO - Pass: CommutativeCancellation - 0.01717 (ms)
[2026-05-28 19:28:05,808] qiskit.passmanager.base_tasks - INFO - Pass: ContractIdleWiresInControlFlow - 0.00119 (ms)
[2026-05-28 19:28:05,808] qiskit.passmanager.base_tasks - INFO - Pass: GatesInBasis - 0.00262 (ms)
[2026-05-28 19:28:05,808] qiskit.passmanager.base_tasks - INFO - Pass: Size - 0.00143 (ms)
[2026-05-28 19:28:05,808] qiskit.passmanager.base_tasks - INFO - Pass: Depth - 0.00334 (ms)
[2026-05-28 19:28:05,808] qiskit.passmanager.base_tasks - INFO - Pass: FixedPoint - 0.00191 (ms)
[2026-05-28 19:28:05,808] qiskit.passmanager.base_tasks - INFO - Pass: FixedPoint - 0.00143 (ms)
[2026-05-28 19:28:05,808] qiskit.passmanager.base_tasks - INFO - Pass: ContainsInstruction - 0.00215 (ms)
[2026-05-28 19:28:05,808] qiskit.compiler.transpiler - INFO - Total Transpile Time - 7.94601 (ms)
[2026-05-28 19:28:18,340] qiskit.passmanager.base_tasks - INFO - Pass: ContainsInstruction - 0.00715 (ms)
[2026-05-28 19:28:18,340] qiskit.passmanager.base_tasks - INFO - Pass: UnitarySynthesis - 0.00405 (ms)
[2026-05-28 19:28:18,340] qiskit.passmanager.base_tasks - INFO - Pass: HighLevelSynthesis - 0.00429 (ms)
[2026-05-28 19:28:18,340] qiskit.passmanager.base_tasks - INFO - Pass: BasisTranslator - 0.01502 (ms)
[2026-05-28 19:28:18,340] qiskit.passmanager.base_tasks - INFO - Pass: ElidePermutations - 0.00477 (ms)
[2026-05-28 19:28:18,340] qiskit.passmanager.base_tasks - INFO - Pass: RemoveDiagonalGatesBeforeMeasure - 0.00596 (ms)
[2026-05-28 19:28:18,340] qiskit.passmanager.base_tasks - INFO - Pass: RemoveIdentityEquivalent - 0.00739 (ms)
[2026-05-28 19:28:18,340] qiskit.passmanager.base_tasks - INFO - Pass: InverseCancellation - 0.00954 (ms)
[2026-05-28 19:28:18,340] qiskit.passmanager.base_tasks - INFO - Pass: ContractIdleWiresInControlFlow - 0.00167 (ms)
[2026-05-28 19:28:18,340] qiskit.passmanager.base_tasks - INFO - Pass: CommutativeCancellation - 0.02003 (ms)
[2026-05-28 19:28:18,340] qiskit.passmanager.base_tasks - INFO - Pass: ConsolidateBlocks - 0.04005 (ms)
[2026-05-28 19:28:18,341] qiskit.passmanager.base_tasks - INFO - Pass: Split2QUnitaries - 0.00262 (ms)
[2026-05-28 19:28:18,341] qiskit.passmanager.base_tasks - INFO - Pass: UnitarySynthesis - 0.00191 (ms)
[2026-05-28 19:28:18,341] qiskit.passmanager.base_tasks - INFO - Pass: HighLevelSynthesis - 0.00405 (ms)
[2026-05-28 19:28:18,341] qiskit.passmanager.base_tasks - INFO - Pass: BasisTranslator - 0.23770 (ms)
[2026-05-28 19:28:18,341] qiskit.passmanager.base_tasks - INFO - Pass: ConsolidateBlocks - 0.05293 (ms)
[2026-05-28 19:28:18,341] qiskit.passmanager.base_tasks - INFO - Pass: UnitarySynthesis - 0.00334 (ms)
[2026-05-28 19:28:18,341] qiskit.passmanager.base_tasks - INFO - Pass: Size - 0.00238 (ms)
[2026-05-28 19:28:18,341] qiskit.passmanager.base_tasks - INFO - Pass: Depth - 0.00596 (ms)
[2026-05-28 19:28:18,341] qiskit.passmanager.base_tasks - INFO - Pass: FixedPoint - 0.00429 (ms)
[2026-05-28 19:28:18,341] qiskit.passmanager.base_tasks - INFO - Pass: FixedPoint - 0.00191 (ms)
[2026-05-28 19:28:18,341] qiskit.passmanager.base_tasks - INFO - Pass: RemoveIdentityEquivalent - 0.00358 (ms)
[2026-05-28 19:28:18,341] qiskit.passmanager.base_tasks - INFO - Pass: Optimize1qGatesDecomposition - 0.02646 (ms)
[2026-05-28 19:28:18,341] qiskit.passmanager.base_tasks - INFO - Pass: CommutativeCancellation - 0.01788 (ms)
[2026-05-28 19:28:18,341] qiskit.passmanager.base_tasks - INFO - Pass: ContractIdleWiresInControlFlow - 0.00119 (ms)
[2026-05-28 19:28:18,341] qiskit.passmanager.base_tasks - INFO - Pass: GatesInBasis - 0.00358 (ms)
[2026-05-28 19:28:18,341] qiskit.passmanager.base_tasks - INFO - Pass: Size - 0.00119 (ms)
[2026-05-28 19:28:18,341] qiskit.passmanager.base_tasks - INFO - Pass: Depth - 0.00429 (ms)
[2026-05-28 19:28:18,341] qiskit.passmanager.base_tasks - INFO - Pass: FixedPoint - 0.00238 (ms)
[2026-05-28 19:28:18,341] qiskit.passmanager.base_tasks - INFO - Pass: FixedPoint - 0.00167 (ms)
[2026-05-28 19:28:18,341] qiskit.passmanager.base_tasks - INFO - Pass: RemoveIdentityEquivalent - 0.00238 (ms)
[2026-05-28 19:28:18,341] qiskit.passmanager.base_tasks - INFO - Pass: Optimize1qGatesDecomposition - 0.01359 (ms)
[2026-05-28 19:28:18,341] qiskit.passmanager.base_tasks - INFO - Pass: CommutativeCancellation - 0.01454 (ms)
[2026-05-28 19:28:18,341] qiskit.passmanager.base_tasks - INFO - Pass: ContractIdleWiresInControlFlow - 0.00095 (ms)
[2026-05-28 19:28:18,341] qiskit.passmanager.base_tasks - INFO - Pass: GatesInBasis - 0.00238 (ms)
[2026-05-28 19:28:18,342] qiskit.passmanager.base_tasks - INFO - Pass: Size - 0.00095 (ms)
[2026-05-28 19:28:18,342] qiskit.passmanager.base_tasks - INFO - Pass: Depth - 0.00405 (ms)
[2026-05-28 19:28:18,342] qiskit.passmanager.base_tasks - INFO - Pass: FixedPoint - 0.00167 (ms)
[2026-05-28 19:28:18,342] qiskit.passmanager.base_tasks - INFO - Pass: FixedPoint - 0.00191 (ms)
[2026-05-28 19:28:18,342] qiskit.passmanager.base_tasks - INFO - Pass: ContainsInstruction - 0.00262 (ms)
[2026-05-28 19:28:18,342] qiskit.compiler.transpiler - INFO - Total Transpile Time - 4.98366 (ms)
[2026-05-28 19:28:30,882] qiskit.passmanager.base_tasks - INFO - Pass: ContainsInstruction - 0.00668 (ms)
[2026-05-28 19:28:30,883] qiskit.passmanager.base_tasks - INFO - Pass: UnitarySynthesis - 0.00548 (ms)
[2026-05-28 19:28:30,887] qiskit.passmanager.base_tasks - INFO - Pass: HighLevelSynthesis - 0.00429 (ms)
[2026-05-28 19:28:30,887] qiskit.passmanager.base_tasks - INFO - Pass: BasisTranslator - 0.02432 (ms)
[2026-05-28 19:28:30,887] qiskit.passmanager.base_tasks - INFO - Pass: ElidePermutations - 0.00453 (ms)
[2026-05-28 19:28:30,887] qiskit.passmanager.base_tasks - INFO - Pass: RemoveDiagonalGatesBeforeMeasure - 0.00691 (ms)
[2026-05-28 19:28:30,887] qiskit.passmanager.base_tasks - INFO - Pass: RemoveIdentityEquivalent - 0.00906 (ms)
[2026-05-28 19:28:30,887] qiskit.passmanager.base_tasks - INFO - Pass: InverseCancellation - 0.01097 (ms)
[2026-05-28 19:28:30,887] qiskit.passmanager.base_tasks - INFO - Pass: ContractIdleWiresInControlFlow - 0.00143 (ms)
[2026-05-28 19:28:30,887] qiskit.passmanager.base_tasks - INFO - Pass: CommutativeCancellation - 0.02503 (ms)
[2026-05-28 19:28:30,887] qiskit.passmanager.base_tasks - INFO - Pass: ConsolidateBlocks - 0.05603 (ms)
[2026-05-28 19:28:30,887] qiskit.passmanager.base_tasks - INFO - Pass: Split2QUnitaries - 0.00286 (ms)
[2026-05-28 19:28:30,887] qiskit.passmanager.base_tasks - INFO - Pass: UnitarySynthesis - 0.00429 (ms)
[2026-05-28 19:28:30,887] qiskit.passmanager.base_tasks - INFO - Pass: HighLevelSynthesis - 0.00620 (ms)
[2026-05-28 19:28:30,887] qiskit.passmanager.base_tasks - INFO - Pass: BasisTranslator - 0.27871 (ms)
[2026-05-28 19:28:30,887] qiskit.passmanager.base_tasks - INFO - Pass: ConsolidateBlocks - 0.06032 (ms)
[2026-05-28 19:28:30,888] qiskit.passmanager.base_tasks - INFO - Pass: UnitarySynthesis - 0.10443 (ms)
[2026-05-28 19:28:30,888] qiskit.passmanager.base_tasks - INFO - Pass: Size - 0.00334 (ms)
[2026-05-28 19:28:30,888] qiskit.passmanager.base_tasks - INFO - Pass: Depth - 0.00668 (ms)
[2026-05-28 19:28:30,888] qiskit.passmanager.base_tasks - INFO - Pass: FixedPoint - 0.00525 (ms)
[2026-05-28 19:28:30,888] qiskit.passmanager.base_tasks - INFO - Pass: FixedPoint - 0.00119 (ms)
[2026-05-28 19:28:30,888] qiskit.passmanager.base_tasks - INFO - Pass: RemoveIdentityEquivalent - 0.00358 (ms)
[2026-05-28 19:28:30,888] qiskit.passmanager.base_tasks - INFO - Pass: Optimize1qGatesDecomposition - 0.02432 (ms)
[2026-05-28 19:28:30,888] qiskit.passmanager.base_tasks - INFO - Pass: CommutativeCancellation - 0.01740 (ms)
[2026-05-28 19:28:30,888] qiskit.passmanager.base_tasks - INFO - Pass: ContractIdleWiresInControlFlow - 0.00143 (ms)
[2026-05-28 19:28:30,888] qiskit.passmanager.base_tasks - INFO - Pass: GatesInBasis - 0.00334 (ms)
[2026-05-28 19:28:30,888] qiskit.passmanager.base_tasks - INFO - Pass: Size - 0.00095 (ms)
[2026-05-28 19:28:30,888] qiskit.passmanager.base_tasks - INFO - Pass: Depth - 0.00381 (ms)
[2026-05-28 19:28:30,888] qiskit.passmanager.base_tasks - INFO - Pass: FixedPoint - 0.00167 (ms)
[2026-05-28 19:28:30,888] qiskit.passmanager.base_tasks - INFO - Pass: FixedPoint - 0.00119 (ms)
[2026-05-28 19:28:30,888] qiskit.passmanager.base_tasks - INFO - Pass: RemoveIdentityEquivalent - 0.00191 (ms)
[2026-05-28 19:28:30,888] qiskit.passmanager.base_tasks - INFO - Pass: Optimize1qGatesDecomposition - 0.01264 (ms)
[2026-05-28 19:28:30,888] qiskit.passmanager.base_tasks - INFO - Pass: CommutativeCancellation - 0.01192 (ms)
[2026-05-28 19:28:30,888] qiskit.passmanager.base_tasks - INFO - Pass: ContractIdleWiresInControlFlow - 0.00072 (ms)
[2026-05-28 19:28:30,888] qiskit.passmanager.base_tasks - INFO - Pass: GatesInBasis - 0.00167 (ms)
[2026-05-28 19:28:30,888] qiskit.passmanager.base_tasks - INFO - Pass: Size - 0.00072 (ms)
[2026-05-28 19:28:30,888] qiskit.passmanager.base_tasks - INFO - Pass: Depth - 0.00334 (ms)
[2026-05-28 19:28:30,888] qiskit.passmanager.base_tasks - INFO - Pass: FixedPoint - 0.00167 (ms)
[2026-05-28 19:28:30,888] qiskit.passmanager.base_tasks - INFO - Pass: FixedPoint - 0.00191 (ms)
[2026-05-28 19:28:30,888] qiskit.passmanager.base_tasks - INFO - Pass: ContainsInstruction - 0.00310 (ms)
[2026-05-28 19:28:30,888] qiskit.compiler.transpiler - INFO - Total Transpile Time - 9.42349 (ms)
[2026-05-28 19:28:52,324] qiskit.passmanager.base_tasks - INFO - Pass: ContainsInstruction - 0.00668 (ms)
[2026-05-28 19:28:52,324] qiskit.passmanager.base_tasks - INFO - Pass: UnitarySynthesis - 0.00501 (ms)
[2026-05-28 19:28:52,325] qiskit.passmanager.base_tasks - INFO - Pass: HighLevelSynthesis - 0.00906 (ms)
[2026-05-28 19:28:52,325] qiskit.passmanager.base_tasks - INFO - Pass: BasisTranslator - 0.01693 (ms)
[2026-05-28 19:28:52,325] qiskit.passmanager.base_tasks - INFO - Pass: ElidePermutations - 0.00429 (ms)
[2026-05-28 19:28:52,325] qiskit.passmanager.base_tasks - INFO - Pass: RemoveDiagonalGatesBeforeMeasure - 0.00644 (ms)
[2026-05-28 19:28:52,325] qiskit.passmanager.base_tasks - INFO - Pass: RemoveIdentityEquivalent - 0.00811 (ms)
[2026-05-28 19:28:52,325] qiskit.passmanager.base_tasks - INFO - Pass: InverseCancellation - 0.01097 (ms)
[2026-05-28 19:28:52,325] qiskit.passmanager.base_tasks - INFO - Pass: ContractIdleWiresInControlFlow - 0.00119 (ms)
[2026-05-28 19:28:52,325] qiskit.passmanager.base_tasks - INFO - Pass: CommutativeCancellation - 0.02217 (ms)
[2026-05-28 19:28:52,325] qiskit.passmanager.base_tasks - INFO - Pass: ConsolidateBlocks - 0.04530 (ms)
[2026-05-28 19:28:52,325] qiskit.passmanager.base_tasks - INFO - Pass: Split2QUnitaries - 0.00191 (ms)
[2026-05-28 19:28:52,325] qiskit.passmanager.base_tasks - INFO - Pass: UnitarySynthesis - 0.00238 (ms)
[2026-05-28 19:28:52,325] qiskit.passmanager.base_tasks - INFO - Pass: HighLevelSynthesis - 0.00572 (ms)
[2026-05-28 19:28:52,325] qiskit.passmanager.base_tasks - INFO - Pass: BasisTranslator - 0.27275 (ms)
[2026-05-28 19:28:52,325] qiskit.passmanager.base_tasks - INFO - Pass: ConsolidateBlocks - 0.05460 (ms)
[2026-05-28 19:28:52,325] qiskit.passmanager.base_tasks - INFO - Pass: UnitarySynthesis - 0.00286 (ms)
[2026-05-28 19:28:52,325] qiskit.passmanager.base_tasks - INFO - Pass: Size - 0.00262 (ms)
[2026-05-28 19:28:52,325] qiskit.passmanager.base_tasks - INFO - Pass: Depth - 0.00715 (ms)
[2026-05-28 19:28:52,325] qiskit.passmanager.base_tasks - INFO - Pass: FixedPoint - 0.00477 (ms)
[2026-05-28 19:28:52,325] qiskit.passmanager.base_tasks - INFO - Pass: FixedPoint - 0.00215 (ms)
[2026-05-28 19:28:52,325] qiskit.passmanager.base_tasks - INFO - Pass: RemoveIdentityEquivalent - 0.00334 (ms)
[2026-05-28 19:28:52,326] qiskit.passmanager.base_tasks - INFO - Pass: Optimize1qGatesDecomposition - 0.02646 (ms)
[2026-05-28 19:28:52,326] qiskit.passmanager.base_tasks - INFO - Pass: CommutativeCancellation - 0.01740 (ms)
[2026-05-28 19:28:52,326] qiskit.passmanager.base_tasks - INFO - Pass: ContractIdleWiresInControlFlow - 0.00095 (ms)
[2026-05-28 19:28:52,326] qiskit.passmanager.base_tasks - INFO - Pass: GatesInBasis - 0.00310 (ms)
[2026-05-28 19:28:52,326] qiskit.passmanager.base_tasks - INFO - Pass: Size - 0.00143 (ms)
[2026-05-28 19:28:52,326] qiskit.passmanager.base_tasks - INFO - Pass: Depth - 0.00477 (ms)
[2026-05-28 19:28:52,326] qiskit.passmanager.base_tasks - INFO - Pass: FixedPoint - 0.00215 (ms)
[2026-05-28 19:28:52,326] qiskit.passmanager.base_tasks - INFO - Pass: FixedPoint - 0.00119 (ms)
[2026-05-28 19:28:52,326] qiskit.passmanager.base_tasks - INFO - Pass: RemoveIdentityEquivalent - 0.00262 (ms)
[2026-05-28 19:28:52,326] qiskit.passmanager.base_tasks - INFO - Pass: Optimize1qGatesDecomposition - 0.01335 (ms)
[2026-05-28 19:28:52,326] qiskit.passmanager.base_tasks - INFO - Pass: CommutativeCancellation - 0.01359 (ms)
[2026-05-28 19:28:52,326] qiskit.passmanager.base_tasks - INFO - Pass: ContractIdleWiresInControlFlow - 0.00119 (ms)
[2026-05-28 19:28:52,326] qiskit.passmanager.base_tasks - INFO - Pass: GatesInBasis - 0.00191 (ms)
[2026-05-28 19:28:52,326] qiskit.passmanager.base_tasks - INFO - Pass: Size - 0.00143 (ms)
[2026-05-28 19:28:52,326] qiskit.passmanager.base_tasks - INFO - Pass: Depth - 0.00453 (ms)
[2026-05-28 19:28:52,326] qiskit.passmanager.base_tasks - INFO - Pass: FixedPoint - 0.00215 (ms)
[2026-05-28 19:28:52,326] qiskit.passmanager.base_tasks - INFO - Pass: FixedPoint - 0.00119 (ms)
[2026-05-28 19:28:52,326] qiskit.passmanager.base_tasks - INFO - Pass: ContainsInstruction - 0.00262 (ms)
[2026-05-28 19:28:52,326] qiskit.compiler.transpiler - INFO - Total Transpile Time - 4.76813 (ms)
[2026-05-28 19:29:13,650] qiskit.passmanager.base_tasks - INFO - Pass: ContainsInstruction - 0.00596 (ms)
[2026-05-28 19:29:13,650] qiskit.passmanager.base_tasks - INFO - Pass: UnitarySynthesis - 0.00405 (ms)
[2026-05-28 19:29:13,650] qiskit.passmanager.base_tasks - INFO - Pass: HighLevelSynthesis - 0.00453 (ms)
[2026-05-28 19:29:13,650] qiskit.passmanager.base_tasks - INFO - Pass: BasisTranslator - 0.01383 (ms)
[2026-05-28 19:29:13,650] qiskit.passmanager.base_tasks - INFO - Pass: ElidePermutations - 0.00453 (ms)
[2026-05-28 19:29:13,650] qiskit.passmanager.base_tasks - INFO - Pass: RemoveDiagonalGatesBeforeMeasure - 0.00548 (ms)
[2026-05-28 19:29:13,650] qiskit.passmanager.base_tasks - INFO - Pass: RemoveIdentityEquivalent - 0.00858 (ms)
[2026-05-28 19:29:13,651] qiskit.passmanager.base_tasks - INFO - Pass: InverseCancellation - 0.01264 (ms)
[2026-05-28 19:29:13,651] qiskit.passmanager.base_tasks - INFO - Pass: ContractIdleWiresInControlFlow - 0.00143 (ms)
[2026-05-28 19:29:13,651] qiskit.passmanager.base_tasks - INFO - Pass: CommutativeCancellation - 0.02384 (ms)
[2026-05-28 19:29:13,651] qiskit.passmanager.base_tasks - INFO - Pass: ConsolidateBlocks - 0.04601 (ms)
[2026-05-28 19:29:13,651] qiskit.passmanager.base_tasks - INFO - Pass: Split2QUnitaries - 0.00215 (ms)
[2026-05-28 19:29:13,651] qiskit.passmanager.base_tasks - INFO - Pass: UnitarySynthesis - 0.00310 (ms)
[2026-05-28 19:29:13,652] qiskit.passmanager.base_tasks - INFO - Pass: HighLevelSynthesis - 0.00477 (ms)
[2026-05-28 19:29:13,652] qiskit.passmanager.base_tasks - INFO - Pass: BasisTranslator - 0.27394 (ms)
[2026-05-28 19:29:13,652] qiskit.passmanager.base_tasks - INFO - Pass: ConsolidateBlocks - 0.05293 (ms)
[2026-05-28 19:29:13,652] qiskit.passmanager.base_tasks - INFO - Pass: UnitarySynthesis - 0.00286 (ms)
[2026-05-28 19:29:13,652] qiskit.passmanager.base_tasks - INFO - Pass: Size - 0.00310 (ms)
[2026-05-28 19:29:13,652] qiskit.passmanager.base_tasks - INFO - Pass: Depth - 0.00668 (ms)
[2026-05-28 19:29:13,652] qiskit.passmanager.base_tasks - INFO - Pass: FixedPoint - 0.00501 (ms)
[2026-05-28 19:29:13,652] qiskit.passmanager.base_tasks - INFO - Pass: FixedPoint - 0.00119 (ms)
[2026-05-28 19:29:13,652] qiskit.passmanager.base_tasks - INFO - Pass: RemoveIdentityEquivalent - 0.00525 (ms)
[2026-05-28 19:29:13,652] qiskit.passmanager.base_tasks - INFO - Pass: Optimize1qGatesDecomposition - 0.02646 (ms)
[2026-05-28 19:29:13,652] qiskit.passmanager.base_tasks - INFO - Pass: CommutativeCancellation - 0.01884 (ms)
[2026-05-28 19:29:13,652] qiskit.passmanager.base_tasks - INFO - Pass: ContractIdleWiresInControlFlow - 0.00215 (ms)
[2026-05-28 19:29:13,652] qiskit.passmanager.base_tasks - INFO - Pass: GatesInBasis - 0.00381 (ms)
[2026-05-28 19:29:13,652] qiskit.passmanager.base_tasks - INFO - Pass: Size - 0.00095 (ms)
[2026-05-28 19:29:13,652] qiskit.passmanager.base_tasks - INFO - Pass: Depth - 0.00477 (ms)
[2026-05-28 19:29:13,652] qiskit.passmanager.base_tasks - INFO - Pass: FixedPoint - 0.00238 (ms)
[2026-05-28 19:29:13,652] qiskit.passmanager.base_tasks - INFO - Pass: FixedPoint - 0.00143 (ms)
[2026-05-28 19:29:13,652] qiskit.passmanager.base_tasks - INFO - Pass: RemoveIdentityEquivalent - 0.00286 (ms)
[2026-05-28 19:29:13,652] qiskit.passmanager.base_tasks - INFO - Pass: Optimize1qGatesDecomposition - 0.01431 (ms)
[2026-05-28 19:29:13,652] qiskit.passmanager.base_tasks - INFO - Pass: CommutativeCancellation - 0.01407 (ms)
[2026-05-28 19:29:13,652] qiskit.passmanager.base_tasks - INFO - Pass: ContractIdleWiresInControlFlow - 0.00095 (ms)
[2026-05-28 19:29:13,652] qiskit.passmanager.base_tasks - INFO - Pass: GatesInBasis - 0.00191 (ms)
[2026-05-28 19:29:13,652] qiskit.passmanager.base_tasks - INFO - Pass: Size - 0.00119 (ms)
[2026-05-28 19:29:13,653] qiskit.passmanager.base_tasks - INFO - Pass: Depth - 0.00381 (ms)
[2026-05-28 19:29:13,653] qiskit.passmanager.base_tasks - INFO - Pass: FixedPoint - 0.00238 (ms)
[2026-05-28 19:29:13,653] qiskit.passmanager.base_tasks - INFO - Pass: FixedPoint - 0.00143 (ms)
[2026-05-28 19:29:13,653] qiskit.passmanager.base_tasks - INFO - Pass: ContainsInstruction - 0.00286 (ms)
[2026-05-28 19:29:13,653] qiskit.compiler.transpiler - INFO - Total Transpile Time - 5.62453 (ms)
[2026-05-28 19:29:36,514] qiskit.passmanager.base_tasks - INFO - Pass: ContainsInstruction - 0.00572 (ms)
[2026-05-28 19:29:36,514] qiskit.passmanager.base_tasks - INFO - Pass: UnitarySynthesis - 0.00429 (ms)
[2026-05-28 19:29:36,514] qiskit.passmanager.base_tasks - INFO - Pass: HighLevelSynthesis - 0.00381 (ms)
[2026-05-28 19:29:36,514] qiskit.passmanager.base_tasks - INFO - Pass: BasisTranslator - 0.01478 (ms)
[2026-05-28 19:29:36,514] qiskit.passmanager.base_tasks - INFO - Pass: ElidePermutations - 0.00381 (ms)
[2026-05-28 19:29:36,514] qiskit.passmanager.base_tasks - INFO - Pass: RemoveDiagonalGatesBeforeMeasure - 0.00453 (ms)
[2026-05-28 19:29:36,514] qiskit.passmanager.base_tasks - INFO - Pass: RemoveIdentityEquivalent - 0.00620 (ms)
[2026-05-28 19:29:36,514] qiskit.passmanager.base_tasks - INFO - Pass: InverseCancellation - 0.00954 (ms)
[2026-05-28 19:29:36,514] qiskit.passmanager.base_tasks - INFO - Pass: ContractIdleWiresInControlFlow - 0.00119 (ms)
[2026-05-28 19:29:36,514] qiskit.passmanager.base_tasks - INFO - Pass: CommutativeCancellation - 0.02193 (ms)
[2026-05-28 19:29:36,514] qiskit.passmanager.base_tasks - INFO - Pass: ConsolidateBlocks - 0.04745 (ms)
[2026-05-28 19:29:36,514] qiskit.passmanager.base_tasks - INFO - Pass: Split2QUnitaries - 0.00143 (ms)
[2026-05-28 19:29:36,514] qiskit.passmanager.base_tasks - INFO - Pass: UnitarySynthesis - 0.00238 (ms)
[2026-05-28 19:29:36,514] qiskit.passmanager.base_tasks - INFO - Pass: HighLevelSynthesis - 0.04363 (ms)
[2026-05-28 19:29:36,514] qiskit.passmanager.base_tasks - INFO - Pass: BasisTranslator - 0.26202 (ms)
[2026-05-28 19:29:36,515] qiskit.passmanager.base_tasks - INFO - Pass: ConsolidateBlocks - 0.06175 (ms)
[2026-05-28 19:29:36,515] qiskit.passmanager.base_tasks - INFO - Pass: UnitarySynthesis - 0.00286 (ms)
[2026-05-28 19:29:36,515] qiskit.passmanager.base_tasks - INFO - Pass: Size - 0.00334 (ms)
[2026-05-28 19:29:36,515] qiskit.passmanager.base_tasks - INFO - Pass: Depth - 0.00668 (ms)
[2026-05-28 19:29:36,515] qiskit.passmanager.base_tasks - INFO - Pass: FixedPoint - 0.00477 (ms)
[2026-05-28 19:29:36,515] qiskit.passmanager.base_tasks - INFO - Pass: FixedPoint - 0.00215 (ms)
[2026-05-28 19:29:36,515] qiskit.passmanager.base_tasks - INFO - Pass: RemoveIdentityEquivalent - 0.00358 (ms)
[2026-05-28 19:29:36,515] qiskit.passmanager.base_tasks - INFO - Pass: Optimize1qGatesDecomposition - 0.03862 (ms)
[2026-05-28 19:29:36,515] qiskit.passmanager.base_tasks - INFO - Pass: CommutativeCancellation - 0.01812 (ms)
[2026-05-28 19:29:36,515] qiskit.passmanager.base_tasks - INFO - Pass: ContractIdleWiresInControlFlow - 0.00143 (ms)
[2026-05-28 19:29:36,515] qiskit.passmanager.base_tasks - INFO - Pass: GatesInBasis - 0.00310 (ms)
[2026-05-28 19:29:36,515] qiskit.passmanager.base_tasks - INFO - Pass: Size - 0.00143 (ms)
[2026-05-28 19:29:36,515] qiskit.passmanager.base_tasks - INFO - Pass: Depth - 0.00429 (ms)
[2026-05-28 19:29:36,515] qiskit.passmanager.base_tasks - INFO - Pass: FixedPoint - 0.00262 (ms)
[2026-05-28 19:29:36,515] qiskit.passmanager.base_tasks - INFO - Pass: FixedPoint - 0.00167 (ms)
[2026-05-28 19:29:36,515] qiskit.passmanager.base_tasks - INFO - Pass: RemoveIdentityEquivalent - 0.00215 (ms)
[2026-05-28 19:29:36,515] qiskit.passmanager.base_tasks - INFO - Pass: Optimize1qGatesDecomposition - 0.01383 (ms)
[2026-05-28 19:29:36,515] qiskit.passmanager.base_tasks - INFO - Pass: CommutativeCancellation - 0.01431 (ms)
[2026-05-28 19:29:36,515] qiskit.passmanager.base_tasks - INFO - Pass: ContractIdleWiresInControlFlow - 0.00119 (ms)
[2026-05-28 19:29:36,515] qiskit.passmanager.base_tasks - INFO - Pass: GatesInBasis - 0.00215 (ms)
[2026-05-28 19:29:36,515] qiskit.passmanager.base_tasks - INFO - Pass: Size - 0.00143 (ms)
[2026-05-28 19:29:36,515] qiskit.passmanager.base_tasks - INFO - Pass: Depth - 0.00358 (ms)
[2026-05-28 19:29:36,515] qiskit.passmanager.base_tasks - INFO - Pass: FixedPoint - 0.00215 (ms)
[2026-05-28 19:29:36,515] qiskit.passmanager.base_tasks - INFO - Pass: FixedPoint - 0.00143 (ms)
[2026-05-28 19:29:36,515] qiskit.passmanager.base_tasks - INFO - Pass: ContainsInstruction - 0.00286 (ms)
[2026-05-28 19:29:36,515] qiskit.compiler.transpiler - INFO - Total Transpile Time - 4.24886 (ms)
[2026-05-28 19:29:57,655] qiskit.passmanager.base_tasks - INFO - Pass: ContainsInstruction - 0.00477 (ms)
[2026-05-28 19:29:57,655] qiskit.passmanager.base_tasks - INFO - Pass: UnitarySynthesis - 0.00358 (ms)
[2026-05-28 19:29:57,655] qiskit.passmanager.base_tasks - INFO - Pass: HighLevelSynthesis - 0.00358 (ms)
[2026-05-28 19:29:57,655] qiskit.passmanager.base_tasks - INFO - Pass: BasisTranslator - 0.01097 (ms)
[2026-05-28 19:29:57,655] qiskit.passmanager.base_tasks - INFO - Pass: ElidePermutations - 0.00477 (ms)
[2026-05-28 19:29:57,655] qiskit.passmanager.base_tasks - INFO - Pass: RemoveDiagonalGatesBeforeMeasure - 0.00453 (ms)
[2026-05-28 19:29:57,655] qiskit.passmanager.base_tasks - INFO - Pass: RemoveIdentityEquivalent - 0.00644 (ms)
[2026-05-28 19:29:57,655] qiskit.passmanager.base_tasks - INFO - Pass: InverseCancellation - 0.00954 (ms)
[2026-05-28 19:29:57,655] qiskit.passmanager.base_tasks - INFO - Pass: ContractIdleWiresInControlFlow - 0.00095 (ms)
[2026-05-28 19:29:57,655] qiskit.passmanager.base_tasks - INFO - Pass: CommutativeCancellation - 0.01884 (ms)
[2026-05-28 19:29:57,655] qiskit.passmanager.base_tasks - INFO - Pass: ConsolidateBlocks - 0.03910 (ms)
[2026-05-28 19:29:57,655] qiskit.passmanager.base_tasks - INFO - Pass: Split2QUnitaries - 0.00215 (ms)
[2026-05-28 19:29:57,655] qiskit.passmanager.base_tasks - INFO - Pass: UnitarySynthesis - 0.00191 (ms)
[2026-05-28 19:29:57,655] qiskit.passmanager.base_tasks - INFO - Pass: HighLevelSynthesis - 0.00405 (ms)
[2026-05-28 19:29:57,656] qiskit.passmanager.base_tasks - INFO - Pass: BasisTranslator - 0.24271 (ms)
[2026-05-28 19:29:57,656] qiskit.passmanager.base_tasks - INFO - Pass: ConsolidateBlocks - 0.05102 (ms)
[2026-05-28 19:29:57,656] qiskit.passmanager.base_tasks - INFO - Pass: UnitarySynthesis - 0.00286 (ms)
[2026-05-28 19:29:57,656] qiskit.passmanager.base_tasks - INFO - Pass: Size - 0.00238 (ms)
[2026-05-28 19:29:57,656] qiskit.passmanager.base_tasks - INFO - Pass: Depth - 0.00572 (ms)
[2026-05-28 19:29:57,656] qiskit.passmanager.base_tasks - INFO - Pass: FixedPoint - 0.00453 (ms)
[2026-05-28 19:29:57,656] qiskit.passmanager.base_tasks - INFO - Pass: FixedPoint - 0.00215 (ms)
[2026-05-28 19:29:57,656] qiskit.passmanager.base_tasks - INFO - Pass: RemoveIdentityEquivalent - 0.00381 (ms)
[2026-05-28 19:29:57,656] qiskit.passmanager.base_tasks - INFO - Pass: Optimize1qGatesDecomposition - 0.02360 (ms)
[2026-05-28 19:29:57,656] qiskit.passmanager.base_tasks - INFO - Pass: CommutativeCancellation - 0.01836 (ms)
[2026-05-28 19:29:57,656] qiskit.passmanager.base_tasks - INFO - Pass: ContractIdleWiresInControlFlow - 0.00119 (ms)
[2026-05-28 19:29:57,656] qiskit.passmanager.base_tasks - INFO - Pass: GatesInBasis - 0.00286 (ms)
[2026-05-28 19:29:57,656] qiskit.passmanager.base_tasks - INFO - Pass: Size - 0.00119 (ms)
[2026-05-28 19:29:57,656] qiskit.passmanager.base_tasks - INFO - Pass: Depth - 0.00405 (ms)
[2026-05-28 19:29:57,656] qiskit.passmanager.base_tasks - INFO - Pass: FixedPoint - 0.00215 (ms)
[2026-05-28 19:29:57,656] qiskit.passmanager.base_tasks - INFO - Pass: FixedPoint - 0.00143 (ms)
[2026-05-28 19:29:57,656] qiskit.passmanager.base_tasks - INFO - Pass: RemoveIdentityEquivalent - 0.00262 (ms)
[2026-05-28 19:29:57,656] qiskit.passmanager.base_tasks - INFO - Pass: Optimize1qGatesDecomposition - 0.01240 (ms)
[2026-05-28 19:29:57,656] qiskit.passmanager.base_tasks - INFO - Pass: CommutativeCancellation - 0.01335 (ms)
[2026-05-28 19:29:57,656] qiskit.passmanager.base_tasks - INFO - Pass: ContractIdleWiresInControlFlow - 0.00095 (ms)
[2026-05-28 19:29:57,656] qiskit.passmanager.base_tasks - INFO - Pass: GatesInBasis - 0.00191 (ms)
[2026-05-28 19:29:57,656] qiskit.passmanager.base_tasks - INFO - Pass: Size - 0.00119 (ms)
[2026-05-28 19:29:57,656] qiskit.passmanager.base_tasks - INFO - Pass: Depth - 0.00334 (ms)
[2026-05-28 19:29:57,656] qiskit.passmanager.base_tasks - INFO - Pass: FixedPoint - 0.00191 (ms)
[2026-05-28 19:29:57,656] qiskit.passmanager.base_tasks - INFO - Pass: FixedPoint - 0.00119 (ms)
[2026-05-28 19:29:57,656] qiskit.passmanager.base_tasks - INFO - Pass: ContainsInstruction - 0.00215 (ms)
[2026-05-28 19:29:57,656] qiskit.compiler.transpiler - INFO - Total Transpile Time - 4.22883 (ms)
[2026-05-28 19:30:19,057] qiskit.passmanager.base_tasks - INFO - Pass: ContainsInstruction - 0.00811 (ms)
[2026-05-28 19:30:19,057] qiskit.passmanager.base_tasks - INFO - Pass: UnitarySynthesis - 0.00596 (ms)
[2026-05-28 19:30:19,057] qiskit.passmanager.base_tasks - INFO - Pass: HighLevelSynthesis - 0.00525 (ms)
[2026-05-28 19:30:19,057] qiskit.passmanager.base_tasks - INFO - Pass: BasisTranslator - 0.01812 (ms)
[2026-05-28 19:30:19,057] qiskit.passmanager.base_tasks - INFO - Pass: ElidePermutations - 0.00644 (ms)
[2026-05-28 19:30:19,057] qiskit.passmanager.base_tasks - INFO - Pass: RemoveDiagonalGatesBeforeMeasure - 0.00811 (ms)
[2026-05-28 19:30:19,057] qiskit.passmanager.base_tasks - INFO - Pass: RemoveIdentityEquivalent - 0.00930 (ms)
[2026-05-28 19:30:19,057] qiskit.passmanager.base_tasks - INFO - Pass: InverseCancellation - 0.01240 (ms)
[2026-05-28 19:30:19,057] qiskit.passmanager.base_tasks - INFO - Pass: ContractIdleWiresInControlFlow - 0.00143 (ms)
[2026-05-28 19:30:19,057] qiskit.passmanager.base_tasks - INFO - Pass: CommutativeCancellation - 0.02694 (ms)
[2026-05-28 19:30:19,057] qiskit.passmanager.base_tasks - INFO - Pass: ConsolidateBlocks - 0.05317 (ms)
[2026-05-28 19:30:19,057] qiskit.passmanager.base_tasks - INFO - Pass: Split2QUnitaries - 0.00381 (ms)
[2026-05-28 19:30:19,057] qiskit.passmanager.base_tasks - INFO - Pass: UnitarySynthesis - 0.00334 (ms)
[2026-05-28 19:30:19,058] qiskit.passmanager.base_tasks - INFO - Pass: HighLevelSynthesis - 0.00691 (ms)
[2026-05-28 19:30:19,058] qiskit.passmanager.base_tasks - INFO - Pass: BasisTranslator - 0.27204 (ms)
[2026-05-28 19:30:19,058] qiskit.passmanager.base_tasks - INFO - Pass: ConsolidateBlocks - 0.06580 (ms)
[2026-05-28 19:30:19,058] qiskit.passmanager.base_tasks - INFO - Pass: UnitarySynthesis - 0.11230 (ms)
[2026-05-28 19:30:19,058] qiskit.passmanager.base_tasks - INFO - Pass: Size - 0.00453 (ms)
[2026-05-28 19:30:19,058] qiskit.passmanager.base_tasks - INFO - Pass: Depth - 0.00596 (ms)
[2026-05-28 19:30:19,058] qiskit.passmanager.base_tasks - INFO - Pass: FixedPoint - 0.00644 (ms)
[2026-05-28 19:30:19,058] qiskit.passmanager.base_tasks - INFO - Pass: FixedPoint - 0.00143 (ms)
[2026-05-28 19:30:19,058] qiskit.passmanager.base_tasks - INFO - Pass: RemoveIdentityEquivalent - 0.00429 (ms)
[2026-05-28 19:30:19,058] qiskit.passmanager.base_tasks - INFO - Pass: Optimize1qGatesDecomposition - 0.02527 (ms)
[2026-05-28 19:30:19,058] qiskit.passmanager.base_tasks - INFO - Pass: CommutativeCancellation - 0.01764 (ms)
[2026-05-28 19:30:19,058] qiskit.passmanager.base_tasks - INFO - Pass: ContractIdleWiresInControlFlow - 0.00143 (ms)
[2026-05-28 19:30:19,058] qiskit.passmanager.base_tasks - INFO - Pass: GatesInBasis - 0.00334 (ms)
[2026-05-28 19:30:19,058] qiskit.passmanager.base_tasks - INFO - Pass: Size - 0.00143 (ms)
[2026-05-28 19:30:19,058] qiskit.passmanager.base_tasks - INFO - Pass: Depth - 0.00429 (ms)
[2026-05-28 19:30:19,058] qiskit.passmanager.base_tasks - INFO - Pass: FixedPoint - 0.00238 (ms)
[2026-05-28 19:30:19,058] qiskit.passmanager.base_tasks - INFO - Pass: FixedPoint - 0.00167 (ms)
[2026-05-28 19:30:19,058] qiskit.passmanager.base_tasks - INFO - Pass: RemoveIdentityEquivalent - 0.00262 (ms)
[2026-05-28 19:30:19,059] qiskit.passmanager.base_tasks - INFO - Pass: Optimize1qGatesDecomposition - 0.01550 (ms)
[2026-05-28 19:30:19,059] qiskit.passmanager.base_tasks - INFO - Pass: CommutativeCancellation - 0.01407 (ms)
[2026-05-28 19:30:19,059] qiskit.passmanager.base_tasks - INFO - Pass: ContractIdleWiresInControlFlow - 0.00095 (ms)
[2026-05-28 19:30:19,059] qiskit.passmanager.base_tasks - INFO - Pass: GatesInBasis - 0.00191 (ms)
[2026-05-28 19:30:19,059] qiskit.passmanager.base_tasks - INFO - Pass: Size - 0.00119 (ms)
[2026-05-28 19:30:19,059] qiskit.passmanager.base_tasks - INFO - Pass: Depth - 0.00405 (ms)
[2026-05-28 19:30:19,059] qiskit.passmanager.base_tasks - INFO - Pass: FixedPoint - 0.00167 (ms)
[2026-05-28 19:30:19,059] qiskit.passmanager.base_tasks - INFO - Pass: FixedPoint - 0.00191 (ms)
[2026-05-28 19:30:19,059] qiskit.passmanager.base_tasks - INFO - Pass: ContainsInstruction - 0.00334 (ms)
[2026-05-28 19:30:19,059] qiskit.compiler.transpiler - INFO - Total Transpile Time - 4.62246 (ms)
[2026-05-28 19:30:39,921] qiskit.passmanager.base_tasks - INFO - Pass: ContainsInstruction - 0.00858 (ms)
[2026-05-28 19:30:39,921] qiskit.passmanager.base_tasks - INFO - Pass: UnitarySynthesis - 0.00668 (ms)
[2026-05-28 19:30:39,921] qiskit.passmanager.base_tasks - INFO - Pass: HighLevelSynthesis - 0.00620 (ms)
[2026-05-28 19:30:39,921] qiskit.passmanager.base_tasks - INFO - Pass: BasisTranslator - 0.02027 (ms)
[2026-05-28 19:30:39,922] qiskit.passmanager.base_tasks - INFO - Pass: ElidePermutations - 0.00644 (ms)
[2026-05-28 19:30:39,922] qiskit.passmanager.base_tasks - INFO - Pass: RemoveDiagonalGatesBeforeMeasure - 0.00620 (ms)
[2026-05-28 19:30:39,922] qiskit.passmanager.base_tasks - INFO - Pass: RemoveIdentityEquivalent - 0.01025 (ms)
[2026-05-28 19:30:39,922] qiskit.passmanager.base_tasks - INFO - Pass: InverseCancellation - 0.01049 (ms)
[2026-05-28 19:30:39,922] qiskit.passmanager.base_tasks - INFO - Pass: ContractIdleWiresInControlFlow - 0.00167 (ms)
[2026-05-28 19:30:39,922] qiskit.passmanager.base_tasks - INFO - Pass: CommutativeCancellation - 0.02599 (ms)
[2026-05-28 19:30:39,922] qiskit.passmanager.base_tasks - INFO - Pass: ConsolidateBlocks - 0.05198 (ms)
[2026-05-28 19:30:39,922] qiskit.passmanager.base_tasks - INFO - Pass: Split2QUnitaries - 0.00238 (ms)
[2026-05-28 19:30:39,922] qiskit.passmanager.base_tasks - INFO - Pass: UnitarySynthesis - 0.00238 (ms)
[2026-05-28 19:30:39,922] qiskit.passmanager.base_tasks - INFO - Pass: HighLevelSynthesis - 0.00525 (ms)
[2026-05-28 19:30:39,922] qiskit.passmanager.base_tasks - INFO - Pass: BasisTranslator - 0.33760 (ms)
[2026-05-28 19:30:39,922] qiskit.passmanager.base_tasks - INFO - Pass: ConsolidateBlocks - 0.07010 (ms)
[2026-05-28 19:30:39,922] qiskit.passmanager.base_tasks - INFO - Pass: UnitarySynthesis - 0.00477 (ms)
[2026-05-28 19:30:39,922] qiskit.passmanager.base_tasks - INFO - Pass: Size - 0.00477 (ms)
[2026-05-28 19:30:39,922] qiskit.passmanager.base_tasks - INFO - Pass: Depth - 0.00763 (ms)
[2026-05-28 19:30:39,922] qiskit.passmanager.base_tasks - INFO - Pass: FixedPoint - 0.00620 (ms)
[2026-05-28 19:30:39,922] qiskit.passmanager.base_tasks - INFO - Pass: FixedPoint - 0.00167 (ms)
[2026-05-28 19:30:39,922] qiskit.passmanager.base_tasks - INFO - Pass: RemoveIdentityEquivalent - 0.00739 (ms)
[2026-05-28 19:30:39,922] qiskit.passmanager.base_tasks - INFO - Pass: Optimize1qGatesDecomposition - 0.03338 (ms)
[2026-05-28 19:30:39,923] qiskit.passmanager.base_tasks - INFO - Pass: CommutativeCancellation - 0.02527 (ms)
[2026-05-28 19:30:39,923] qiskit.passmanager.base_tasks - INFO - Pass: ContractIdleWiresInControlFlow - 0.00143 (ms)
[2026-05-28 19:30:39,923] qiskit.passmanager.base_tasks - INFO - Pass: GatesInBasis - 0.00525 (ms)
[2026-05-28 19:30:39,923] qiskit.passmanager.base_tasks - INFO - Pass: Size - 0.00238 (ms)
[2026-05-28 19:30:39,923] qiskit.passmanager.base_tasks - INFO - Pass: Depth - 0.00787 (ms)
[2026-05-28 19:30:39,923] qiskit.passmanager.base_tasks - INFO - Pass: FixedPoint - 0.00477 (ms)
[2026-05-28 19:30:39,923] qiskit.passmanager.base_tasks - INFO - Pass: FixedPoint - 0.00215 (ms)
[2026-05-28 19:30:39,923] qiskit.passmanager.base_tasks - INFO - Pass: RemoveIdentityEquivalent - 0.00715 (ms)
[2026-05-28 19:30:39,923] qiskit.passmanager.base_tasks - INFO - Pass: Optimize1qGatesDecomposition - 0.02193 (ms)
[2026-05-28 19:30:39,923] qiskit.passmanager.base_tasks - INFO - Pass: CommutativeCancellation - 0.01764 (ms)
[2026-05-28 19:30:39,923] qiskit.passmanager.base_tasks - INFO - Pass: ContractIdleWiresInControlFlow - 0.00119 (ms)
[2026-05-28 19:30:39,923] qiskit.passmanager.base_tasks - INFO - Pass: GatesInBasis - 0.00262 (ms)
[2026-05-28 19:30:39,923] qiskit.passmanager.base_tasks - INFO - Pass: Size - 0.00119 (ms)
[2026-05-28 19:30:39,923] qiskit.passmanager.base_tasks - INFO - Pass: Depth - 0.00405 (ms)
[2026-05-28 19:30:39,923] qiskit.passmanager.base_tasks - INFO - Pass: FixedPoint - 0.00215 (ms)
[2026-05-28 19:30:39,923] qiskit.passmanager.base_tasks - INFO - Pass: FixedPoint - 0.00095 (ms)
[2026-05-28 19:30:39,923] qiskit.passmanager.base_tasks - INFO - Pass: ContainsInstruction - 0.00310 (ms)
[2026-05-28 19:30:39,923] qiskit.compiler.transpiler - INFO - Total Transpile Time - 5.57423 (ms)
[2026-05-28 19:31:01,382] qiskit.passmanager.base_tasks - INFO - Pass: ContainsInstruction - 0.00644 (ms)
[2026-05-28 19:31:01,382] qiskit.passmanager.base_tasks - INFO - Pass: UnitarySynthesis - 0.00453 (ms)
[2026-05-28 19:31:01,382] qiskit.passmanager.base_tasks - INFO - Pass: HighLevelSynthesis - 0.00429 (ms)
[2026-05-28 19:31:01,382] qiskit.passmanager.base_tasks - INFO - Pass: BasisTranslator - 0.01454 (ms)
[2026-05-28 19:31:01,382] qiskit.passmanager.base_tasks - INFO - Pass: ElidePermutations - 0.00358 (ms)
[2026-05-28 19:31:01,382] qiskit.passmanager.base_tasks - INFO - Pass: RemoveDiagonalGatesBeforeMeasure - 0.00501 (ms)
[2026-05-28 19:31:01,382] qiskit.passmanager.base_tasks - INFO - Pass: RemoveIdentityEquivalent - 0.00668 (ms)
[2026-05-28 19:31:01,382] qiskit.passmanager.base_tasks - INFO - Pass: InverseCancellation - 0.01025 (ms)
[2026-05-28 19:31:01,382] qiskit.passmanager.base_tasks - INFO - Pass: ContractIdleWiresInControlFlow - 0.00143 (ms)
[2026-05-28 19:31:01,382] qiskit.passmanager.base_tasks - INFO - Pass: CommutativeCancellation - 0.02360 (ms)
[2026-05-28 19:31:01,383] qiskit.passmanager.base_tasks - INFO - Pass: ConsolidateBlocks - 0.04506 (ms)
[2026-05-28 19:31:01,383] qiskit.passmanager.base_tasks - INFO - Pass: Split2QUnitaries - 0.00238 (ms)
[2026-05-28 19:31:01,383] qiskit.passmanager.base_tasks - INFO - Pass: UnitarySynthesis - 0.00215 (ms)
[2026-05-28 19:31:01,383] qiskit.passmanager.base_tasks - INFO - Pass: HighLevelSynthesis - 0.00572 (ms)
[2026-05-28 19:31:01,383] qiskit.passmanager.base_tasks - INFO - Pass: BasisTranslator - 0.28515 (ms)
[2026-05-28 19:31:01,383] qiskit.passmanager.base_tasks - INFO - Pass: ConsolidateBlocks - 0.05579 (ms)
[2026-05-28 19:31:01,383] qiskit.passmanager.base_tasks - INFO - Pass: UnitarySynthesis - 0.00262 (ms)
[2026-05-28 19:31:01,383] qiskit.passmanager.base_tasks - INFO - Pass: Size - 0.00215 (ms)
[2026-05-28 19:31:01,383] qiskit.passmanager.base_tasks - INFO - Pass: Depth - 0.00691 (ms)
[2026-05-28 19:31:01,383] qiskit.passmanager.base_tasks - INFO - Pass: FixedPoint - 0.00501 (ms)
[2026-05-28 19:31:01,383] qiskit.passmanager.base_tasks - INFO - Pass: FixedPoint - 0.00143 (ms)
[2026-05-28 19:31:01,383] qiskit.passmanager.base_tasks - INFO - Pass: RemoveIdentityEquivalent - 0.00453 (ms)
[2026-05-28 19:31:01,383] qiskit.passmanager.base_tasks - INFO - Pass: Optimize1qGatesDecomposition - 0.02527 (ms)
[2026-05-28 19:31:01,383] qiskit.passmanager.base_tasks - INFO - Pass: CommutativeCancellation - 0.01788 (ms)
[2026-05-28 19:31:01,383] qiskit.passmanager.base_tasks - INFO - Pass: ContractIdleWiresInControlFlow - 0.00119 (ms)
[2026-05-28 19:31:01,383] qiskit.passmanager.base_tasks - INFO - Pass: GatesInBasis - 0.00334 (ms)
[2026-05-28 19:31:01,383] qiskit.passmanager.base_tasks - INFO - Pass: Size - 0.00095 (ms)
[2026-05-28 19:31:01,383] qiskit.passmanager.base_tasks - INFO - Pass: Depth - 0.00429 (ms)
[2026-05-28 19:31:01,383] qiskit.passmanager.base_tasks - INFO - Pass: FixedPoint - 0.00215 (ms)
[2026-05-28 19:31:01,383] qiskit.passmanager.base_tasks - INFO - Pass: FixedPoint - 0.00143 (ms)
[2026-05-28 19:31:01,383] qiskit.passmanager.base_tasks - INFO - Pass: RemoveIdentityEquivalent - 0.00238 (ms)
[2026-05-28 19:31:01,383] qiskit.passmanager.base_tasks - INFO - Pass: Optimize1qGatesDecomposition - 0.01359 (ms)
[2026-05-28 19:31:01,383] qiskit.passmanager.base_tasks - INFO - Pass: CommutativeCancellation - 0.01335 (ms)
[2026-05-28 19:31:01,383] qiskit.passmanager.base_tasks - INFO - Pass: ContractIdleWiresInControlFlow - 0.00119 (ms)
[2026-05-28 19:31:01,383] qiskit.passmanager.base_tasks - INFO - Pass: GatesInBasis - 0.00191 (ms)
[2026-05-28 19:31:01,383] qiskit.passmanager.base_tasks - INFO - Pass: Size - 0.00095 (ms)
[2026-05-28 19:31:01,383] qiskit.passmanager.base_tasks - INFO - Pass: Depth - 0.00358 (ms)
[2026-05-28 19:31:01,383] qiskit.passmanager.base_tasks - INFO - Pass: FixedPoint - 0.00167 (ms)
[2026-05-28 19:31:01,383] qiskit.passmanager.base_tasks - INFO - Pass: FixedPoint - 0.00143 (ms)
[2026-05-28 19:31:01,383] qiskit.passmanager.base_tasks - INFO - Pass: ContainsInstruction - 0.00262 (ms)
[2026-05-28 19:31:01,384] qiskit.compiler.transpiler - INFO - Total Transpile Time - 4.21500 (ms)
[2026-05-28 19:31:24,372] qiskit.passmanager.base_tasks - INFO - Pass: ContainsInstruction - 0.00548 (ms)
[2026-05-28 19:31:24,372] qiskit.passmanager.base_tasks - INFO - Pass: UnitarySynthesis - 0.00453 (ms)
[2026-05-28 19:31:24,372] qiskit.passmanager.base_tasks - INFO - Pass: HighLevelSynthesis - 0.00381 (ms)
[2026-05-28 19:31:24,372] qiskit.passmanager.base_tasks - INFO - Pass: BasisTranslator - 0.01311 (ms)
[2026-05-28 19:31:24,372] qiskit.passmanager.base_tasks - INFO - Pass: ElidePermutations - 0.00429 (ms)
[2026-05-28 19:31:24,372] qiskit.passmanager.base_tasks - INFO - Pass: RemoveDiagonalGatesBeforeMeasure - 0.00453 (ms)
[2026-05-28 19:31:24,372] qiskit.passmanager.base_tasks - INFO - Pass: RemoveIdentityEquivalent - 0.00739 (ms)
[2026-05-28 19:31:24,372] qiskit.passmanager.base_tasks - INFO - Pass: InverseCancellation - 0.01073 (ms)
[2026-05-28 19:31:24,372] qiskit.passmanager.base_tasks - INFO - Pass: ContractIdleWiresInControlFlow - 0.00119 (ms)
[2026-05-28 19:31:24,372] qiskit.passmanager.base_tasks - INFO - Pass: CommutativeCancellation - 0.02217 (ms)
[2026-05-28 19:31:24,372] qiskit.passmanager.base_tasks - INFO - Pass: ConsolidateBlocks - 0.04363 (ms)
[2026-05-28 19:31:24,373] qiskit.passmanager.base_tasks - INFO - Pass: Split2QUnitaries - 0.00215 (ms)
[2026-05-28 19:31:24,373] qiskit.passmanager.base_tasks - INFO - Pass: UnitarySynthesis - 0.00262 (ms)
[2026-05-28 19:31:24,373] qiskit.passmanager.base_tasks - INFO - Pass: HighLevelSynthesis - 0.00525 (ms)
[2026-05-28 19:31:24,373] qiskit.passmanager.base_tasks - INFO - Pass: BasisTranslator - 0.26560 (ms)
[2026-05-28 19:31:24,373] qiskit.passmanager.base_tasks - INFO - Pass: ConsolidateBlocks - 0.05174 (ms)
[2026-05-28 19:31:24,373] qiskit.passmanager.base_tasks - INFO - Pass: UnitarySynthesis - 0.00262 (ms)
[2026-05-28 19:31:24,373] qiskit.passmanager.base_tasks - INFO - Pass: Size - 0.00238 (ms)
[2026-05-28 19:31:24,373] qiskit.passmanager.base_tasks - INFO - Pass: Depth - 0.00644 (ms)
[2026-05-28 19:31:24,373] qiskit.passmanager.base_tasks - INFO - Pass: FixedPoint - 0.00405 (ms)
[2026-05-28 19:31:24,373] qiskit.passmanager.base_tasks - INFO - Pass: FixedPoint - 0.00143 (ms)
[2026-05-28 19:31:24,373] qiskit.passmanager.base_tasks - INFO - Pass: RemoveIdentityEquivalent - 0.00405 (ms)
[2026-05-28 19:31:24,373] qiskit.passmanager.base_tasks - INFO - Pass: Optimize1qGatesDecomposition - 0.02623 (ms)
[2026-05-28 19:31:24,373] qiskit.passmanager.base_tasks - INFO - Pass: CommutativeCancellation - 0.01764 (ms)
[2026-05-28 19:31:24,373] qiskit.passmanager.base_tasks - INFO - Pass: ContractIdleWiresInControlFlow - 0.00143 (ms)
[2026-05-28 19:31:24,373] qiskit.passmanager.base_tasks - INFO - Pass: GatesInBasis - 0.00358 (ms)
[2026-05-28 19:31:24,373] qiskit.passmanager.base_tasks - INFO - Pass: Size - 0.00119 (ms)
[2026-05-28 19:31:24,373] qiskit.passmanager.base_tasks - INFO - Pass: Depth - 0.00381 (ms)
[2026-05-28 19:31:24,373] qiskit.passmanager.base_tasks - INFO - Pass: FixedPoint - 0.00167 (ms)
[2026-05-28 19:31:24,373] qiskit.passmanager.base_tasks - INFO - Pass: FixedPoint - 0.00095 (ms)
[2026-05-28 19:31:24,373] qiskit.passmanager.base_tasks - INFO - Pass: RemoveIdentityEquivalent - 0.00262 (ms)
[2026-05-28 19:31:24,373] qiskit.passmanager.base_tasks - INFO - Pass: Optimize1qGatesDecomposition - 0.01359 (ms)
[2026-05-28 19:31:24,373] qiskit.passmanager.base_tasks - INFO - Pass: CommutativeCancellation - 0.01287 (ms)
[2026-05-28 19:31:24,373] qiskit.passmanager.base_tasks - INFO - Pass: ContractIdleWiresInControlFlow - 0.00143 (ms)
[2026-05-28 19:31:24,373] qiskit.passmanager.base_tasks - INFO - Pass: GatesInBasis - 0.00191 (ms)
[2026-05-28 19:31:24,373] qiskit.passmanager.base_tasks - INFO - Pass: Size - 0.00119 (ms)
[2026-05-28 19:31:24,373] qiskit.passmanager.base_tasks - INFO - Pass: Depth - 0.00358 (ms)
[2026-05-28 19:31:24,373] qiskit.passmanager.base_tasks - INFO - Pass: FixedPoint - 0.00167 (ms)
[2026-05-28 19:31:24,373] qiskit.passmanager.base_tasks - INFO - Pass: FixedPoint - 0.00143 (ms)
[2026-05-28 19:31:24,373] qiskit.passmanager.base_tasks - INFO - Pass: ContainsInstruction - 0.00215 (ms)
[2026-05-28 19:31:24,373] qiskit.compiler.transpiler - INFO - Total Transpile Time - 4.09102 (ms)
[2026-05-28 19:31:45,159] qiskit.passmanager.base_tasks - INFO - Pass: ContainsInstruction - 0.00572 (ms)
[2026-05-28 19:31:45,159] qiskit.passmanager.base_tasks - INFO - Pass: UnitarySynthesis - 0.01144 (ms)
[2026-05-28 19:31:45,159] qiskit.passmanager.base_tasks - INFO - Pass: HighLevelSynthesis - 0.00405 (ms)
[2026-05-28 19:31:45,159] qiskit.passmanager.base_tasks - INFO - Pass: BasisTranslator - 0.01287 (ms)
[2026-05-28 19:31:45,159] qiskit.passmanager.base_tasks - INFO - Pass: ElidePermutations - 0.00548 (ms)
[2026-05-28 19:31:45,159] qiskit.passmanager.base_tasks - INFO - Pass: RemoveDiagonalGatesBeforeMeasure - 0.00477 (ms)
[2026-05-28 19:31:45,159] qiskit.passmanager.base_tasks - INFO - Pass: RemoveIdentityEquivalent - 0.00906 (ms)
[2026-05-28 19:31:45,159] qiskit.passmanager.base_tasks - INFO - Pass: InverseCancellation - 0.00858 (ms)
[2026-05-28 19:31:45,159] qiskit.passmanager.base_tasks - INFO - Pass: ContractIdleWiresInControlFlow - 0.00143 (ms)
[2026-05-28 19:31:45,159] qiskit.passmanager.base_tasks - INFO - Pass: CommutativeCancellation - 0.01812 (ms)
[2026-05-28 19:31:45,160] qiskit.passmanager.base_tasks - INFO - Pass: ConsolidateBlocks - 0.04196 (ms)
[2026-05-28 19:31:45,160] qiskit.passmanager.base_tasks - INFO - Pass: Split2QUnitaries - 0.00191 (ms)
[2026-05-28 19:31:45,160] qiskit.passmanager.base_tasks - INFO - Pass: UnitarySynthesis - 0.00215 (ms)
[2026-05-28 19:31:45,160] qiskit.passmanager.base_tasks - INFO - Pass: HighLevelSynthesis - 0.00358 (ms)
[2026-05-28 19:31:45,160] qiskit.passmanager.base_tasks - INFO - Pass: BasisTranslator - 0.25058 (ms)
[2026-05-28 19:31:45,160] qiskit.passmanager.base_tasks - INFO - Pass: ConsolidateBlocks - 0.05150 (ms)
[2026-05-28 19:31:45,160] qiskit.passmanager.base_tasks - INFO - Pass: UnitarySynthesis - 0.00215 (ms)
[2026-05-28 19:31:45,160] qiskit.passmanager.base_tasks - INFO - Pass: Size - 0.00286 (ms)
[2026-05-28 19:31:45,160] qiskit.passmanager.base_tasks - INFO - Pass: Depth - 0.00596 (ms)
[2026-05-28 19:31:45,160] qiskit.passmanager.base_tasks - INFO - Pass: FixedPoint - 0.00525 (ms)
[2026-05-28 19:31:45,160] qiskit.passmanager.base_tasks - INFO - Pass: FixedPoint - 0.00215 (ms)
[2026-05-28 19:31:45,160] qiskit.passmanager.base_tasks - INFO - Pass: RemoveIdentityEquivalent - 0.00453 (ms)
[2026-05-28 19:31:45,160] qiskit.passmanager.base_tasks - INFO - Pass: Optimize1qGatesDecomposition - 0.02408 (ms)
[2026-05-28 19:31:45,160] qiskit.passmanager.base_tasks - INFO - Pass: CommutativeCancellation - 0.01955 (ms)
[2026-05-28 19:31:45,160] qiskit.passmanager.base_tasks - INFO - Pass: ContractIdleWiresInControlFlow - 0.00119 (ms)
[2026-05-28 19:31:45,160] qiskit.passmanager.base_tasks - INFO - Pass: GatesInBasis - 0.00358 (ms)
[2026-05-28 19:31:45,160] qiskit.passmanager.base_tasks - INFO - Pass: Size - 0.00119 (ms)
[2026-05-28 19:31:45,160] qiskit.passmanager.base_tasks - INFO - Pass: Depth - 0.00405 (ms)
[2026-05-28 19:31:45,160] qiskit.passmanager.base_tasks - INFO - Pass: FixedPoint - 0.00238 (ms)
[2026-05-28 19:31:45,160] qiskit.passmanager.base_tasks - INFO - Pass: FixedPoint - 0.00215 (ms)
[2026-05-28 19:31:45,160] qiskit.passmanager.base_tasks - INFO - Pass: RemoveIdentityEquivalent - 0.00215 (ms)
[2026-05-28 19:31:45,160] qiskit.passmanager.base_tasks - INFO - Pass: Optimize1qGatesDecomposition - 0.01359 (ms)
[2026-05-28 19:31:45,160] qiskit.passmanager.base_tasks - INFO - Pass: CommutativeCancellation - 0.01454 (ms)
[2026-05-28 19:31:45,160] qiskit.passmanager.base_tasks - INFO - Pass: ContractIdleWiresInControlFlow - 0.00119 (ms)
[2026-05-28 19:31:45,161] qiskit.passmanager.base_tasks - INFO - Pass: GatesInBasis - 0.00191 (ms)
[2026-05-28 19:31:45,161] qiskit.passmanager.base_tasks - INFO - Pass: Size - 0.00095 (ms)
[2026-05-28 19:31:45,161] qiskit.passmanager.base_tasks - INFO - Pass: Depth - 0.00381 (ms)
[2026-05-28 19:31:45,161] qiskit.passmanager.base_tasks - INFO - Pass: FixedPoint - 0.00191 (ms)
[2026-05-28 19:31:45,161] qiskit.passmanager.base_tasks - INFO - Pass: FixedPoint - 0.00143 (ms)
[2026-05-28 19:31:45,161] qiskit.passmanager.base_tasks - INFO - Pass: ContainsInstruction - 0.00238 (ms)
[2026-05-28 19:31:45,161] qiskit.compiler.transpiler - INFO - Total Transpile Time - 4.32873 (ms)
[2026-05-28 19:32:06,487] qiskit.passmanager.base_tasks - INFO - Pass: ContainsInstruction - 0.00620 (ms)
[2026-05-28 19:32:06,487] qiskit.passmanager.base_tasks - INFO - Pass: UnitarySynthesis - 0.00501 (ms)
[2026-05-28 19:32:06,487] qiskit.passmanager.base_tasks - INFO - Pass: HighLevelSynthesis - 0.00477 (ms)
[2026-05-28 19:32:06,487] qiskit.passmanager.base_tasks - INFO - Pass: BasisTranslator - 0.01621 (ms)
[2026-05-28 19:32:06,487] qiskit.passmanager.base_tasks - INFO - Pass: ElidePermutations - 0.00453 (ms)
[2026-05-28 19:32:06,487] qiskit.passmanager.base_tasks - INFO - Pass: RemoveDiagonalGatesBeforeMeasure - 0.00525 (ms)
[2026-05-28 19:32:06,487] qiskit.passmanager.base_tasks - INFO - Pass: RemoveIdentityEquivalent - 0.00978 (ms)
[2026-05-28 19:32:06,487] qiskit.passmanager.base_tasks - INFO - Pass: InverseCancellation - 0.01264 (ms)
[2026-05-28 19:32:06,487] qiskit.passmanager.base_tasks - INFO - Pass: ContractIdleWiresInControlFlow - 0.00191 (ms)
[2026-05-28 19:32:06,487] qiskit.passmanager.base_tasks - INFO - Pass: CommutativeCancellation - 0.02480 (ms)
[2026-05-28 19:32:06,488] qiskit.passmanager.base_tasks - INFO - Pass: ConsolidateBlocks - 0.04292 (ms)
[2026-05-28 19:32:06,488] qiskit.passmanager.base_tasks - INFO - Pass: Split2QUnitaries - 0.00215 (ms)
[2026-05-28 19:32:06,488] qiskit.passmanager.base_tasks - INFO - Pass: UnitarySynthesis - 0.00286 (ms)
[2026-05-28 19:32:06,488] qiskit.passmanager.base_tasks - INFO - Pass: HighLevelSynthesis - 0.00477 (ms)
[2026-05-28 19:32:06,488] qiskit.passmanager.base_tasks - INFO - Pass: BasisTranslator - 0.26298 (ms)
[2026-05-28 19:32:06,488] qiskit.passmanager.base_tasks - INFO - Pass: ConsolidateBlocks - 0.06127 (ms)
[2026-05-28 19:32:06,488] qiskit.passmanager.base_tasks - INFO - Pass: UnitarySynthesis - 0.10610 (ms)
[2026-05-28 19:32:06,488] qiskit.passmanager.base_tasks - INFO - Pass: Size - 0.00286 (ms)
[2026-05-28 19:32:06,488] qiskit.passmanager.base_tasks - INFO - Pass: Depth - 0.00715 (ms)
[2026-05-28 19:32:06,488] qiskit.passmanager.base_tasks - INFO - Pass: FixedPoint - 0.00501 (ms)
[2026-05-28 19:32:06,488] qiskit.passmanager.base_tasks - INFO - Pass: FixedPoint - 0.00167 (ms)
[2026-05-28 19:32:06,488] qiskit.passmanager.base_tasks - INFO - Pass: RemoveIdentityEquivalent - 0.00477 (ms)
[2026-05-28 19:32:06,488] qiskit.passmanager.base_tasks - INFO - Pass: Optimize1qGatesDecomposition - 0.02503 (ms)
[2026-05-28 19:32:06,488] qiskit.passmanager.base_tasks - INFO - Pass: CommutativeCancellation - 0.01740 (ms)
[2026-05-28 19:32:06,488] qiskit.passmanager.base_tasks - INFO - Pass: ContractIdleWiresInControlFlow - 0.00072 (ms)
[2026-05-28 19:32:06,488] qiskit.passmanager.base_tasks - INFO - Pass: GatesInBasis - 0.00358 (ms)
[2026-05-28 19:32:06,488] qiskit.passmanager.base_tasks - INFO - Pass: Size - 0.00143 (ms)
[2026-05-28 19:32:06,488] qiskit.passmanager.base_tasks - INFO - Pass: Depth - 0.00429 (ms)
[2026-05-28 19:32:06,488] qiskit.passmanager.base_tasks - INFO - Pass: FixedPoint - 0.00238 (ms)
[2026-05-28 19:32:06,488] qiskit.passmanager.base_tasks - INFO - Pass: FixedPoint - 0.00143 (ms)
[2026-05-28 19:32:06,488] qiskit.passmanager.base_tasks - INFO - Pass: RemoveIdentityEquivalent - 0.00191 (ms)
[2026-05-28 19:32:06,488] qiskit.passmanager.base_tasks - INFO - Pass: Optimize1qGatesDecomposition - 0.01264 (ms)
[2026-05-28 19:32:06,489] qiskit.passmanager.base_tasks - INFO - Pass: CommutativeCancellation - 0.01097 (ms)
[2026-05-28 19:32:06,489] qiskit.passmanager.base_tasks - INFO - Pass: ContractIdleWiresInControlFlow - 0.00334 (ms)
[2026-05-28 19:32:06,489] qiskit.passmanager.base_tasks - INFO - Pass: GatesInBasis - 0.00143 (ms)
[2026-05-28 19:32:06,489] qiskit.passmanager.base_tasks - INFO - Pass: Size - 0.00072 (ms)
[2026-05-28 19:32:06,489] qiskit.passmanager.base_tasks - INFO - Pass: Depth - 0.00286 (ms)
[2026-05-28 19:32:06,489] qiskit.passmanager.base_tasks - INFO - Pass: FixedPoint - 0.00143 (ms)
[2026-05-28 19:32:06,489] qiskit.passmanager.base_tasks - INFO - Pass: FixedPoint - 0.00119 (ms)
[2026-05-28 19:32:06,489] qiskit.passmanager.base_tasks - INFO - Pass: ContainsInstruction - 0.00215 (ms)
[2026-05-28 19:32:06,489] qiskit.compiler.transpiler - INFO - Total Transpile Time - 4.51970 (ms)
[2026-05-28 19:32:27,857] qiskit.passmanager.base_tasks - INFO - Pass: ContainsInstruction - 0.00572 (ms)
[2026-05-28 19:32:27,857] qiskit.passmanager.base_tasks - INFO - Pass: UnitarySynthesis - 0.00477 (ms)
[2026-05-28 19:32:27,857] qiskit.passmanager.base_tasks - INFO - Pass: HighLevelSynthesis - 0.00477 (ms)
[2026-05-28 19:32:27,857] qiskit.passmanager.base_tasks - INFO - Pass: BasisTranslator - 0.01335 (ms)
[2026-05-28 19:32:27,857] qiskit.passmanager.base_tasks - INFO - Pass: ElidePermutations - 0.00453 (ms)
[2026-05-28 19:32:27,857] qiskit.passmanager.base_tasks - INFO - Pass: RemoveDiagonalGatesBeforeMeasure - 0.00477 (ms)
[2026-05-28 19:32:27,857] qiskit.passmanager.base_tasks - INFO - Pass: RemoveIdentityEquivalent - 0.02384 (ms)
[2026-05-28 19:32:27,857] qiskit.passmanager.base_tasks - INFO - Pass: InverseCancellation - 0.01097 (ms)
[2026-05-28 19:32:27,857] qiskit.passmanager.base_tasks - INFO - Pass: ContractIdleWiresInControlFlow - 0.00119 (ms)
[2026-05-28 19:32:27,857] qiskit.passmanager.base_tasks - INFO - Pass: CommutativeCancellation - 0.03123 (ms)
[2026-05-28 19:32:27,858] qiskit.passmanager.base_tasks - INFO - Pass: ConsolidateBlocks - 0.04601 (ms)
[2026-05-28 19:32:27,858] qiskit.passmanager.base_tasks - INFO - Pass: Split2QUnitaries - 0.00215 (ms)
[2026-05-28 19:32:27,858] qiskit.passmanager.base_tasks - INFO - Pass: UnitarySynthesis - 0.00286 (ms)
[2026-05-28 19:32:27,858] qiskit.passmanager.base_tasks - INFO - Pass: HighLevelSynthesis - 0.00572 (ms)
[2026-05-28 19:32:27,858] qiskit.passmanager.base_tasks - INFO - Pass: BasisTranslator - 0.35238 (ms)
[2026-05-28 19:32:27,858] qiskit.passmanager.base_tasks - INFO - Pass: ConsolidateBlocks - 0.05817 (ms)
[2026-05-28 19:32:27,858] qiskit.passmanager.base_tasks - INFO - Pass: UnitarySynthesis - 0.00286 (ms)
[2026-05-28 19:32:27,858] qiskit.passmanager.base_tasks - INFO - Pass: Size - 0.00238 (ms)
[2026-05-28 19:32:27,858] qiskit.passmanager.base_tasks - INFO - Pass: Depth - 0.02337 (ms)
[2026-05-28 19:32:27,858] qiskit.passmanager.base_tasks - INFO - Pass: FixedPoint - 0.00501 (ms)
[2026-05-28 19:32:27,858] qiskit.passmanager.base_tasks - INFO - Pass: FixedPoint - 0.00191 (ms)
[2026-05-28 19:32:27,858] qiskit.passmanager.base_tasks - INFO - Pass: RemoveIdentityEquivalent - 0.00501 (ms)
[2026-05-28 19:32:27,858] qiskit.passmanager.base_tasks - INFO - Pass: Optimize1qGatesDecomposition - 0.02885 (ms)
[2026-05-28 19:32:27,858] qiskit.passmanager.base_tasks - INFO - Pass: CommutativeCancellation - 0.02027 (ms)
[2026-05-28 19:32:27,858] qiskit.passmanager.base_tasks - INFO - Pass: ContractIdleWiresInControlFlow - 0.00119 (ms)
[2026-05-28 19:32:27,858] qiskit.passmanager.base_tasks - INFO - Pass: GatesInBasis - 0.00453 (ms)
[2026-05-28 19:32:27,858] qiskit.passmanager.base_tasks - INFO - Pass: Size - 0.00167 (ms)
[2026-05-28 19:32:27,858] qiskit.passmanager.base_tasks - INFO - Pass: Depth - 0.00548 (ms)
[2026-05-28 19:32:27,858] qiskit.passmanager.base_tasks - INFO - Pass: FixedPoint - 0.00238 (ms)
[2026-05-28 19:32:27,858] qiskit.passmanager.base_tasks - INFO - Pass: FixedPoint - 0.00167 (ms)
[2026-05-28 19:32:27,859] qiskit.passmanager.base_tasks - INFO - Pass: RemoveIdentityEquivalent - 0.00215 (ms)
[2026-05-28 19:32:27,859] qiskit.passmanager.base_tasks - INFO - Pass: Optimize1qGatesDecomposition - 0.01407 (ms)
[2026-05-28 19:32:27,859] qiskit.passmanager.base_tasks - INFO - Pass: CommutativeCancellation - 0.01311 (ms)
[2026-05-28 19:32:27,859] qiskit.passmanager.base_tasks - INFO - Pass: ContractIdleWiresInControlFlow - 0.00072 (ms)
[2026-05-28 19:32:27,859] qiskit.passmanager.base_tasks - INFO - Pass: GatesInBasis - 0.00215 (ms)
[2026-05-28 19:32:27,859] qiskit.passmanager.base_tasks - INFO - Pass: Size - 0.00143 (ms)
[2026-05-28 19:32:27,859] qiskit.passmanager.base_tasks - INFO - Pass: Depth - 0.00429 (ms)
[2026-05-28 19:32:27,859] qiskit.passmanager.base_tasks - INFO - Pass: FixedPoint - 0.00215 (ms)
[2026-05-28 19:32:27,859] qiskit.passmanager.base_tasks - INFO - Pass: FixedPoint - 0.00119 (ms)
[2026-05-28 19:32:27,859] qiskit.passmanager.base_tasks - INFO - Pass: ContainsInstruction - 0.00262 (ms)
[2026-05-28 19:32:27,859] qiskit.compiler.transpiler - INFO - Total Transpile Time - 5.13387 (ms)
[2026-05-28 19:32:50,905] qiskit.passmanager.base_tasks - INFO - Pass: ContainsInstruction - 0.00596 (ms)
[2026-05-28 19:32:50,906] qiskit.passmanager.base_tasks - INFO - Pass: UnitarySynthesis - 0.00501 (ms)
[2026-05-28 19:32:50,906] qiskit.passmanager.base_tasks - INFO - Pass: HighLevelSynthesis - 0.00477 (ms)
[2026-05-28 19:32:50,906] qiskit.passmanager.base_tasks - INFO - Pass: BasisTranslator - 0.01383 (ms)
[2026-05-28 19:32:50,906] qiskit.passmanager.base_tasks - INFO - Pass: ElidePermutations - 0.00429 (ms)
[2026-05-28 19:32:50,906] qiskit.passmanager.base_tasks - INFO - Pass: RemoveDiagonalGatesBeforeMeasure - 0.00453 (ms)
[2026-05-28 19:32:50,906] qiskit.passmanager.base_tasks - INFO - Pass: RemoveIdentityEquivalent - 0.00834 (ms)
[2026-05-28 19:32:50,906] qiskit.passmanager.base_tasks - INFO - Pass: InverseCancellation - 0.01860 (ms)
[2026-05-28 19:32:50,906] qiskit.passmanager.base_tasks - INFO - Pass: ContractIdleWiresInControlFlow - 0.00238 (ms)
[2026-05-28 19:32:50,906] qiskit.passmanager.base_tasks - INFO - Pass: CommutativeCancellation - 0.02337 (ms)
[2026-05-28 19:32:50,906] qiskit.passmanager.base_tasks - INFO - Pass: ConsolidateBlocks - 0.05960 (ms)
[2026-05-28 19:32:50,906] qiskit.passmanager.base_tasks - INFO - Pass: Split2QUnitaries - 0.00453 (ms)
[2026-05-28 19:32:50,906] qiskit.passmanager.base_tasks - INFO - Pass: UnitarySynthesis - 0.00381 (ms)
[2026-05-28 19:32:50,906] qiskit.passmanager.base_tasks - INFO - Pass: HighLevelSynthesis - 0.01001 (ms)
[2026-05-28 19:32:50,906] qiskit.passmanager.base_tasks - INFO - Pass: BasisTranslator - 0.28729 (ms)
[2026-05-28 19:32:50,906] qiskit.passmanager.base_tasks - INFO - Pass: ConsolidateBlocks - 0.05603 (ms)
[2026-05-28 19:32:50,907] qiskit.passmanager.base_tasks - INFO - Pass: UnitarySynthesis - 0.00286 (ms)
[2026-05-28 19:32:50,907] qiskit.passmanager.base_tasks - INFO - Pass: Size - 0.00262 (ms)
[2026-05-28 19:32:50,907] qiskit.passmanager.base_tasks - INFO - Pass: Depth - 0.00668 (ms)
[2026-05-28 19:32:50,907] qiskit.passmanager.base_tasks - INFO - Pass: FixedPoint - 0.00525 (ms)
[2026-05-28 19:32:50,907] qiskit.passmanager.base_tasks - INFO - Pass: FixedPoint - 0.00215 (ms)
[2026-05-28 19:32:50,907] qiskit.passmanager.base_tasks - INFO - Pass: RemoveIdentityEquivalent - 0.00477 (ms)
[2026-05-28 19:32:50,907] qiskit.passmanager.base_tasks - INFO - Pass: Optimize1qGatesDecomposition - 0.02599 (ms)
[2026-05-28 19:32:50,907] qiskit.passmanager.base_tasks - INFO - Pass: CommutativeCancellation - 0.01907 (ms)
[2026-05-28 19:32:50,907] qiskit.passmanager.base_tasks - INFO - Pass: ContractIdleWiresInControlFlow - 0.00143 (ms)
[2026-05-28 19:32:50,907] qiskit.passmanager.base_tasks - INFO - Pass: GatesInBasis - 0.00310 (ms)
[2026-05-28 19:32:50,907] qiskit.passmanager.base_tasks - INFO - Pass: Size - 0.00143 (ms)
[2026-05-28 19:32:50,907] qiskit.passmanager.base_tasks - INFO - Pass: Depth - 0.00429 (ms)
[2026-05-28 19:32:50,907] qiskit.passmanager.base_tasks - INFO - Pass: FixedPoint - 0.00215 (ms)
[2026-05-28 19:32:50,907] qiskit.passmanager.base_tasks - INFO - Pass: FixedPoint - 0.00119 (ms)
[2026-05-28 19:32:50,907] qiskit.passmanager.base_tasks - INFO - Pass: RemoveIdentityEquivalent - 0.00262 (ms)
[2026-05-28 19:32:50,907] qiskit.passmanager.base_tasks - INFO - Pass: Optimize1qGatesDecomposition - 0.01359 (ms)
[2026-05-28 19:32:50,907] qiskit.passmanager.base_tasks - INFO - Pass: CommutativeCancellation - 0.01383 (ms)
[2026-05-28 19:32:50,907] qiskit.passmanager.base_tasks - INFO - Pass: ContractIdleWiresInControlFlow - 0.00095 (ms)
[2026-05-28 19:32:50,907] qiskit.passmanager.base_tasks - INFO - Pass: GatesInBasis - 0.00167 (ms)
[2026-05-28 19:32:50,907] qiskit.passmanager.base_tasks - INFO - Pass: Size - 0.00143 (ms)
[2026-05-28 19:32:50,907] qiskit.passmanager.base_tasks - INFO - Pass: Depth - 0.00405 (ms)
[2026-05-28 19:32:50,907] qiskit.passmanager.base_tasks - INFO - Pass: FixedPoint - 0.00191 (ms)
[2026-05-28 19:32:50,907] qiskit.passmanager.base_tasks - INFO - Pass: FixedPoint - 0.00215 (ms)
[2026-05-28 19:32:50,907] qiskit.passmanager.base_tasks - INFO - Pass: ContainsInstruction - 0.00238 (ms)
[2026-05-28 19:32:50,907] qiskit.compiler.transpiler - INFO - Total Transpile Time - 4.73714 (ms)
[2026-05-28 19:33:12,388] qiskit.passmanager.base_tasks - INFO - Pass: ContainsInstruction - 0.00548 (ms)
[2026-05-28 19:33:12,388] qiskit.passmanager.base_tasks - INFO - Pass: UnitarySynthesis - 0.00429 (ms)
[2026-05-28 19:33:12,388] qiskit.passmanager.base_tasks - INFO - Pass: HighLevelSynthesis - 0.00429 (ms)
[2026-05-28 19:33:12,388] qiskit.passmanager.base_tasks - INFO - Pass: BasisTranslator - 0.01335 (ms)
[2026-05-28 19:33:12,388] qiskit.passmanager.base_tasks - INFO - Pass: ElidePermutations - 0.00358 (ms)
[2026-05-28 19:33:12,388] qiskit.passmanager.base_tasks - INFO - Pass: RemoveDiagonalGatesBeforeMeasure - 0.00525 (ms)
[2026-05-28 19:33:12,388] qiskit.passmanager.base_tasks - INFO - Pass: RemoveIdentityEquivalent - 0.00834 (ms)
[2026-05-28 19:33:12,388] qiskit.passmanager.base_tasks - INFO - Pass: InverseCancellation - 0.00978 (ms)
[2026-05-28 19:33:12,388] qiskit.passmanager.base_tasks - INFO - Pass: ContractIdleWiresInControlFlow - 0.00143 (ms)
[2026-05-28 19:33:12,388] qiskit.passmanager.base_tasks - INFO - Pass: CommutativeCancellation - 0.02337 (ms)
[2026-05-28 19:33:12,388] qiskit.passmanager.base_tasks - INFO - Pass: ConsolidateBlocks - 0.04148 (ms)
[2026-05-28 19:33:12,388] qiskit.passmanager.base_tasks - INFO - Pass: Split2QUnitaries - 0.00119 (ms)
[2026-05-28 19:33:12,388] qiskit.passmanager.base_tasks - INFO - Pass: UnitarySynthesis - 0.00262 (ms)
[2026-05-28 19:33:12,388] qiskit.passmanager.base_tasks - INFO - Pass: HighLevelSynthesis - 0.00501 (ms)
[2026-05-28 19:33:12,389] qiskit.passmanager.base_tasks - INFO - Pass: BasisTranslator - 0.28133 (ms)
[2026-05-28 19:33:12,389] qiskit.passmanager.base_tasks - INFO - Pass: ConsolidateBlocks - 0.05555 (ms)
[2026-05-28 19:33:12,389] qiskit.passmanager.base_tasks - INFO - Pass: UnitarySynthesis - 0.06509 (ms)
[2026-05-28 19:33:12,389] qiskit.passmanager.base_tasks - INFO - Pass: Size - 0.00262 (ms)
[2026-05-28 19:33:12,389] qiskit.passmanager.base_tasks - INFO - Pass: Depth - 0.00668 (ms)
[2026-05-28 19:33:12,389] qiskit.passmanager.base_tasks - INFO - Pass: FixedPoint - 0.00548 (ms)
[2026-05-28 19:33:12,389] qiskit.passmanager.base_tasks - INFO - Pass: FixedPoint - 0.00167 (ms)
[2026-05-28 19:33:12,389] qiskit.passmanager.base_tasks - INFO - Pass: RemoveIdentityEquivalent - 0.00477 (ms)
[2026-05-28 19:33:12,389] qiskit.passmanager.base_tasks - INFO - Pass: Optimize1qGatesDecomposition - 0.02813 (ms)
[2026-05-28 19:33:12,389] qiskit.passmanager.base_tasks - INFO - Pass: CommutativeCancellation - 0.01979 (ms)
[2026-05-28 19:33:12,389] qiskit.passmanager.base_tasks - INFO - Pass: ContractIdleWiresInControlFlow - 0.00095 (ms)
[2026-05-28 19:33:12,389] qiskit.passmanager.base_tasks - INFO - Pass: GatesInBasis - 0.00358 (ms)
[2026-05-28 19:33:12,389] qiskit.passmanager.base_tasks - INFO - Pass: Size - 0.00095 (ms)
[2026-05-28 19:33:12,389] qiskit.passmanager.base_tasks - INFO - Pass: Depth - 0.00429 (ms)
[2026-05-28 19:33:12,389] qiskit.passmanager.base_tasks - INFO - Pass: FixedPoint - 0.00215 (ms)
[2026-05-28 19:33:12,389] qiskit.passmanager.base_tasks - INFO - Pass: FixedPoint - 0.00119 (ms)
[2026-05-28 19:33:12,389] qiskit.passmanager.base_tasks - INFO - Pass: RemoveIdentityEquivalent - 0.00262 (ms)
[2026-05-28 19:33:12,389] qiskit.passmanager.base_tasks - INFO - Pass: Optimize1qGatesDecomposition - 0.01383 (ms)
[2026-05-28 19:33:12,389] qiskit.passmanager.base_tasks - INFO - Pass: CommutativeCancellation - 0.01359 (ms)
[2026-05-28 19:33:12,389] qiskit.passmanager.base_tasks - INFO - Pass: ContractIdleWiresInControlFlow - 0.00119 (ms)
[2026-05-28 19:33:12,389] qiskit.passmanager.base_tasks - INFO - Pass: GatesInBasis - 0.00215 (ms)
[2026-05-28 19:33:12,389] qiskit.passmanager.base_tasks - INFO - Pass: Size - 0.00095 (ms)
[2026-05-28 19:33:12,389] qiskit.passmanager.base_tasks - INFO - Pass: Depth - 0.00405 (ms)
[2026-05-28 19:33:12,389] qiskit.passmanager.base_tasks - INFO - Pass: FixedPoint - 0.00238 (ms)
[2026-05-28 19:33:12,389] qiskit.passmanager.base_tasks - INFO - Pass: FixedPoint - 0.00167 (ms)
[2026-05-28 19:33:12,389] qiskit.passmanager.base_tasks - INFO - Pass: ContainsInstruction - 0.00262 (ms)
[2026-05-28 19:33:12,390] qiskit.compiler.transpiler - INFO - Total Transpile Time - 4.50873 (ms)
[2026-05-28 19:33:33,940] qiskit.passmanager.base_tasks - INFO - Pass: ContainsInstruction - 0.00620 (ms)
[2026-05-28 19:33:33,941] qiskit.passmanager.base_tasks - INFO - Pass: UnitarySynthesis - 0.00429 (ms)
[2026-05-28 19:33:33,941] qiskit.passmanager.base_tasks - INFO - Pass: HighLevelSynthesis - 0.00453 (ms)
[2026-05-28 19:33:33,941] qiskit.passmanager.base_tasks - INFO - Pass: BasisTranslator - 0.01431 (ms)
[2026-05-28 19:33:33,941] qiskit.passmanager.base_tasks - INFO - Pass: ElidePermutations - 0.00405 (ms)
[2026-05-28 19:33:33,941] qiskit.passmanager.base_tasks - INFO - Pass: RemoveDiagonalGatesBeforeMeasure - 0.00691 (ms)
[2026-05-28 19:33:33,941] qiskit.passmanager.base_tasks - INFO - Pass: RemoveIdentityEquivalent - 0.00668 (ms)
[2026-05-28 19:33:33,941] qiskit.passmanager.base_tasks - INFO - Pass: InverseCancellation - 0.00787 (ms)
[2026-05-28 19:33:33,941] qiskit.passmanager.base_tasks - INFO - Pass: ContractIdleWiresInControlFlow - 0.00095 (ms)
[2026-05-28 19:33:33,941] qiskit.passmanager.base_tasks - INFO - Pass: CommutativeCancellation - 0.01955 (ms)
[2026-05-28 19:33:33,941] qiskit.passmanager.base_tasks - INFO - Pass: ConsolidateBlocks - 0.05102 (ms)
[2026-05-28 19:33:33,941] qiskit.passmanager.base_tasks - INFO - Pass: Split2QUnitaries - 0.00215 (ms)
[2026-05-28 19:33:33,941] qiskit.passmanager.base_tasks - INFO - Pass: UnitarySynthesis - 0.00215 (ms)
[2026-05-28 19:33:33,941] qiskit.passmanager.base_tasks - INFO - Pass: HighLevelSynthesis - 0.00358 (ms)
[2026-05-28 19:33:33,941] qiskit.passmanager.base_tasks - INFO - Pass: BasisTranslator - 0.25201 (ms)
[2026-05-28 19:33:33,941] qiskit.passmanager.base_tasks - INFO - Pass: ConsolidateBlocks - 0.05364 (ms)
[2026-05-28 19:33:33,941] qiskit.passmanager.base_tasks - INFO - Pass: UnitarySynthesis - 0.00286 (ms)
[2026-05-28 19:33:33,941] qiskit.passmanager.base_tasks - INFO - Pass: Size - 0.00262 (ms)
[2026-05-28 19:33:33,941] qiskit.passmanager.base_tasks - INFO - Pass: Depth - 0.00620 (ms)
[2026-05-28 19:33:33,941] qiskit.passmanager.base_tasks - INFO - Pass: FixedPoint - 0.00501 (ms)
[2026-05-28 19:33:33,941] qiskit.passmanager.base_tasks - INFO - Pass: FixedPoint - 0.00191 (ms)
[2026-05-28 19:33:33,941] qiskit.passmanager.base_tasks - INFO - Pass: RemoveIdentityEquivalent - 0.00381 (ms)
[2026-05-28 19:33:33,941] qiskit.passmanager.base_tasks - INFO - Pass: Optimize1qGatesDecomposition - 0.02527 (ms)
[2026-05-28 19:33:33,941] qiskit.passmanager.base_tasks - INFO - Pass: CommutativeCancellation - 0.02050 (ms)
[2026-05-28 19:33:33,941] qiskit.passmanager.base_tasks - INFO - Pass: ContractIdleWiresInControlFlow - 0.00119 (ms)
[2026-05-28 19:33:33,942] qiskit.passmanager.base_tasks - INFO - Pass: GatesInBasis - 0.00334 (ms)
[2026-05-28 19:33:33,942] qiskit.passmanager.base_tasks - INFO - Pass: Size - 0.00143 (ms)
[2026-05-28 19:33:33,942] qiskit.passmanager.base_tasks - INFO - Pass: Depth - 0.00453 (ms)
[2026-05-28 19:33:33,942] qiskit.passmanager.base_tasks - INFO - Pass: FixedPoint - 0.00238 (ms)
[2026-05-28 19:33:33,942] qiskit.passmanager.base_tasks - INFO - Pass: FixedPoint - 0.00167 (ms)
[2026-05-28 19:33:33,942] qiskit.passmanager.base_tasks - INFO - Pass: RemoveIdentityEquivalent - 0.00262 (ms)
[2026-05-28 19:33:33,942] qiskit.passmanager.base_tasks - INFO - Pass: Optimize1qGatesDecomposition - 0.01335 (ms)
[2026-05-28 19:33:33,942] qiskit.passmanager.base_tasks - INFO - Pass: CommutativeCancellation - 0.01431 (ms)
[2026-05-28 19:33:33,942] qiskit.passmanager.base_tasks - INFO - Pass: ContractIdleWiresInControlFlow - 0.00095 (ms)
[2026-05-28 19:33:33,942] qiskit.passmanager.base_tasks - INFO - Pass: GatesInBasis - 0.00191 (ms)
[2026-05-28 19:33:33,942] qiskit.passmanager.base_tasks - INFO - Pass: Size - 0.00119 (ms)
[2026-05-28 19:33:33,942] qiskit.passmanager.base_tasks - INFO - Pass: Depth - 0.00381 (ms)
[2026-05-28 19:33:33,942] qiskit.passmanager.base_tasks - INFO - Pass: FixedPoint - 0.00167 (ms)
[2026-05-28 19:33:33,942] qiskit.passmanager.base_tasks - INFO - Pass: FixedPoint - 0.00167 (ms)
[2026-05-28 19:33:33,942] qiskit.passmanager.base_tasks - INFO - Pass: ContainsInstruction - 0.00238 (ms)
[2026-05-28 19:33:33,942] qiskit.compiler.transpiler - INFO - Total Transpile Time - 4.61149 (ms)
[2026-05-28 19:33:57,021] qiskit.passmanager.base_tasks - INFO - Pass: ContainsInstruction - 0.00501 (ms)
[2026-05-28 19:33:57,021] qiskit.passmanager.base_tasks - INFO - Pass: UnitarySynthesis - 0.00358 (ms)
[2026-05-28 19:33:57,021] qiskit.passmanager.base_tasks - INFO - Pass: HighLevelSynthesis - 0.00358 (ms)
[2026-05-28 19:33:57,021] qiskit.passmanager.base_tasks - INFO - Pass: BasisTranslator - 0.01240 (ms)
[2026-05-28 19:33:57,021] qiskit.passmanager.base_tasks - INFO - Pass: ElidePermutations - 0.00429 (ms)
[2026-05-28 19:33:57,021] qiskit.passmanager.base_tasks - INFO - Pass: RemoveDiagonalGatesBeforeMeasure - 0.00525 (ms)
[2026-05-28 19:33:57,021] qiskit.passmanager.base_tasks - INFO - Pass: RemoveIdentityEquivalent - 0.00668 (ms)
[2026-05-28 19:33:57,021] qiskit.passmanager.base_tasks - INFO - Pass: InverseCancellation - 0.01121 (ms)
[2026-05-28 19:33:57,021] qiskit.passmanager.base_tasks - INFO - Pass: ContractIdleWiresInControlFlow - 0.00191 (ms)
[2026-05-28 19:33:57,021] qiskit.passmanager.base_tasks - INFO - Pass: CommutativeCancellation - 0.02241 (ms)
[2026-05-28 19:33:57,021] qiskit.passmanager.base_tasks - INFO - Pass: ConsolidateBlocks - 0.07057 (ms)
[2026-05-28 19:33:57,021] qiskit.passmanager.base_tasks - INFO - Pass: Split2QUnitaries - 0.00310 (ms)
[2026-05-28 19:33:57,021] qiskit.passmanager.base_tasks - INFO - Pass: UnitarySynthesis - 0.00334 (ms)
[2026-05-28 19:33:57,022] qiskit.passmanager.base_tasks - INFO - Pass: HighLevelSynthesis - 0.00739 (ms)
[2026-05-28 19:33:57,022] qiskit.passmanager.base_tasks - INFO - Pass: BasisTranslator - 0.30804 (ms)
[2026-05-28 19:33:57,022] qiskit.passmanager.base_tasks - INFO - Pass: ConsolidateBlocks - 0.06628 (ms)
[2026-05-28 19:33:57,022] qiskit.passmanager.base_tasks - INFO - Pass: UnitarySynthesis - 0.12159 (ms)
[2026-05-28 19:33:57,022] qiskit.passmanager.base_tasks - INFO - Pass: Size - 0.00262 (ms)
[2026-05-28 19:33:57,022] qiskit.passmanager.base_tasks - INFO - Pass: Depth - 0.00668 (ms)
[2026-05-28 19:33:57,022] qiskit.passmanager.base_tasks - INFO - Pass: FixedPoint - 0.00525 (ms)
[2026-05-28 19:33:57,022] qiskit.passmanager.base_tasks - INFO - Pass: FixedPoint - 0.00167 (ms)
[2026-05-28 19:33:57,022] qiskit.passmanager.base_tasks - INFO - Pass: RemoveIdentityEquivalent - 0.00691 (ms)
[2026-05-28 19:33:57,022] qiskit.passmanager.base_tasks - INFO - Pass: Optimize1qGatesDecomposition - 0.02384 (ms)
[2026-05-28 19:33:57,022] qiskit.passmanager.base_tasks - INFO - Pass: CommutativeCancellation - 0.01860 (ms)
[2026-05-28 19:33:57,022] qiskit.passmanager.base_tasks - INFO - Pass: ContractIdleWiresInControlFlow - 0.00095 (ms)
[2026-05-28 19:33:57,022] qiskit.passmanager.base_tasks - INFO - Pass: GatesInBasis - 0.00381 (ms)
[2026-05-28 19:33:57,022] qiskit.passmanager.base_tasks - INFO - Pass: Size - 0.00119 (ms)
[2026-05-28 19:33:57,022] qiskit.passmanager.base_tasks - INFO - Pass: Depth - 0.00429 (ms)
[2026-05-28 19:33:57,022] qiskit.passmanager.base_tasks - INFO - Pass: FixedPoint - 0.00191 (ms)
[2026-05-28 19:33:57,022] qiskit.passmanager.base_tasks - INFO - Pass: FixedPoint - 0.00119 (ms)
[2026-05-28 19:33:57,022] qiskit.passmanager.base_tasks - INFO - Pass: RemoveIdentityEquivalent - 0.00238 (ms)
[2026-05-28 19:33:57,022] qiskit.passmanager.base_tasks - INFO - Pass: Optimize1qGatesDecomposition - 0.01287 (ms)
[2026-05-28 19:33:57,022] qiskit.passmanager.base_tasks - INFO - Pass: CommutativeCancellation - 0.01240 (ms)
[2026-05-28 19:33:57,022] qiskit.passmanager.base_tasks - INFO - Pass: ContractIdleWiresInControlFlow - 0.00072 (ms)
[2026-05-28 19:33:57,022] qiskit.passmanager.base_tasks - INFO - Pass: GatesInBasis - 0.00167 (ms)
[2026-05-28 19:33:57,023] qiskit.passmanager.base_tasks - INFO - Pass: Size - 0.00072 (ms)
[2026-05-28 19:33:57,023] qiskit.passmanager.base_tasks - INFO - Pass: Depth - 0.00334 (ms)
[2026-05-28 19:33:57,023] qiskit.passmanager.base_tasks - INFO - Pass: FixedPoint - 0.00167 (ms)
[2026-05-28 19:33:57,023] qiskit.passmanager.base_tasks - INFO - Pass: FixedPoint - 0.00095 (ms)
[2026-05-28 19:33:57,023] qiskit.passmanager.base_tasks - INFO - Pass: ContainsInstruction - 0.00238 (ms)
[2026-05-28 19:33:57,023] qiskit.compiler.transpiler - INFO - Total Transpile Time - 4.35424 (ms)
[2026-05-28 19:34:18,413] qiskit.passmanager.base_tasks - INFO - Pass: ContainsInstruction - 0.00691 (ms)
[2026-05-28 19:34:18,413] qiskit.passmanager.base_tasks - INFO - Pass: UnitarySynthesis - 0.00477 (ms)
[2026-05-28 19:34:18,413] qiskit.passmanager.base_tasks - INFO - Pass: HighLevelSynthesis - 0.00381 (ms)
[2026-05-28 19:34:18,413] qiskit.passmanager.base_tasks - INFO - Pass: BasisTranslator - 0.01383 (ms)
[2026-05-28 19:34:18,413] qiskit.passmanager.base_tasks - INFO - Pass: ElidePermutations - 0.00405 (ms)
[2026-05-28 19:34:18,413] qiskit.passmanager.base_tasks - INFO - Pass: RemoveDiagonalGatesBeforeMeasure - 0.00477 (ms)
[2026-05-28 19:34:18,413] qiskit.passmanager.base_tasks - INFO - Pass: RemoveIdentityEquivalent - 0.00858 (ms)
[2026-05-28 19:34:18,413] qiskit.passmanager.base_tasks - INFO - Pass: InverseCancellation - 0.01001 (ms)
[2026-05-28 19:34:18,413] qiskit.passmanager.base_tasks - INFO - Pass: ContractIdleWiresInControlFlow - 0.00143 (ms)
[2026-05-28 19:34:18,413] qiskit.passmanager.base_tasks - INFO - Pass: CommutativeCancellation - 0.02337 (ms)
[2026-05-28 19:34:18,413] qiskit.passmanager.base_tasks - INFO - Pass: ConsolidateBlocks - 0.04268 (ms)
[2026-05-28 19:34:18,413] qiskit.passmanager.base_tasks - INFO - Pass: Split2QUnitaries - 0.00191 (ms)
[2026-05-28 19:34:18,413] qiskit.passmanager.base_tasks - INFO - Pass: UnitarySynthesis - 0.00286 (ms)
[2026-05-28 19:34:18,413] qiskit.passmanager.base_tasks - INFO - Pass: HighLevelSynthesis - 0.01407 (ms)
[2026-05-28 19:34:18,413] qiskit.passmanager.base_tasks - INFO - Pass: BasisTranslator - 0.26608 (ms)
[2026-05-28 19:34:18,413] qiskit.passmanager.base_tasks - INFO - Pass: ConsolidateBlocks - 0.05317 (ms)
[2026-05-28 19:34:18,413] qiskit.passmanager.base_tasks - INFO - Pass: UnitarySynthesis - 0.00262 (ms)
[2026-05-28 19:34:18,413] qiskit.passmanager.base_tasks - INFO - Pass: Size - 0.00238 (ms)
[2026-05-28 19:34:18,413] qiskit.passmanager.base_tasks - INFO - Pass: Depth - 0.00668 (ms)
[2026-05-28 19:34:18,413] qiskit.passmanager.base_tasks - INFO - Pass: FixedPoint - 0.00525 (ms)
[2026-05-28 19:34:18,413] qiskit.passmanager.base_tasks - INFO - Pass: FixedPoint - 0.00238 (ms)
[2026-05-28 19:34:18,413] qiskit.passmanager.base_tasks - INFO - Pass: RemoveIdentityEquivalent - 0.00477 (ms)
[2026-05-28 19:34:18,414] qiskit.passmanager.base_tasks - INFO - Pass: Optimize1qGatesDecomposition - 0.02694 (ms)
[2026-05-28 19:34:18,414] qiskit.passmanager.base_tasks - INFO - Pass: CommutativeCancellation - 0.01884 (ms)
[2026-05-28 19:34:18,414] qiskit.passmanager.base_tasks - INFO - Pass: ContractIdleWiresInControlFlow - 0.00191 (ms)
[2026-05-28 19:34:18,414] qiskit.passmanager.base_tasks - INFO - Pass: GatesInBasis - 0.00405 (ms)
[2026-05-28 19:34:18,414] qiskit.passmanager.base_tasks - INFO - Pass: Size - 0.00119 (ms)
[2026-05-28 19:34:18,414] qiskit.passmanager.base_tasks - INFO - Pass: Depth - 0.00525 (ms)
[2026-05-28 19:34:18,414] qiskit.passmanager.base_tasks - INFO - Pass: FixedPoint - 0.00215 (ms)
[2026-05-28 19:34:18,414] qiskit.passmanager.base_tasks - INFO - Pass: FixedPoint - 0.00215 (ms)
[2026-05-28 19:34:18,414] qiskit.passmanager.base_tasks - INFO - Pass: RemoveIdentityEquivalent - 0.00262 (ms)
[2026-05-28 19:34:18,414] qiskit.passmanager.base_tasks - INFO - Pass: Optimize1qGatesDecomposition - 0.01431 (ms)
[2026-05-28 19:34:18,414] qiskit.passmanager.base_tasks - INFO - Pass: CommutativeCancellation - 0.01502 (ms)
[2026-05-28 19:34:18,414] qiskit.passmanager.base_tasks - INFO - Pass: ContractIdleWiresInControlFlow - 0.00143 (ms)
[2026-05-28 19:34:18,414] qiskit.passmanager.base_tasks - INFO - Pass: GatesInBasis - 0.00238 (ms)
[2026-05-28 19:34:18,414] qiskit.passmanager.base_tasks - INFO - Pass: Size - 0.00095 (ms)
[2026-05-28 19:34:18,414] qiskit.passmanager.base_tasks - INFO - Pass: Depth - 0.00453 (ms)
[2026-05-28 19:34:18,414] qiskit.passmanager.base_tasks - INFO - Pass: FixedPoint - 0.00215 (ms)
[2026-05-28 19:34:18,414] qiskit.passmanager.base_tasks - INFO - Pass: FixedPoint - 0.00191 (ms)
[2026-05-28 19:34:18,414] qiskit.passmanager.base_tasks - INFO - Pass: ContainsInstruction - 0.00286 (ms)
[2026-05-28 19:34:18,414] qiskit.compiler.transpiler - INFO - Total Transpile Time - 4.55642 (ms)
[2026-05-28 19:34:40,224] qiskit.passmanager.base_tasks - INFO - Pass: ContainsInstruction - 0.00834 (ms)
[2026-05-28 19:34:40,225] qiskit.passmanager.base_tasks - INFO - Pass: UnitarySynthesis - 0.00501 (ms)
[2026-05-28 19:34:40,225] qiskit.passmanager.base_tasks - INFO - Pass: HighLevelSynthesis - 0.00501 (ms)
[2026-05-28 19:34:40,225] qiskit.passmanager.base_tasks - INFO - Pass: BasisTranslator - 0.01335 (ms)
[2026-05-28 19:34:40,225] qiskit.passmanager.base_tasks - INFO - Pass: ElidePermutations - 0.00453 (ms)
[2026-05-28 19:34:40,225] qiskit.passmanager.base_tasks - INFO - Pass: RemoveDiagonalGatesBeforeMeasure - 0.00501 (ms)
[2026-05-28 19:34:40,225] qiskit.passmanager.base_tasks - INFO - Pass: RemoveIdentityEquivalent - 0.00691 (ms)
[2026-05-28 19:34:40,225] qiskit.passmanager.base_tasks - INFO - Pass: InverseCancellation - 0.01025 (ms)
[2026-05-28 19:34:40,225] qiskit.passmanager.base_tasks - INFO - Pass: ContractIdleWiresInControlFlow - 0.00119 (ms)
[2026-05-28 19:34:40,225] qiskit.passmanager.base_tasks - INFO - Pass: CommutativeCancellation - 0.02313 (ms)
[2026-05-28 19:34:40,225] qiskit.passmanager.base_tasks - INFO - Pass: ConsolidateBlocks - 0.04148 (ms)
[2026-05-28 19:34:40,225] qiskit.passmanager.base_tasks - INFO - Pass: Split2QUnitaries - 0.00238 (ms)
[2026-05-28 19:34:40,225] qiskit.passmanager.base_tasks - INFO - Pass: UnitarySynthesis - 0.00286 (ms)
[2026-05-28 19:34:40,225] qiskit.passmanager.base_tasks - INFO - Pass: HighLevelSynthesis - 0.00453 (ms)
[2026-05-28 19:34:40,225] qiskit.passmanager.base_tasks - INFO - Pass: BasisTranslator - 0.27466 (ms)
[2026-05-28 19:34:40,225] qiskit.passmanager.base_tasks - INFO - Pass: ConsolidateBlocks - 0.05293 (ms)
[2026-05-28 19:34:40,225] qiskit.passmanager.base_tasks - INFO - Pass: UnitarySynthesis - 0.00262 (ms)
[2026-05-28 19:34:40,225] qiskit.passmanager.base_tasks - INFO - Pass: Size - 0.00286 (ms)
[2026-05-28 19:34:40,225] qiskit.passmanager.base_tasks - INFO - Pass: Depth - 0.00596 (ms)
[2026-05-28 19:34:40,225] qiskit.passmanager.base_tasks - INFO - Pass: FixedPoint - 0.00381 (ms)
[2026-05-28 19:34:40,225] qiskit.passmanager.base_tasks - INFO - Pass: FixedPoint - 0.00167 (ms)
[2026-05-28 19:34:40,225] qiskit.passmanager.base_tasks - INFO - Pass: RemoveIdentityEquivalent - 0.00334 (ms)
[2026-05-28 19:34:40,225] qiskit.passmanager.base_tasks - INFO - Pass: Optimize1qGatesDecomposition - 0.02575 (ms)
[2026-05-28 19:34:40,226] qiskit.passmanager.base_tasks - INFO - Pass: CommutativeCancellation - 0.01812 (ms)
[2026-05-28 19:34:40,226] qiskit.passmanager.base_tasks - INFO - Pass: ContractIdleWiresInControlFlow - 0.00119 (ms)
[2026-05-28 19:34:40,226] qiskit.passmanager.base_tasks - INFO - Pass: GatesInBasis - 0.00310 (ms)
[2026-05-28 19:34:40,226] qiskit.passmanager.base_tasks - INFO - Pass: Size - 0.00119 (ms)
[2026-05-28 19:34:40,226] qiskit.passmanager.base_tasks - INFO - Pass: Depth - 0.00453 (ms)
[2026-05-28 19:34:40,226] qiskit.passmanager.base_tasks - INFO - Pass: FixedPoint - 0.00286 (ms)
[2026-05-28 19:34:40,226] qiskit.passmanager.base_tasks - INFO - Pass: FixedPoint - 0.00143 (ms)
[2026-05-28 19:34:40,226] qiskit.passmanager.base_tasks - INFO - Pass: RemoveIdentityEquivalent - 0.00238 (ms)
[2026-05-28 19:34:40,226] qiskit.passmanager.base_tasks - INFO - Pass: Optimize1qGatesDecomposition - 0.01383 (ms)
[2026-05-28 19:34:40,226] qiskit.passmanager.base_tasks - INFO - Pass: CommutativeCancellation - 0.01431 (ms)
[2026-05-28 19:34:40,226] qiskit.passmanager.base_tasks - INFO - Pass: ContractIdleWiresInControlFlow - 0.00119 (ms)
[2026-05-28 19:34:40,226] qiskit.passmanager.base_tasks - INFO - Pass: GatesInBasis - 0.00215 (ms)
[2026-05-28 19:34:40,226] qiskit.passmanager.base_tasks - INFO - Pass: Size - 0.00119 (ms)
[2026-05-28 19:34:40,226] qiskit.passmanager.base_tasks - INFO - Pass: Depth - 0.00381 (ms)
[2026-05-28 19:34:40,226] qiskit.passmanager.base_tasks - INFO - Pass: FixedPoint - 0.00191 (ms)
[2026-05-28 19:34:40,226] qiskit.passmanager.base_tasks - INFO - Pass: FixedPoint - 0.00191 (ms)
[2026-05-28 19:34:40,226] qiskit.passmanager.base_tasks - INFO - Pass: ContainsInstruction - 0.00215 (ms)
[2026-05-28 19:34:40,226] qiskit.compiler.transpiler - INFO - Total Transpile Time - 5.93042 (ms)
[2026-05-28 19:34:59,692] qiskit.passmanager.base_tasks - INFO - Pass: ContainsInstruction - 0.00572 (ms)
[2026-05-28 19:34:59,692] qiskit.passmanager.base_tasks - INFO - Pass: UnitarySynthesis - 0.00429 (ms)
[2026-05-28 19:34:59,692] qiskit.passmanager.base_tasks - INFO - Pass: HighLevelSynthesis - 0.00429 (ms)
[2026-05-28 19:34:59,692] qiskit.passmanager.base_tasks - INFO - Pass: BasisTranslator - 0.01526 (ms)
[2026-05-28 19:34:59,692] qiskit.passmanager.base_tasks - INFO - Pass: ElidePermutations - 0.00429 (ms)
[2026-05-28 19:34:59,692] qiskit.passmanager.base_tasks - INFO - Pass: RemoveDiagonalGatesBeforeMeasure - 0.00596 (ms)
[2026-05-28 19:34:59,692] qiskit.passmanager.base_tasks - INFO - Pass: RemoveIdentityEquivalent - 0.00858 (ms)
[2026-05-28 19:34:59,692] qiskit.passmanager.base_tasks - INFO - Pass: InverseCancellation - 0.01168 (ms)
[2026-05-28 19:34:59,692] qiskit.passmanager.base_tasks - INFO - Pass: ContractIdleWiresInControlFlow - 0.00191 (ms)
[2026-05-28 19:34:59,692] qiskit.passmanager.base_tasks - INFO - Pass: CommutativeCancellation - 0.02313 (ms)
[2026-05-28 19:34:59,692] qiskit.passmanager.base_tasks - INFO - Pass: ConsolidateBlocks - 0.06270 (ms)
[2026-05-28 19:34:59,692] qiskit.passmanager.base_tasks - INFO - Pass: Split2QUnitaries - 0.00191 (ms)
[2026-05-28 19:34:59,692] qiskit.passmanager.base_tasks - INFO - Pass: UnitarySynthesis - 0.00310 (ms)
[2026-05-28 19:34:59,692] qiskit.passmanager.base_tasks - INFO - Pass: HighLevelSynthesis - 0.00477 (ms)
[2026-05-28 19:34:59,693] qiskit.passmanager.base_tasks - INFO - Pass: BasisTranslator - 0.27871 (ms)
[2026-05-28 19:34:59,693] qiskit.passmanager.base_tasks - INFO - Pass: ConsolidateBlocks - 0.05531 (ms)
[2026-05-28 19:34:59,693] qiskit.passmanager.base_tasks - INFO - Pass: UnitarySynthesis - 0.00286 (ms)
[2026-05-28 19:34:59,693] qiskit.passmanager.base_tasks - INFO - Pass: Size - 0.00262 (ms)
[2026-05-28 19:34:59,693] qiskit.passmanager.base_tasks - INFO - Pass: Depth - 0.00644 (ms)
[2026-05-28 19:34:59,693] qiskit.passmanager.base_tasks - INFO - Pass: FixedPoint - 0.00501 (ms)
[2026-05-28 19:34:59,693] qiskit.passmanager.base_tasks - INFO - Pass: FixedPoint - 0.00238 (ms)
[2026-05-28 19:34:59,693] qiskit.passmanager.base_tasks - INFO - Pass: RemoveIdentityEquivalent - 0.00525 (ms)
[2026-05-28 19:34:59,693] qiskit.passmanager.base_tasks - INFO - Pass: Optimize1qGatesDecomposition - 0.02789 (ms)
[2026-05-28 19:34:59,693] qiskit.passmanager.base_tasks - INFO - Pass: CommutativeCancellation - 0.02003 (ms)
[2026-05-28 19:34:59,693] qiskit.passmanager.base_tasks - INFO - Pass: ContractIdleWiresInControlFlow - 0.00167 (ms)
[2026-05-28 19:34:59,693] qiskit.passmanager.base_tasks - INFO - Pass: GatesInBasis - 0.00334 (ms)
[2026-05-28 19:34:59,693] qiskit.passmanager.base_tasks - INFO - Pass: Size - 0.00143 (ms)
[2026-05-28 19:34:59,693] qiskit.passmanager.base_tasks - INFO - Pass: Depth - 0.00501 (ms)
[2026-05-28 19:34:59,693] qiskit.passmanager.base_tasks - INFO - Pass: FixedPoint - 0.00262 (ms)
[2026-05-28 19:34:59,693] qiskit.passmanager.base_tasks - INFO - Pass: FixedPoint - 0.00215 (ms)
[2026-05-28 19:34:59,693] qiskit.passmanager.base_tasks - INFO - Pass: RemoveIdentityEquivalent - 0.00262 (ms)
[2026-05-28 19:34:59,693] qiskit.passmanager.base_tasks - INFO - Pass: Optimize1qGatesDecomposition - 0.01478 (ms)
[2026-05-28 19:34:59,693] qiskit.passmanager.base_tasks - INFO - Pass: CommutativeCancellation - 0.01478 (ms)
[2026-05-28 19:34:59,693] qiskit.passmanager.base_tasks - INFO - Pass: ContractIdleWiresInControlFlow - 0.00095 (ms)
[2026-05-28 19:34:59,693] qiskit.passmanager.base_tasks - INFO - Pass: GatesInBasis - 0.00167 (ms)
[2026-05-28 19:34:59,693] qiskit.passmanager.base_tasks - INFO - Pass: Size - 0.00119 (ms)
[2026-05-28 19:34:59,693] qiskit.passmanager.base_tasks - INFO - Pass: Depth - 0.00405 (ms)
[2026-05-28 19:34:59,693] qiskit.passmanager.base_tasks - INFO - Pass: FixedPoint - 0.00215 (ms)
[2026-05-28 19:34:59,693] qiskit.passmanager.base_tasks - INFO - Pass: FixedPoint - 0.00167 (ms)
[2026-05-28 19:34:59,693] qiskit.passmanager.base_tasks - INFO - Pass: ContainsInstruction - 0.00286 (ms)
[2026-05-28 19:34:59,693] qiskit.compiler.transpiler - INFO - Total Transpile Time - 4.68826 (ms)
[2026-05-28 19:35:22,908] qiskit.passmanager.base_tasks - INFO - Pass: ContainsInstruction - 0.00596 (ms)
[2026-05-28 19:35:22,908] qiskit.passmanager.base_tasks - INFO - Pass: UnitarySynthesis - 0.00429 (ms)
[2026-05-28 19:35:22,908] qiskit.passmanager.base_tasks - INFO - Pass: HighLevelSynthesis - 0.00381 (ms)
[2026-05-28 19:35:22,908] qiskit.passmanager.base_tasks - INFO - Pass: BasisTranslator - 0.01407 (ms)
[2026-05-28 19:35:22,908] qiskit.passmanager.base_tasks - INFO - Pass: ElidePermutations - 0.00429 (ms)
[2026-05-28 19:35:22,908] qiskit.passmanager.base_tasks - INFO - Pass: RemoveDiagonalGatesBeforeMeasure - 0.00429 (ms)
[2026-05-28 19:35:22,908] qiskit.passmanager.base_tasks - INFO - Pass: RemoveIdentityEquivalent - 0.00691 (ms)
[2026-05-28 19:35:22,908] qiskit.passmanager.base_tasks - INFO - Pass: InverseCancellation - 0.00882 (ms)
[2026-05-28 19:35:22,908] qiskit.passmanager.base_tasks - INFO - Pass: ContractIdleWiresInControlFlow - 0.00191 (ms)
[2026-05-28 19:35:22,908] qiskit.passmanager.base_tasks - INFO - Pass: CommutativeCancellation - 0.01931 (ms)
[2026-05-28 19:35:22,908] qiskit.passmanager.base_tasks - INFO - Pass: ConsolidateBlocks - 0.04530 (ms)
[2026-05-28 19:35:22,909] qiskit.passmanager.base_tasks - INFO - Pass: Split2QUnitaries - 0.00262 (ms)
[2026-05-28 19:35:22,909] qiskit.passmanager.base_tasks - INFO - Pass: UnitarySynthesis - 0.00191 (ms)
[2026-05-28 19:35:22,909] qiskit.passmanager.base_tasks - INFO - Pass: HighLevelSynthesis - 0.06318 (ms)
[2026-05-28 19:35:22,909] qiskit.passmanager.base_tasks - INFO - Pass: BasisTranslator - 0.25225 (ms)
[2026-05-28 19:35:22,909] qiskit.passmanager.base_tasks - INFO - Pass: ConsolidateBlocks - 0.05579 (ms)
[2026-05-28 19:35:22,909] qiskit.passmanager.base_tasks - INFO - Pass: UnitarySynthesis - 0.00405 (ms)
[2026-05-28 19:35:22,909] qiskit.passmanager.base_tasks - INFO - Pass: Size - 0.00262 (ms)
[2026-05-28 19:35:22,909] qiskit.passmanager.base_tasks - INFO - Pass: Depth - 0.00572 (ms)
[2026-05-28 19:35:22,909] qiskit.passmanager.base_tasks - INFO - Pass: FixedPoint - 0.00525 (ms)
[2026-05-28 19:35:22,909] qiskit.passmanager.base_tasks - INFO - Pass: FixedPoint - 0.00238 (ms)
[2026-05-28 19:35:22,909] qiskit.passmanager.base_tasks - INFO - Pass: RemoveIdentityEquivalent - 0.00381 (ms)
[2026-05-28 19:35:22,909] qiskit.passmanager.base_tasks - INFO - Pass: Optimize1qGatesDecomposition - 0.02575 (ms)
[2026-05-28 19:35:22,909] qiskit.passmanager.base_tasks - INFO - Pass: CommutativeCancellation - 0.02027 (ms)
[2026-05-28 19:35:22,909] qiskit.passmanager.base_tasks - INFO - Pass: ContractIdleWiresInControlFlow - 0.00119 (ms)
[2026-05-28 19:35:22,909] qiskit.passmanager.base_tasks - INFO - Pass: GatesInBasis - 0.00429 (ms)
[2026-05-28 19:35:22,909] qiskit.passmanager.base_tasks - INFO - Pass: Size - 0.00143 (ms)
[2026-05-28 19:35:22,909] qiskit.passmanager.base_tasks - INFO - Pass: Depth - 0.00477 (ms)
[2026-05-28 19:35:22,909] qiskit.passmanager.base_tasks - INFO - Pass: FixedPoint - 0.00215 (ms)
[2026-05-28 19:35:22,909] qiskit.passmanager.base_tasks - INFO - Pass: FixedPoint - 0.00215 (ms)
[2026-05-28 19:35:22,909] qiskit.passmanager.base_tasks - INFO - Pass: RemoveIdentityEquivalent - 0.00238 (ms)
[2026-05-28 19:35:22,910] qiskit.passmanager.base_tasks - INFO - Pass: Optimize1qGatesDecomposition - 0.01359 (ms)
[2026-05-28 19:35:22,910] qiskit.passmanager.base_tasks - INFO - Pass: CommutativeCancellation - 0.01431 (ms)
[2026-05-28 19:35:22,910] qiskit.passmanager.base_tasks - INFO - Pass: ContractIdleWiresInControlFlow - 0.00095 (ms)
[2026-05-28 19:35:22,910] qiskit.passmanager.base_tasks - INFO - Pass: GatesInBasis - 0.00191 (ms)
[2026-05-28 19:35:22,910] qiskit.passmanager.base_tasks - INFO - Pass: Size - 0.00119 (ms)
[2026-05-28 19:35:22,910] qiskit.passmanager.base_tasks - INFO - Pass: Depth - 0.00429 (ms)
[2026-05-28 19:35:22,910] qiskit.passmanager.base_tasks - INFO - Pass: FixedPoint - 0.00167 (ms)
[2026-05-28 19:35:22,910] qiskit.passmanager.base_tasks - INFO - Pass: FixedPoint - 0.00143 (ms)
[2026-05-28 19:35:22,910] qiskit.passmanager.base_tasks - INFO - Pass: ContainsInstruction - 0.00286 (ms)
[2026-05-28 19:35:22,910] qiskit.compiler.transpiler - INFO - Total Transpile Time - 4.56071 (ms)
[2026-05-28 19:35:44,419] qiskit.passmanager.base_tasks - INFO - Pass: ContainsInstruction - 0.01097 (ms)
[2026-05-28 19:35:44,419] qiskit.passmanager.base_tasks - INFO - Pass: UnitarySynthesis - 0.00620 (ms)
[2026-05-28 19:35:44,419] qiskit.passmanager.base_tasks - INFO - Pass: HighLevelSynthesis - 0.00763 (ms)
[2026-05-28 19:35:44,419] qiskit.passmanager.base_tasks - INFO - Pass: BasisTranslator - 0.02170 (ms)
[2026-05-28 19:35:44,419] qiskit.passmanager.base_tasks - INFO - Pass: ElidePermutations - 0.00978 (ms)
[2026-05-28 19:35:44,419] qiskit.passmanager.base_tasks - INFO - Pass: RemoveDiagonalGatesBeforeMeasure - 0.01264 (ms)
[2026-05-28 19:35:44,419] qiskit.passmanager.base_tasks - INFO - Pass: RemoveIdentityEquivalent - 0.01287 (ms)
[2026-05-28 19:35:44,419] qiskit.passmanager.base_tasks - INFO - Pass: InverseCancellation - 0.01502 (ms)
[2026-05-28 19:35:44,419] qiskit.passmanager.base_tasks - INFO - Pass: ContractIdleWiresInControlFlow - 0.00262 (ms)
[2026-05-28 19:35:44,419] qiskit.passmanager.base_tasks - INFO - Pass: CommutativeCancellation - 0.03338 (ms)
[2026-05-28 19:35:44,419] qiskit.passmanager.base_tasks - INFO - Pass: ConsolidateBlocks - 0.07200 (ms)
[2026-05-28 19:35:44,419] qiskit.passmanager.base_tasks - INFO - Pass: Split2QUnitaries - 0.00477 (ms)
[2026-05-28 19:35:44,419] qiskit.passmanager.base_tasks - INFO - Pass: UnitarySynthesis - 0.00501 (ms)
[2026-05-28 19:35:44,419] qiskit.passmanager.base_tasks - INFO - Pass: HighLevelSynthesis - 0.00787 (ms)
[2026-05-28 19:35:44,420] qiskit.passmanager.base_tasks - INFO - Pass: BasisTranslator - 0.38552 (ms)
[2026-05-28 19:35:44,420] qiskit.passmanager.base_tasks - INFO - Pass: ConsolidateBlocks - 0.17118 (ms)
[2026-05-28 19:35:44,420] qiskit.passmanager.base_tasks - INFO - Pass: UnitarySynthesis - 0.16069 (ms)
[2026-05-28 19:35:44,420] qiskit.passmanager.base_tasks - INFO - Pass: Size - 0.00644 (ms)
[2026-05-28 19:35:44,420] qiskit.passmanager.base_tasks - INFO - Pass: Depth - 0.00834 (ms)
[2026-05-28 19:35:44,420] qiskit.passmanager.base_tasks - INFO - Pass: FixedPoint - 0.00978 (ms)
[2026-05-28 19:35:44,420] qiskit.passmanager.base_tasks - INFO - Pass: FixedPoint - 0.00262 (ms)
[2026-05-28 19:35:44,420] qiskit.passmanager.base_tasks - INFO - Pass: RemoveIdentityEquivalent - 0.01025 (ms)
[2026-05-28 19:35:44,421] qiskit.passmanager.base_tasks - INFO - Pass: Optimize1qGatesDecomposition - 0.03552 (ms)
[2026-05-28 19:35:44,421] qiskit.passmanager.base_tasks - INFO - Pass: CommutativeCancellation - 0.02289 (ms)
[2026-05-28 19:35:44,421] qiskit.passmanager.base_tasks - INFO - Pass: ContractIdleWiresInControlFlow - 0.00215 (ms)
[2026-05-28 19:35:44,421] qiskit.passmanager.base_tasks - INFO - Pass: GatesInBasis - 0.00501 (ms)
[2026-05-28 19:35:44,421] qiskit.passmanager.base_tasks - INFO - Pass: Size - 0.00095 (ms)
[2026-05-28 19:35:44,421] qiskit.passmanager.base_tasks - INFO - Pass: Depth - 0.00477 (ms)
[2026-05-28 19:35:44,421] qiskit.passmanager.base_tasks - INFO - Pass: FixedPoint - 0.00286 (ms)
[2026-05-28 19:35:44,421] qiskit.passmanager.base_tasks - INFO - Pass: FixedPoint - 0.00215 (ms)
[2026-05-28 19:35:44,421] qiskit.passmanager.base_tasks - INFO - Pass: RemoveIdentityEquivalent - 0.00286 (ms)
[2026-05-28 19:35:44,421] qiskit.passmanager.base_tasks - INFO - Pass: Optimize1qGatesDecomposition - 0.01502 (ms)
[2026-05-28 19:35:44,421] qiskit.passmanager.base_tasks - INFO - Pass: CommutativeCancellation - 0.01287 (ms)
[2026-05-28 19:35:44,421] qiskit.passmanager.base_tasks - INFO - Pass: ContractIdleWiresInControlFlow - 0.00072 (ms)
[2026-05-28 19:35:44,421] qiskit.passmanager.base_tasks - INFO - Pass: GatesInBasis - 0.00167 (ms)
[2026-05-28 19:35:44,421] qiskit.passmanager.base_tasks - INFO - Pass: Size - 0.00095 (ms)
[2026-05-28 19:35:44,421] qiskit.passmanager.base_tasks - INFO - Pass: Depth - 0.00381 (ms)
[2026-05-28 19:35:44,421] qiskit.passmanager.base_tasks - INFO - Pass: FixedPoint - 0.00143 (ms)
[2026-05-28 19:35:44,421] qiskit.passmanager.base_tasks - INFO - Pass: FixedPoint - 0.00143 (ms)
[2026-05-28 19:35:44,421] qiskit.passmanager.base_tasks - INFO - Pass: ContainsInstruction - 0.00381 (ms)
[2026-05-28 19:35:44,421] qiskit.compiler.transpiler - INFO - Total Transpile Time - 6.33073 (ms)
[2026-05-28 19:36:05,972] qiskit.passmanager.base_tasks - INFO - Pass: ContainsInstruction - 0.00620 (ms)
[2026-05-28 19:36:05,973] qiskit.passmanager.base_tasks - INFO - Pass: UnitarySynthesis - 0.00453 (ms)
[2026-05-28 19:36:05,973] qiskit.passmanager.base_tasks - INFO - Pass: HighLevelSynthesis - 0.00453 (ms)
[2026-05-28 19:36:05,973] qiskit.passmanager.base_tasks - INFO - Pass: BasisTranslator - 0.01287 (ms)
[2026-05-28 19:36:05,973] qiskit.passmanager.base_tasks - INFO - Pass: ElidePermutations - 0.00358 (ms)
[2026-05-28 19:36:05,973] qiskit.passmanager.base_tasks - INFO - Pass: RemoveDiagonalGatesBeforeMeasure - 0.00596 (ms)
[2026-05-28 19:36:05,973] qiskit.passmanager.base_tasks - INFO - Pass: RemoveIdentityEquivalent - 0.00668 (ms)
[2026-05-28 19:36:05,973] qiskit.passmanager.base_tasks - INFO - Pass: InverseCancellation - 0.01025 (ms)
[2026-05-28 19:36:05,973] qiskit.passmanager.base_tasks - INFO - Pass: ContractIdleWiresInControlFlow - 0.00143 (ms)
[2026-05-28 19:36:05,973] qiskit.passmanager.base_tasks - INFO - Pass: CommutativeCancellation - 0.02670 (ms)
[2026-05-28 19:36:05,973] qiskit.passmanager.base_tasks - INFO - Pass: ConsolidateBlocks - 0.05078 (ms)
[2026-05-28 19:36:05,973] qiskit.passmanager.base_tasks - INFO - Pass: Split2QUnitaries - 0.00215 (ms)
[2026-05-28 19:36:05,973] qiskit.passmanager.base_tasks - INFO - Pass: UnitarySynthesis - 0.00262 (ms)
[2026-05-28 19:36:05,973] qiskit.passmanager.base_tasks - INFO - Pass: HighLevelSynthesis - 0.00525 (ms)
[2026-05-28 19:36:05,973] qiskit.passmanager.base_tasks - INFO - Pass: BasisTranslator - 0.37193 (ms)
[2026-05-28 19:36:05,974] qiskit.passmanager.base_tasks - INFO - Pass: ConsolidateBlocks - 0.06175 (ms)
[2026-05-28 19:36:05,974] qiskit.passmanager.base_tasks - INFO - Pass: UnitarySynthesis - 0.00286 (ms)
[2026-05-28 19:36:05,974] qiskit.passmanager.base_tasks - INFO - Pass: Size - 0.00215 (ms)
[2026-05-28 19:36:05,974] qiskit.passmanager.base_tasks - INFO - Pass: Depth - 0.00787 (ms)
[2026-05-28 19:36:05,974] qiskit.passmanager.base_tasks - INFO - Pass: FixedPoint - 0.00596 (ms)
[2026-05-28 19:36:05,974] qiskit.passmanager.base_tasks - INFO - Pass: FixedPoint - 0.00191 (ms)
[2026-05-28 19:36:05,974] qiskit.passmanager.base_tasks - INFO - Pass: RemoveIdentityEquivalent - 0.00572 (ms)
[2026-05-28 19:36:05,974] qiskit.passmanager.base_tasks - INFO - Pass: Optimize1qGatesDecomposition - 0.03147 (ms)
[2026-05-28 19:36:05,974] qiskit.passmanager.base_tasks - INFO - Pass: CommutativeCancellation - 0.04053 (ms)
[2026-05-28 19:36:05,974] qiskit.passmanager.base_tasks - INFO - Pass: ContractIdleWiresInControlFlow - 0.00143 (ms)
[2026-05-28 19:36:05,974] qiskit.passmanager.base_tasks - INFO - Pass: GatesInBasis - 0.00405 (ms)
[2026-05-28 19:36:05,974] qiskit.passmanager.base_tasks - INFO - Pass: Size - 0.00119 (ms)
[2026-05-28 19:36:05,974] qiskit.passmanager.base_tasks - INFO - Pass: Depth - 0.00477 (ms)
[2026-05-28 19:36:05,974] qiskit.passmanager.base_tasks - INFO - Pass: FixedPoint - 0.00238 (ms)
[2026-05-28 19:36:05,974] qiskit.passmanager.base_tasks - INFO - Pass: FixedPoint - 0.00191 (ms)
[2026-05-28 19:36:05,974] qiskit.passmanager.base_tasks - INFO - Pass: RemoveIdentityEquivalent - 0.00262 (ms)
[2026-05-28 19:36:05,974] qiskit.passmanager.base_tasks - INFO - Pass: Optimize1qGatesDecomposition - 0.01311 (ms)
[2026-05-28 19:36:05,974] qiskit.passmanager.base_tasks - INFO - Pass: CommutativeCancellation - 0.01431 (ms)
[2026-05-28 19:36:05,974] qiskit.passmanager.base_tasks - INFO - Pass: ContractIdleWiresInControlFlow - 0.00119 (ms)
[2026-05-28 19:36:05,974] qiskit.passmanager.base_tasks - INFO - Pass: GatesInBasis - 0.00191 (ms)
[2026-05-28 19:36:05,974] qiskit.passmanager.base_tasks - INFO - Pass: Size - 0.00143 (ms)
[2026-05-28 19:36:05,974] qiskit.passmanager.base_tasks - INFO - Pass: Depth - 0.00429 (ms)
[2026-05-28 19:36:05,974] qiskit.passmanager.base_tasks - INFO - Pass: FixedPoint - 0.00215 (ms)
[2026-05-28 19:36:05,974] qiskit.passmanager.base_tasks - INFO - Pass: FixedPoint - 0.00167 (ms)
[2026-05-28 19:36:05,974] qiskit.passmanager.base_tasks - INFO - Pass: ContainsInstruction - 0.00286 (ms)
[2026-05-28 19:36:05,974] qiskit.compiler.transpiler - INFO - Total Transpile Time - 4.82583 (ms)
[2026-05-28 19:36:27,616] qiskit.passmanager.base_tasks - INFO - Pass: ContainsInstruction - 0.00596 (ms)
[2026-05-28 19:36:27,616] qiskit.passmanager.base_tasks - INFO - Pass: UnitarySynthesis - 0.00477 (ms)
[2026-05-28 19:36:27,616] qiskit.passmanager.base_tasks - INFO - Pass: HighLevelSynthesis - 0.00358 (ms)
[2026-05-28 19:36:27,616] qiskit.passmanager.base_tasks - INFO - Pass: BasisTranslator - 0.01407 (ms)
[2026-05-28 19:36:27,616] qiskit.passmanager.base_tasks - INFO - Pass: ElidePermutations - 0.00381 (ms)
[2026-05-28 19:36:27,616] qiskit.passmanager.base_tasks - INFO - Pass: RemoveDiagonalGatesBeforeMeasure - 0.00501 (ms)
[2026-05-28 19:36:27,616] qiskit.passmanager.base_tasks - INFO - Pass: RemoveIdentityEquivalent - 0.00739 (ms)
[2026-05-28 19:36:27,616] qiskit.passmanager.base_tasks - INFO - Pass: InverseCancellation - 0.00978 (ms)
[2026-05-28 19:36:27,616] qiskit.passmanager.base_tasks - INFO - Pass: ContractIdleWiresInControlFlow - 0.00143 (ms)
[2026-05-28 19:36:27,616] qiskit.passmanager.base_tasks - INFO - Pass: CommutativeCancellation - 0.02122 (ms)
[2026-05-28 19:36:27,616] qiskit.passmanager.base_tasks - INFO - Pass: ConsolidateBlocks - 0.04363 (ms)
[2026-05-28 19:36:27,617] qiskit.passmanager.base_tasks - INFO - Pass: Split2QUnitaries - 0.00191 (ms)
[2026-05-28 19:36:27,617] qiskit.passmanager.base_tasks - INFO - Pass: UnitarySynthesis - 0.00215 (ms)
[2026-05-28 19:36:27,617] qiskit.passmanager.base_tasks - INFO - Pass: HighLevelSynthesis - 0.00429 (ms)
[2026-05-28 19:36:27,617] qiskit.passmanager.base_tasks - INFO - Pass: BasisTranslator - 0.26989 (ms)
[2026-05-28 19:36:27,617] qiskit.passmanager.base_tasks - INFO - Pass: ConsolidateBlocks - 0.05841 (ms)
[2026-05-28 19:36:27,617] qiskit.passmanager.base_tasks - INFO - Pass: UnitarySynthesis - 0.00262 (ms)
[2026-05-28 19:36:27,617] qiskit.passmanager.base_tasks - INFO - Pass: Size - 0.00238 (ms)
[2026-05-28 19:36:27,617] qiskit.passmanager.base_tasks - INFO - Pass: Depth - 0.00691 (ms)
[2026-05-28 19:36:27,617] qiskit.passmanager.base_tasks - INFO - Pass: FixedPoint - 0.00525 (ms)
[2026-05-28 19:36:27,617] qiskit.passmanager.base_tasks - INFO - Pass: FixedPoint - 0.00143 (ms)
[2026-05-28 19:36:27,617] qiskit.passmanager.base_tasks - INFO - Pass: RemoveIdentityEquivalent - 0.00453 (ms)
[2026-05-28 19:36:27,617] qiskit.passmanager.base_tasks - INFO - Pass: Optimize1qGatesDecomposition - 0.02933 (ms)
[2026-05-28 19:36:27,617] qiskit.passmanager.base_tasks - INFO - Pass: CommutativeCancellation - 0.01907 (ms)
[2026-05-28 19:36:27,617] qiskit.passmanager.base_tasks - INFO - Pass: ContractIdleWiresInControlFlow - 0.00119 (ms)
[2026-05-28 19:36:27,617] qiskit.passmanager.base_tasks - INFO - Pass: GatesInBasis - 0.00334 (ms)
[2026-05-28 19:36:27,617] qiskit.passmanager.base_tasks - INFO - Pass: Size - 0.00095 (ms)
[2026-05-28 19:36:27,617] qiskit.passmanager.base_tasks - INFO - Pass: Depth - 0.00453 (ms)
[2026-05-28 19:36:27,617] qiskit.passmanager.base_tasks - INFO - Pass: FixedPoint - 0.00238 (ms)
[2026-05-28 19:36:27,617] qiskit.passmanager.base_tasks - INFO - Pass: FixedPoint - 0.00143 (ms)
[2026-05-28 19:36:27,617] qiskit.passmanager.base_tasks - INFO - Pass: RemoveIdentityEquivalent - 0.00238 (ms)
[2026-05-28 19:36:27,617] qiskit.passmanager.base_tasks - INFO - Pass: Optimize1qGatesDecomposition - 0.01383 (ms)
[2026-05-28 19:36:27,617] qiskit.passmanager.base_tasks - INFO - Pass: CommutativeCancellation - 0.01335 (ms)
[2026-05-28 19:36:27,617] qiskit.passmanager.base_tasks - INFO - Pass: ContractIdleWiresInControlFlow - 0.00095 (ms)
[2026-05-28 19:36:27,617] qiskit.passmanager.base_tasks - INFO - Pass: GatesInBasis - 0.00191 (ms)
[2026-05-28 19:36:27,617] qiskit.passmanager.base_tasks - INFO - Pass: Size - 0.00119 (ms)
[2026-05-28 19:36:27,617] qiskit.passmanager.base_tasks - INFO - Pass: Depth - 0.00381 (ms)
[2026-05-28 19:36:27,617] qiskit.passmanager.base_tasks - INFO - Pass: FixedPoint - 0.00167 (ms)
[2026-05-28 19:36:27,617] qiskit.passmanager.base_tasks - INFO - Pass: FixedPoint - 0.00119 (ms)
[2026-05-28 19:36:27,617] qiskit.passmanager.base_tasks - INFO - Pass: ContainsInstruction - 0.00238 (ms)
[2026-05-28 19:36:27,618] qiskit.compiler.transpiler - INFO - Total Transpile Time - 4.32396 (ms)
[2026-05-28 19:36:49,283] qiskit.passmanager.base_tasks - INFO - Pass: ContainsInstruction - 0.00548 (ms)
[2026-05-28 19:36:49,283] qiskit.passmanager.base_tasks - INFO - Pass: UnitarySynthesis - 0.00501 (ms)
[2026-05-28 19:36:49,283] qiskit.passmanager.base_tasks - INFO - Pass: HighLevelSynthesis - 0.00405 (ms)
[2026-05-28 19:36:49,283] qiskit.passmanager.base_tasks - INFO - Pass: BasisTranslator - 0.01359 (ms)
[2026-05-28 19:36:49,283] qiskit.passmanager.base_tasks - INFO - Pass: ElidePermutations - 0.00310 (ms)
[2026-05-28 19:36:49,283] qiskit.passmanager.base_tasks - INFO - Pass: RemoveDiagonalGatesBeforeMeasure - 0.00501 (ms)
[2026-05-28 19:36:49,283] qiskit.passmanager.base_tasks - INFO - Pass: RemoveIdentityEquivalent - 0.00668 (ms)
[2026-05-28 19:36:49,284] qiskit.passmanager.base_tasks - INFO - Pass: InverseCancellation - 0.00978 (ms)
[2026-05-28 19:36:49,284] qiskit.passmanager.base_tasks - INFO - Pass: ContractIdleWiresInControlFlow - 0.00143 (ms)
[2026-05-28 19:36:49,284] qiskit.passmanager.base_tasks - INFO - Pass: CommutativeCancellation - 0.02074 (ms)
[2026-05-28 19:36:49,284] qiskit.passmanager.base_tasks - INFO - Pass: ConsolidateBlocks - 0.04053 (ms)
[2026-05-28 19:36:49,284] qiskit.passmanager.base_tasks - INFO - Pass: Split2QUnitaries - 0.00191 (ms)
[2026-05-28 19:36:49,284] qiskit.passmanager.base_tasks - INFO - Pass: UnitarySynthesis - 0.00238 (ms)
[2026-05-28 19:36:49,284] qiskit.passmanager.base_tasks - INFO - Pass: HighLevelSynthesis - 0.00429 (ms)
[2026-05-28 19:36:49,284] qiskit.passmanager.base_tasks - INFO - Pass: BasisTranslator - 0.26679 (ms)
[2026-05-28 19:36:49,284] qiskit.passmanager.base_tasks - INFO - Pass: ConsolidateBlocks - 0.05054 (ms)
[2026-05-28 19:36:49,284] qiskit.passmanager.base_tasks - INFO - Pass: UnitarySynthesis - 0.00262 (ms)
[2026-05-28 19:36:49,284] qiskit.passmanager.base_tasks - INFO - Pass: Size - 0.00215 (ms)
[2026-05-28 19:36:49,284] qiskit.passmanager.base_tasks - INFO - Pass: Depth - 0.00620 (ms)
[2026-05-28 19:36:49,284] qiskit.passmanager.base_tasks - INFO - Pass: FixedPoint - 0.00477 (ms)
[2026-05-28 19:36:49,284] qiskit.passmanager.base_tasks - INFO - Pass: FixedPoint - 0.00167 (ms)
[2026-05-28 19:36:49,284] qiskit.passmanager.base_tasks - INFO - Pass: RemoveIdentityEquivalent - 0.00429 (ms)
[2026-05-28 19:36:49,284] qiskit.passmanager.base_tasks - INFO - Pass: Optimize1qGatesDecomposition - 0.02646 (ms)
[2026-05-28 19:36:49,284] qiskit.passmanager.base_tasks - INFO - Pass: CommutativeCancellation - 0.01764 (ms)
[2026-05-28 19:36:49,284] qiskit.passmanager.base_tasks - INFO - Pass: ContractIdleWiresInControlFlow - 0.00167 (ms)
[2026-05-28 19:36:49,284] qiskit.passmanager.base_tasks - INFO - Pass: GatesInBasis - 0.00286 (ms)
[2026-05-28 19:36:49,284] qiskit.passmanager.base_tasks - INFO - Pass: Size - 0.00119 (ms)
[2026-05-28 19:36:49,284] qiskit.passmanager.base_tasks - INFO - Pass: Depth - 0.00429 (ms)
[2026-05-28 19:36:49,284] qiskit.passmanager.base_tasks - INFO - Pass: FixedPoint - 0.00215 (ms)
[2026-05-28 19:36:49,284] qiskit.passmanager.base_tasks - INFO - Pass: FixedPoint - 0.00143 (ms)
[2026-05-28 19:36:49,284] qiskit.passmanager.base_tasks - INFO - Pass: RemoveIdentityEquivalent - 0.00238 (ms)
[2026-05-28 19:36:49,284] qiskit.passmanager.base_tasks - INFO - Pass: Optimize1qGatesDecomposition - 0.01287 (ms)
[2026-05-28 19:36:49,285] qiskit.passmanager.base_tasks - INFO - Pass: CommutativeCancellation - 0.01216 (ms)
[2026-05-28 19:36:49,285] qiskit.passmanager.base_tasks - INFO - Pass: ContractIdleWiresInControlFlow - 0.00095 (ms)
[2026-05-28 19:36:49,285] qiskit.passmanager.base_tasks - INFO - Pass: GatesInBasis - 0.00167 (ms)
[2026-05-28 19:36:49,285] qiskit.passmanager.base_tasks - INFO - Pass: Size - 0.00095 (ms)
[2026-05-28 19:36:49,285] qiskit.passmanager.base_tasks - INFO - Pass: Depth - 0.00405 (ms)
[2026-05-28 19:36:49,285] qiskit.passmanager.base_tasks - INFO - Pass: FixedPoint - 0.00191 (ms)
[2026-05-28 19:36:49,285] qiskit.passmanager.base_tasks - INFO - Pass: FixedPoint - 0.00119 (ms)
[2026-05-28 19:36:49,285] qiskit.passmanager.base_tasks - INFO - Pass: ContainsInstruction - 0.00191 (ms)
[2026-05-28 19:36:49,285] qiskit.compiler.transpiler - INFO - Total Transpile Time - 4.15754 (ms)
[2026-05-28 19:37:12,494] qiskit.passmanager.base_tasks - INFO - Pass: ContainsInstruction - 0.00525 (ms)
[2026-05-28 19:37:12,494] qiskit.passmanager.base_tasks - INFO - Pass: UnitarySynthesis - 0.00405 (ms)
[2026-05-28 19:37:12,494] qiskit.passmanager.base_tasks - INFO - Pass: HighLevelSynthesis - 0.00381 (ms)
[2026-05-28 19:37:12,495] qiskit.passmanager.base_tasks - INFO - Pass: BasisTranslator - 0.01335 (ms)
[2026-05-28 19:37:12,495] qiskit.passmanager.base_tasks - INFO - Pass: ElidePermutations - 0.00334 (ms)
[2026-05-28 19:37:12,495] qiskit.passmanager.base_tasks - INFO - Pass: RemoveDiagonalGatesBeforeMeasure - 0.00358 (ms)
[2026-05-28 19:37:12,495] qiskit.passmanager.base_tasks - INFO - Pass: RemoveIdentityEquivalent - 0.00668 (ms)
[2026-05-28 19:37:12,495] qiskit.passmanager.base_tasks - INFO - Pass: InverseCancellation - 0.00715 (ms)
[2026-05-28 19:37:12,495] qiskit.passmanager.base_tasks - INFO - Pass: ContractIdleWiresInControlFlow - 0.00095 (ms)
[2026-05-28 19:37:12,495] qiskit.passmanager.base_tasks - INFO - Pass: CommutativeCancellation - 0.01693 (ms)
[2026-05-28 19:37:12,495] qiskit.passmanager.base_tasks - INFO - Pass: ConsolidateBlocks - 0.03457 (ms)
[2026-05-28 19:37:12,495] qiskit.passmanager.base_tasks - INFO - Pass: Split2QUnitaries - 0.00167 (ms)
[2026-05-28 19:37:12,495] qiskit.passmanager.base_tasks - INFO - Pass: UnitarySynthesis - 0.00215 (ms)
[2026-05-28 19:37:12,495] qiskit.passmanager.base_tasks - INFO - Pass: HighLevelSynthesis - 0.00334 (ms)
[2026-05-28 19:37:12,495] qiskit.passmanager.base_tasks - INFO - Pass: BasisTranslator - 0.22054 (ms)
[2026-05-28 19:37:12,495] qiskit.passmanager.base_tasks - INFO - Pass: ConsolidateBlocks - 0.04935 (ms)
[2026-05-28 19:37:12,495] qiskit.passmanager.base_tasks - INFO - Pass: UnitarySynthesis - 0.00262 (ms)
[2026-05-28 19:37:12,495] qiskit.passmanager.base_tasks - INFO - Pass: Size - 0.00191 (ms)
[2026-05-28 19:37:12,495] qiskit.passmanager.base_tasks - INFO - Pass: Depth - 0.00525 (ms)
[2026-05-28 19:37:12,495] qiskit.passmanager.base_tasks - INFO - Pass: FixedPoint - 0.00381 (ms)
[2026-05-28 19:37:12,495] qiskit.passmanager.base_tasks - INFO - Pass: FixedPoint - 0.00143 (ms)
[2026-05-28 19:37:12,495] qiskit.passmanager.base_tasks - INFO - Pass: RemoveIdentityEquivalent - 0.00334 (ms)
[2026-05-28 19:37:12,495] qiskit.passmanager.base_tasks - INFO - Pass: Optimize1qGatesDecomposition - 0.02122 (ms)
[2026-05-28 19:37:12,495] qiskit.passmanager.base_tasks - INFO - Pass: CommutativeCancellation - 0.01812 (ms)
[2026-05-28 19:37:12,495] qiskit.passmanager.base_tasks - INFO - Pass: ContractIdleWiresInControlFlow - 0.00072 (ms)
[2026-05-28 19:37:12,495] qiskit.passmanager.base_tasks - INFO - Pass: GatesInBasis - 0.00358 (ms)
[2026-05-28 19:37:12,495] qiskit.passmanager.base_tasks - INFO - Pass: Size - 0.00095 (ms)
[2026-05-28 19:37:12,495] qiskit.passmanager.base_tasks - INFO - Pass: Depth - 0.00381 (ms)
[2026-05-28 19:37:12,495] qiskit.passmanager.base_tasks - INFO - Pass: FixedPoint - 0.00215 (ms)
[2026-05-28 19:37:12,495] qiskit.passmanager.base_tasks - INFO - Pass: FixedPoint - 0.00119 (ms)
[2026-05-28 19:37:12,495] qiskit.passmanager.base_tasks - INFO - Pass: RemoveIdentityEquivalent - 0.00191 (ms)
[2026-05-28 19:37:12,495] qiskit.passmanager.base_tasks - INFO - Pass: Optimize1qGatesDecomposition - 0.01216 (ms)
[2026-05-28 19:37:12,495] qiskit.passmanager.base_tasks - INFO - Pass: CommutativeCancellation - 0.01287 (ms)
[2026-05-28 19:37:12,495] qiskit.passmanager.base_tasks - INFO - Pass: ContractIdleWiresInControlFlow - 0.00072 (ms)
[2026-05-28 19:37:12,495] qiskit.passmanager.base_tasks - INFO - Pass: GatesInBasis - 0.00167 (ms)
[2026-05-28 19:37:12,495] qiskit.passmanager.base_tasks - INFO - Pass: Size - 0.00095 (ms)
[2026-05-28 19:37:12,495] qiskit.passmanager.base_tasks - INFO - Pass: Depth - 0.00381 (ms)
[2026-05-28 19:37:12,495] qiskit.passmanager.base_tasks - INFO - Pass: FixedPoint - 0.00167 (ms)
[2026-05-28 19:37:12,495] qiskit.passmanager.base_tasks - INFO - Pass: FixedPoint - 0.00167 (ms)
[2026-05-28 19:37:12,495] qiskit.passmanager.base_tasks - INFO - Pass: ContainsInstruction - 0.00262 (ms)
[2026-05-28 19:37:12,496] qiskit.compiler.transpiler - INFO - Total Transpile Time - 3.88098 (ms)
[2026-05-28 19:37:31,476] qiskit.passmanager.base_tasks - INFO - Pass: ContainsInstruction - 0.00548 (ms)
[2026-05-28 19:37:31,476] qiskit.passmanager.base_tasks - INFO - Pass: UnitarySynthesis - 0.00381 (ms)
[2026-05-28 19:37:31,476] qiskit.passmanager.base_tasks - INFO - Pass: HighLevelSynthesis - 0.00286 (ms)
[2026-05-28 19:37:31,476] qiskit.passmanager.base_tasks - INFO - Pass: BasisTranslator - 0.01240 (ms)
[2026-05-28 19:37:31,476] qiskit.passmanager.base_tasks - INFO - Pass: ElidePermutations - 0.00310 (ms)
[2026-05-28 19:37:31,476] qiskit.passmanager.base_tasks - INFO - Pass: RemoveDiagonalGatesBeforeMeasure - 0.00429 (ms)
[2026-05-28 19:37:31,476] qiskit.passmanager.base_tasks - INFO - Pass: RemoveIdentityEquivalent - 0.00644 (ms)
[2026-05-28 19:37:31,476] qiskit.passmanager.base_tasks - INFO - Pass: InverseCancellation - 0.00882 (ms)
[2026-05-28 19:37:31,476] qiskit.passmanager.base_tasks - INFO - Pass: ContractIdleWiresInControlFlow - 0.00119 (ms)
[2026-05-28 19:37:31,476] qiskit.passmanager.base_tasks - INFO - Pass: CommutativeCancellation - 0.02074 (ms)
[2026-05-28 19:37:31,476] qiskit.passmanager.base_tasks - INFO - Pass: ConsolidateBlocks - 0.04220 (ms)
[2026-05-28 19:37:31,476] qiskit.passmanager.base_tasks - INFO - Pass: Split2QUnitaries - 0.00191 (ms)
[2026-05-28 19:37:31,476] qiskit.passmanager.base_tasks - INFO - Pass: UnitarySynthesis - 0.00191 (ms)
[2026-05-28 19:37:31,476] qiskit.passmanager.base_tasks - INFO - Pass: HighLevelSynthesis - 0.00477 (ms)
[2026-05-28 19:37:31,477] qiskit.passmanager.base_tasks - INFO - Pass: BasisTranslator - 0.26250 (ms)
[2026-05-28 19:37:31,477] qiskit.passmanager.base_tasks - INFO - Pass: ConsolidateBlocks - 0.05460 (ms)
[2026-05-28 19:37:31,477] qiskit.passmanager.base_tasks - INFO - Pass: UnitarySynthesis - 0.09894 (ms)
[2026-05-28 19:37:31,477] qiskit.passmanager.base_tasks - INFO - Pass: Size - 0.00238 (ms)
[2026-05-28 19:37:31,477] qiskit.passmanager.base_tasks - INFO - Pass: Depth - 0.00572 (ms)
[2026-05-28 19:37:31,477] qiskit.passmanager.base_tasks - INFO - Pass: FixedPoint - 0.00381 (ms)
[2026-05-28 19:37:31,477] qiskit.passmanager.base_tasks - INFO - Pass: FixedPoint - 0.00143 (ms)
[2026-05-28 19:37:31,477] qiskit.passmanager.base_tasks - INFO - Pass: RemoveIdentityEquivalent - 0.00405 (ms)
[2026-05-28 19:37:31,477] qiskit.passmanager.base_tasks - INFO - Pass: Optimize1qGatesDecomposition - 0.02265 (ms)
[2026-05-28 19:37:31,477] qiskit.passmanager.base_tasks - INFO - Pass: CommutativeCancellation - 0.01740 (ms)
[2026-05-28 19:37:31,477] qiskit.passmanager.base_tasks - INFO - Pass: ContractIdleWiresInControlFlow - 0.00143 (ms)
[2026-05-28 19:37:31,477] qiskit.passmanager.base_tasks - INFO - Pass: GatesInBasis - 0.00286 (ms)
[2026-05-28 19:37:31,477] qiskit.passmanager.base_tasks - INFO - Pass: Size - 0.00095 (ms)
[2026-05-28 19:37:31,477] qiskit.passmanager.base_tasks - INFO - Pass: Depth - 0.00405 (ms)
[2026-05-28 19:37:31,477] qiskit.passmanager.base_tasks - INFO - Pass: FixedPoint - 0.00191 (ms)
[2026-05-28 19:37:31,477] qiskit.passmanager.base_tasks - INFO - Pass: FixedPoint - 0.00119 (ms)
[2026-05-28 19:37:31,477] qiskit.passmanager.base_tasks - INFO - Pass: RemoveIdentityEquivalent - 0.00191 (ms)
[2026-05-28 19:37:31,477] qiskit.passmanager.base_tasks - INFO - Pass: Optimize1qGatesDecomposition - 0.01192 (ms)
[2026-05-28 19:37:31,477] qiskit.passmanager.base_tasks - INFO - Pass: CommutativeCancellation - 0.01121 (ms)
[2026-05-28 19:37:31,477] qiskit.passmanager.base_tasks - INFO - Pass: ContractIdleWiresInControlFlow - 0.00119 (ms)
[2026-05-28 19:37:31,477] qiskit.passmanager.base_tasks - INFO - Pass: GatesInBasis - 0.00215 (ms)
[2026-05-28 19:37:31,477] qiskit.passmanager.base_tasks - INFO - Pass: Size - 0.00095 (ms)
[2026-05-28 19:37:31,477] qiskit.passmanager.base_tasks - INFO - Pass: Depth - 0.00381 (ms)
[2026-05-28 19:37:31,477] qiskit.passmanager.base_tasks - INFO - Pass: FixedPoint - 0.00167 (ms)
[2026-05-28 19:37:31,477] qiskit.passmanager.base_tasks - INFO - Pass: FixedPoint - 0.00215 (ms)
[2026-05-28 19:37:31,477] qiskit.passmanager.base_tasks - INFO - Pass: ContainsInstruction - 0.00238 (ms)
[2026-05-28 19:37:31,478] qiskit.compiler.transpiler - INFO - Total Transpile Time - 4.04525 (ms)
[2026-05-28 19:37:53,335] qiskit.passmanager.base_tasks - INFO - Pass: ContainsInstruction - 0.00548 (ms)
[2026-05-28 19:37:53,335] qiskit.passmanager.base_tasks - INFO - Pass: UnitarySynthesis - 0.00381 (ms)
[2026-05-28 19:37:53,335] qiskit.passmanager.base_tasks - INFO - Pass: HighLevelSynthesis - 0.00334 (ms)
[2026-05-28 19:37:53,335] qiskit.passmanager.base_tasks - INFO - Pass: BasisTranslator - 0.01311 (ms)
[2026-05-28 19:37:53,335] qiskit.passmanager.base_tasks - INFO - Pass: ElidePermutations - 0.00286 (ms)
[2026-05-28 19:37:53,335] qiskit.passmanager.base_tasks - INFO - Pass: RemoveDiagonalGatesBeforeMeasure - 0.00405 (ms)
[2026-05-28 19:37:53,335] qiskit.passmanager.base_tasks - INFO - Pass: RemoveIdentityEquivalent - 0.06509 (ms)
[2026-05-28 19:37:53,335] qiskit.passmanager.base_tasks - INFO - Pass: InverseCancellation - 0.00978 (ms)
[2026-05-28 19:37:53,335] qiskit.passmanager.base_tasks - INFO - Pass: ContractIdleWiresInControlFlow - 0.00119 (ms)
[2026-05-28 19:37:53,335] qiskit.passmanager.base_tasks - INFO - Pass: CommutativeCancellation - 0.01979 (ms)
[2026-05-28 19:37:53,335] qiskit.passmanager.base_tasks - INFO - Pass: ConsolidateBlocks - 0.04625 (ms)
[2026-05-28 19:37:53,335] qiskit.passmanager.base_tasks - INFO - Pass: Split2QUnitaries - 0.00191 (ms)
[2026-05-28 19:37:53,335] qiskit.passmanager.base_tasks - INFO - Pass: UnitarySynthesis - 0.00286 (ms)
[2026-05-28 19:37:53,335] qiskit.passmanager.base_tasks - INFO - Pass: HighLevelSynthesis - 0.00429 (ms)
[2026-05-28 19:37:53,335] qiskit.passmanager.base_tasks - INFO - Pass: BasisTranslator - 0.28944 (ms)
[2026-05-28 19:37:53,335] qiskit.passmanager.base_tasks - INFO - Pass: ConsolidateBlocks - 0.04840 (ms)
[2026-05-28 19:37:53,335] qiskit.passmanager.base_tasks - INFO - Pass: UnitarySynthesis - 0.00286 (ms)
[2026-05-28 19:37:53,335] qiskit.passmanager.base_tasks - INFO - Pass: Size - 0.00238 (ms)
[2026-05-28 19:37:53,335] qiskit.passmanager.base_tasks - INFO - Pass: Depth - 0.02122 (ms)
[2026-05-28 19:37:53,336] qiskit.passmanager.base_tasks - INFO - Pass: FixedPoint - 0.00429 (ms)
[2026-05-28 19:37:53,336] qiskit.passmanager.base_tasks - INFO - Pass: FixedPoint - 0.00191 (ms)
[2026-05-28 19:37:53,336] qiskit.passmanager.base_tasks - INFO - Pass: RemoveIdentityEquivalent - 0.00429 (ms)
[2026-05-28 19:37:53,336] qiskit.passmanager.base_tasks - INFO - Pass: Optimize1qGatesDecomposition - 0.02503 (ms)
[2026-05-28 19:37:53,336] qiskit.passmanager.base_tasks - INFO - Pass: CommutativeCancellation - 0.01693 (ms)
[2026-05-28 19:37:53,336] qiskit.passmanager.base_tasks - INFO - Pass: ContractIdleWiresInControlFlow - 0.00072 (ms)
[2026-05-28 19:37:53,336] qiskit.passmanager.base_tasks - INFO - Pass: GatesInBasis - 0.00334 (ms)
[2026-05-28 19:37:53,336] qiskit.passmanager.base_tasks - INFO - Pass: Size - 0.00119 (ms)
[2026-05-28 19:37:53,336] qiskit.passmanager.base_tasks - INFO - Pass: Depth - 0.00477 (ms)
[2026-05-28 19:37:53,336] qiskit.passmanager.base_tasks - INFO - Pass: FixedPoint - 0.00215 (ms)
[2026-05-28 19:37:53,336] qiskit.passmanager.base_tasks - INFO - Pass: FixedPoint - 0.00143 (ms)
[2026-05-28 19:37:53,336] qiskit.passmanager.base_tasks - INFO - Pass: RemoveIdentityEquivalent - 0.00215 (ms)
[2026-05-28 19:37:53,336] qiskit.passmanager.base_tasks - INFO - Pass: Optimize1qGatesDecomposition - 0.01335 (ms)
[2026-05-28 19:37:53,336] qiskit.passmanager.base_tasks - INFO - Pass: CommutativeCancellation - 0.01335 (ms)
[2026-05-28 19:37:53,336] qiskit.passmanager.base_tasks - INFO - Pass: ContractIdleWiresInControlFlow - 0.00072 (ms)
[2026-05-28 19:37:53,336] qiskit.passmanager.base_tasks - INFO - Pass: GatesInBasis - 0.00191 (ms)
[2026-05-28 19:37:53,336] qiskit.passmanager.base_tasks - INFO - Pass: Size - 0.00095 (ms)
[2026-05-28 19:37:53,336] qiskit.passmanager.base_tasks - INFO - Pass: Depth - 0.00286 (ms)
[2026-05-28 19:37:53,336] qiskit.passmanager.base_tasks - INFO - Pass: FixedPoint - 0.00143 (ms)
[2026-05-28 19:37:53,336] qiskit.passmanager.base_tasks - INFO - Pass: FixedPoint - 0.00095 (ms)
[2026-05-28 19:37:53,336] qiskit.passmanager.base_tasks - INFO - Pass: ContainsInstruction - 0.00262 (ms)
[2026-05-28 19:37:53,336] qiskit.compiler.transpiler - INFO - Total Transpile Time - 4.22883 (ms)
[2026-05-28 19:38:16,746] qiskit.passmanager.base_tasks - INFO - Pass: ContainsInstruction - 0.00525 (ms)
[2026-05-28 19:38:16,746] qiskit.passmanager.base_tasks - INFO - Pass: UnitarySynthesis - 0.00429 (ms)
[2026-05-28 19:38:16,746] qiskit.passmanager.base_tasks - INFO - Pass: HighLevelSynthesis - 0.00405 (ms)
[2026-05-28 19:38:16,746] qiskit.passmanager.base_tasks - INFO - Pass: BasisTranslator - 0.01359 (ms)
[2026-05-28 19:38:16,746] qiskit.passmanager.base_tasks - INFO - Pass: ElidePermutations - 0.00453 (ms)
[2026-05-28 19:38:16,746] qiskit.passmanager.base_tasks - INFO - Pass: RemoveDiagonalGatesBeforeMeasure - 0.00477 (ms)
[2026-05-28 19:38:16,746] qiskit.passmanager.base_tasks - INFO - Pass: RemoveIdentityEquivalent - 0.00739 (ms)
[2026-05-28 19:38:16,746] qiskit.passmanager.base_tasks - INFO - Pass: InverseCancellation - 0.01025 (ms)
[2026-05-28 19:38:16,746] qiskit.passmanager.base_tasks - INFO - Pass: ContractIdleWiresInControlFlow - 0.00191 (ms)
[2026-05-28 19:38:16,746] qiskit.passmanager.base_tasks - INFO - Pass: CommutativeCancellation - 0.02432 (ms)
[2026-05-28 19:38:16,746] qiskit.passmanager.base_tasks - INFO - Pass: ConsolidateBlocks - 0.04339 (ms)
[2026-05-28 19:38:16,746] qiskit.passmanager.base_tasks - INFO - Pass: Split2QUnitaries - 0.00191 (ms)
[2026-05-28 19:38:16,746] qiskit.passmanager.base_tasks - INFO - Pass: UnitarySynthesis - 0.00262 (ms)
[2026-05-28 19:38:16,746] qiskit.passmanager.base_tasks - INFO - Pass: HighLevelSynthesis - 0.00572 (ms)
[2026-05-28 19:38:16,746] qiskit.passmanager.base_tasks - INFO - Pass: BasisTranslator - 0.26798 (ms)
[2026-05-28 19:38:16,747] qiskit.passmanager.base_tasks - INFO - Pass: ConsolidateBlocks - 0.05293 (ms)
[2026-05-28 19:38:16,747] qiskit.passmanager.base_tasks - INFO - Pass: UnitarySynthesis - 0.00286 (ms)
[2026-05-28 19:38:16,747] qiskit.passmanager.base_tasks - INFO - Pass: Size - 0.00334 (ms)
[2026-05-28 19:38:16,747] qiskit.passmanager.base_tasks - INFO - Pass: Depth - 0.00620 (ms)
[2026-05-28 19:38:16,747] qiskit.passmanager.base_tasks - INFO - Pass: FixedPoint - 0.00453 (ms)
[2026-05-28 19:38:16,747] qiskit.passmanager.base_tasks - INFO - Pass: FixedPoint - 0.00191 (ms)
[2026-05-28 19:38:16,747] qiskit.passmanager.base_tasks - INFO - Pass: RemoveIdentityEquivalent - 0.00429 (ms)
[2026-05-28 19:38:16,747] qiskit.passmanager.base_tasks - INFO - Pass: Optimize1qGatesDecomposition - 0.02742 (ms)
[2026-05-28 19:38:16,747] qiskit.passmanager.base_tasks - INFO - Pass: CommutativeCancellation - 0.01836 (ms)
[2026-05-28 19:38:16,747] qiskit.passmanager.base_tasks - INFO - Pass: ContractIdleWiresInControlFlow - 0.00119 (ms)
[2026-05-28 19:38:16,747] qiskit.passmanager.base_tasks - INFO - Pass: GatesInBasis - 0.00310 (ms)
[2026-05-28 19:38:16,747] qiskit.passmanager.base_tasks - INFO - Pass: Size - 0.00143 (ms)
[2026-05-28 19:38:16,747] qiskit.passmanager.base_tasks - INFO - Pass: Depth - 0.00477 (ms)
[2026-05-28 19:38:16,747] qiskit.passmanager.base_tasks - INFO - Pass: FixedPoint - 0.00215 (ms)
[2026-05-28 19:38:16,747] qiskit.passmanager.base_tasks - INFO - Pass: FixedPoint - 0.00167 (ms)
[2026-05-28 19:38:16,747] qiskit.passmanager.base_tasks - INFO - Pass: RemoveIdentityEquivalent - 0.00215 (ms)
[2026-05-28 19:38:16,747] qiskit.passmanager.base_tasks - INFO - Pass: Optimize1qGatesDecomposition - 0.01359 (ms)
[2026-05-28 19:38:16,747] qiskit.passmanager.base_tasks - INFO - Pass: CommutativeCancellation - 0.01335 (ms)
[2026-05-28 19:38:16,747] qiskit.passmanager.base_tasks - INFO - Pass: ContractIdleWiresInControlFlow - 0.00072 (ms)
[2026-05-28 19:38:16,747] qiskit.passmanager.base_tasks - INFO - Pass: GatesInBasis - 0.00191 (ms)
[2026-05-28 19:38:16,747] qiskit.passmanager.base_tasks - INFO - Pass: Size - 0.00072 (ms)
[2026-05-28 19:38:16,747] qiskit.passmanager.base_tasks - INFO - Pass: Depth - 0.00381 (ms)
[2026-05-28 19:38:16,747] qiskit.passmanager.base_tasks - INFO - Pass: FixedPoint - 0.00238 (ms)
[2026-05-28 19:38:16,747] qiskit.passmanager.base_tasks - INFO - Pass: FixedPoint - 0.00167 (ms)
[2026-05-28 19:38:16,747] qiskit.passmanager.base_tasks - INFO - Pass: ContainsInstruction - 0.00310 (ms)
[2026-05-28 19:38:16,747] qiskit.compiler.transpiler - INFO - Total Transpile Time - 4.41551 (ms)
[2026-05-28 19:38:38,385] qiskit.passmanager.base_tasks - INFO - Pass: ContainsInstruction - 0.00572 (ms)
[2026-05-28 19:38:38,385] qiskit.passmanager.base_tasks - INFO - Pass: UnitarySynthesis - 0.00429 (ms)
[2026-05-28 19:38:38,385] qiskit.passmanager.base_tasks - INFO - Pass: HighLevelSynthesis - 0.00405 (ms)
[2026-05-28 19:38:38,385] qiskit.passmanager.base_tasks - INFO - Pass: BasisTranslator - 0.01311 (ms)
[2026-05-28 19:38:38,385] qiskit.passmanager.base_tasks - INFO - Pass: ElidePermutations - 0.00477 (ms)
[2026-05-28 19:38:38,386] qiskit.passmanager.base_tasks - INFO - Pass: RemoveDiagonalGatesBeforeMeasure - 0.00548 (ms)
[2026-05-28 19:38:38,386] qiskit.passmanager.base_tasks - INFO - Pass: RemoveIdentityEquivalent - 0.00691 (ms)
[2026-05-28 19:38:38,386] qiskit.passmanager.base_tasks - INFO - Pass: InverseCancellation - 0.03719 (ms)
[2026-05-28 19:38:38,386] qiskit.passmanager.base_tasks - INFO - Pass: ContractIdleWiresInControlFlow - 0.00143 (ms)
[2026-05-28 19:38:38,386] qiskit.passmanager.base_tasks - INFO - Pass: CommutativeCancellation - 0.02265 (ms)
[2026-05-28 19:38:38,386] qiskit.passmanager.base_tasks - INFO - Pass: ConsolidateBlocks - 0.05031 (ms)
[2026-05-28 19:38:38,386] qiskit.passmanager.base_tasks - INFO - Pass: Split2QUnitaries - 0.00191 (ms)
[2026-05-28 19:38:38,386] qiskit.passmanager.base_tasks - INFO - Pass: UnitarySynthesis - 0.00286 (ms)
[2026-05-28 19:38:38,386] qiskit.passmanager.base_tasks - INFO - Pass: HighLevelSynthesis - 0.00525 (ms)
[2026-05-28 19:38:38,386] qiskit.passmanager.base_tasks - INFO - Pass: BasisTranslator - 0.33164 (ms)
[2026-05-28 19:38:38,386] qiskit.passmanager.base_tasks - INFO - Pass: ConsolidateBlocks - 0.05674 (ms)
[2026-05-28 19:38:38,386] qiskit.passmanager.base_tasks - INFO - Pass: UnitarySynthesis - 0.00286 (ms)
[2026-05-28 19:38:38,386] qiskit.passmanager.base_tasks - INFO - Pass: Size - 0.00262 (ms)
[2026-05-28 19:38:38,386] qiskit.passmanager.base_tasks - INFO - Pass: Depth - 0.00715 (ms)
[2026-05-28 19:38:38,386] qiskit.passmanager.base_tasks - INFO - Pass: FixedPoint - 0.00525 (ms)
[2026-05-28 19:38:38,386] qiskit.passmanager.base_tasks - INFO - Pass: FixedPoint - 0.00143 (ms)
[2026-05-28 19:38:38,386] qiskit.passmanager.base_tasks - INFO - Pass: RemoveIdentityEquivalent - 0.00525 (ms)
[2026-05-28 19:38:38,386] qiskit.passmanager.base_tasks - INFO - Pass: Optimize1qGatesDecomposition - 0.02670 (ms)
[2026-05-28 19:38:38,386] qiskit.passmanager.base_tasks - INFO - Pass: CommutativeCancellation - 0.01836 (ms)
[2026-05-28 19:38:38,386] qiskit.passmanager.base_tasks - INFO - Pass: ContractIdleWiresInControlFlow - 0.00143 (ms)
[2026-05-28 19:38:38,387] qiskit.passmanager.base_tasks - INFO - Pass: GatesInBasis - 0.00358 (ms)
[2026-05-28 19:38:38,387] qiskit.passmanager.base_tasks - INFO - Pass: Size - 0.00095 (ms)
[2026-05-28 19:38:38,387] qiskit.passmanager.base_tasks - INFO - Pass: Depth - 0.00477 (ms)
[2026-05-28 19:38:38,387] qiskit.passmanager.base_tasks - INFO - Pass: FixedPoint - 0.00191 (ms)
[2026-05-28 19:38:38,387] qiskit.passmanager.base_tasks - INFO - Pass: FixedPoint - 0.00143 (ms)
[2026-05-28 19:38:38,387] qiskit.passmanager.base_tasks - INFO - Pass: RemoveIdentityEquivalent - 0.00238 (ms)
[2026-05-28 19:38:38,387] qiskit.passmanager.base_tasks - INFO - Pass: Optimize1qGatesDecomposition - 0.01359 (ms)
[2026-05-28 19:38:38,387] qiskit.passmanager.base_tasks - INFO - Pass: CommutativeCancellation - 0.01383 (ms)
[2026-05-28 19:38:38,387] qiskit.passmanager.base_tasks - INFO - Pass: ContractIdleWiresInControlFlow - 0.00119 (ms)
[2026-05-28 19:38:38,387] qiskit.passmanager.base_tasks - INFO - Pass: GatesInBasis - 0.00215 (ms)
[2026-05-28 19:38:38,387] qiskit.passmanager.base_tasks - INFO - Pass: Size - 0.00095 (ms)
[2026-05-28 19:38:38,387] qiskit.passmanager.base_tasks - INFO - Pass: Depth - 0.00405 (ms)
[2026-05-28 19:38:38,387] qiskit.passmanager.base_tasks - INFO - Pass: FixedPoint - 0.00238 (ms)
[2026-05-28 19:38:38,387] qiskit.passmanager.base_tasks - INFO - Pass: FixedPoint - 0.00215 (ms)
[2026-05-28 19:38:38,387] qiskit.passmanager.base_tasks - INFO - Pass: ContainsInstruction - 0.00238 (ms)
[2026-05-28 19:38:38,387] qiskit.compiler.transpiler - INFO - Total Transpile Time - 4.48775 (ms)
[2026-05-28 19:39:00,139] qiskit.passmanager.base_tasks - INFO - Pass: ContainsInstruction - 0.00548 (ms)
[2026-05-28 19:39:00,139] qiskit.passmanager.base_tasks - INFO - Pass: UnitarySynthesis - 0.00453 (ms)
[2026-05-28 19:39:00,139] qiskit.passmanager.base_tasks - INFO - Pass: HighLevelSynthesis - 0.00310 (ms)
[2026-05-28 19:39:00,139] qiskit.passmanager.base_tasks - INFO - Pass: BasisTranslator - 0.01144 (ms)
[2026-05-28 19:39:00,139] qiskit.passmanager.base_tasks - INFO - Pass: ElidePermutations - 0.00310 (ms)
[2026-05-28 19:39:00,139] qiskit.passmanager.base_tasks - INFO - Pass: RemoveDiagonalGatesBeforeMeasure - 0.00501 (ms)
[2026-05-28 19:39:00,139] qiskit.passmanager.base_tasks - INFO - Pass: RemoveIdentityEquivalent - 0.00644 (ms)
[2026-05-28 19:39:00,139] qiskit.passmanager.base_tasks - INFO - Pass: InverseCancellation - 0.00715 (ms)
[2026-05-28 19:39:00,139] qiskit.passmanager.base_tasks - INFO - Pass: ContractIdleWiresInControlFlow - 0.00143 (ms)
[2026-05-28 19:39:00,139] qiskit.passmanager.base_tasks - INFO - Pass: CommutativeCancellation - 0.01812 (ms)
[2026-05-28 19:39:00,139] qiskit.passmanager.base_tasks - INFO - Pass: ConsolidateBlocks - 0.03862 (ms)
[2026-05-28 19:39:00,139] qiskit.passmanager.base_tasks - INFO - Pass: Split2QUnitaries - 0.00215 (ms)
[2026-05-28 19:39:00,139] qiskit.passmanager.base_tasks - INFO - Pass: UnitarySynthesis - 0.00215 (ms)
[2026-05-28 19:39:00,139] qiskit.passmanager.base_tasks - INFO - Pass: HighLevelSynthesis - 0.00334 (ms)
[2026-05-28 19:39:00,140] qiskit.passmanager.base_tasks - INFO - Pass: BasisTranslator - 0.25082 (ms)
[2026-05-28 19:39:00,140] qiskit.passmanager.base_tasks - INFO - Pass: ConsolidateBlocks - 0.05341 (ms)
[2026-05-28 19:39:00,140] qiskit.passmanager.base_tasks - INFO - Pass: UnitarySynthesis - 0.00310 (ms)
[2026-05-28 19:39:00,140] qiskit.passmanager.base_tasks - INFO - Pass: Size - 0.00215 (ms)
[2026-05-28 19:39:00,140] qiskit.passmanager.base_tasks - INFO - Pass: Depth - 0.00548 (ms)
[2026-05-28 19:39:00,140] qiskit.passmanager.base_tasks - INFO - Pass: FixedPoint - 0.00405 (ms)
[2026-05-28 19:39:00,140] qiskit.passmanager.base_tasks - INFO - Pass: FixedPoint - 0.00143 (ms)
[2026-05-28 19:39:00,140] qiskit.passmanager.base_tasks - INFO - Pass: RemoveIdentityEquivalent - 0.00477 (ms)
[2026-05-28 19:39:00,140] qiskit.passmanager.base_tasks - INFO - Pass: Optimize1qGatesDecomposition - 0.02337 (ms)
[2026-05-28 19:39:00,140] qiskit.passmanager.base_tasks - INFO - Pass: CommutativeCancellation - 0.01884 (ms)
[2026-05-28 19:39:00,140] qiskit.passmanager.base_tasks - INFO - Pass: ContractIdleWiresInControlFlow - 0.00119 (ms)
[2026-05-28 19:39:00,140] qiskit.passmanager.base_tasks - INFO - Pass: GatesInBasis - 0.00429 (ms)
[2026-05-28 19:39:00,140] qiskit.passmanager.base_tasks - INFO - Pass: Size - 0.00143 (ms)
[2026-05-28 19:39:00,140] qiskit.passmanager.base_tasks - INFO - Pass: Depth - 0.00405 (ms)
[2026-05-28 19:39:00,140] qiskit.passmanager.base_tasks - INFO - Pass: FixedPoint - 0.00215 (ms)
[2026-05-28 19:39:00,140] qiskit.passmanager.base_tasks - INFO - Pass: FixedPoint - 0.00167 (ms)
[2026-05-28 19:39:00,140] qiskit.passmanager.base_tasks - INFO - Pass: RemoveIdentityEquivalent - 0.00262 (ms)
[2026-05-28 19:39:00,140] qiskit.passmanager.base_tasks - INFO - Pass: Optimize1qGatesDecomposition - 0.01311 (ms)
[2026-05-28 19:39:00,140] qiskit.passmanager.base_tasks - INFO - Pass: CommutativeCancellation - 0.01431 (ms)
[2026-05-28 19:39:00,140] qiskit.passmanager.base_tasks - INFO - Pass: ContractIdleWiresInControlFlow - 0.00095 (ms)
[2026-05-28 19:39:00,140] qiskit.passmanager.base_tasks - INFO - Pass: GatesInBasis - 0.00191 (ms)
[2026-05-28 19:39:00,140] qiskit.passmanager.base_tasks - INFO - Pass: Size - 0.00095 (ms)
[2026-05-28 19:39:00,140] qiskit.passmanager.base_tasks - INFO - Pass: Depth - 0.00429 (ms)
[2026-05-28 19:39:00,140] qiskit.passmanager.base_tasks - INFO - Pass: FixedPoint - 0.00191 (ms)
[2026-05-28 19:39:00,140] qiskit.passmanager.base_tasks - INFO - Pass: FixedPoint - 0.00501 (ms)
[2026-05-28 19:39:00,140] qiskit.passmanager.base_tasks - INFO - Pass: ContainsInstruction - 0.00596 (ms)
[2026-05-28 19:39:00,141] qiskit.compiler.transpiler - INFO - Total Transpile Time - 4.25529 (ms)
[2026-05-28 19:39:22,148] qiskit.passmanager.base_tasks - INFO - Pass: ContainsInstruction - 0.00691 (ms)
[2026-05-28 19:39:22,149] qiskit.passmanager.base_tasks - INFO - Pass: UnitarySynthesis - 0.00477 (ms)
[2026-05-28 19:39:22,149] qiskit.passmanager.base_tasks - INFO - Pass: HighLevelSynthesis - 0.00429 (ms)
[2026-05-28 19:39:22,149] qiskit.passmanager.base_tasks - INFO - Pass: BasisTranslator - 0.01502 (ms)
[2026-05-28 19:39:22,149] qiskit.passmanager.base_tasks - INFO - Pass: ElidePermutations - 0.00358 (ms)
[2026-05-28 19:39:22,149] qiskit.passmanager.base_tasks - INFO - Pass: RemoveDiagonalGatesBeforeMeasure - 0.00548 (ms)
[2026-05-28 19:39:22,149] qiskit.passmanager.base_tasks - INFO - Pass: RemoveIdentityEquivalent - 0.00644 (ms)
[2026-05-28 19:39:22,149] qiskit.passmanager.base_tasks - INFO - Pass: InverseCancellation - 0.01144 (ms)
[2026-05-28 19:39:22,149] qiskit.passmanager.base_tasks - INFO - Pass: ContractIdleWiresInControlFlow - 0.00143 (ms)
[2026-05-28 19:39:22,149] qiskit.passmanager.base_tasks - INFO - Pass: CommutativeCancellation - 0.02098 (ms)
[2026-05-28 19:39:22,149] qiskit.passmanager.base_tasks - INFO - Pass: ConsolidateBlocks - 0.04363 (ms)
[2026-05-28 19:39:22,149] qiskit.passmanager.base_tasks - INFO - Pass: Split2QUnitaries - 0.00167 (ms)
[2026-05-28 19:39:22,149] qiskit.passmanager.base_tasks - INFO - Pass: UnitarySynthesis - 0.00238 (ms)
[2026-05-28 19:39:22,149] qiskit.passmanager.base_tasks - INFO - Pass: HighLevelSynthesis - 0.00501 (ms)
[2026-05-28 19:39:22,149] qiskit.passmanager.base_tasks - INFO - Pass: BasisTranslator - 0.28539 (ms)
[2026-05-28 19:39:22,149] qiskit.passmanager.base_tasks - INFO - Pass: ConsolidateBlocks - 0.05794 (ms)
[2026-05-28 19:39:22,149] qiskit.passmanager.base_tasks - INFO - Pass: UnitarySynthesis - 0.10276 (ms)
[2026-05-28 19:39:22,149] qiskit.passmanager.base_tasks - INFO - Pass: Size - 0.00286 (ms)
[2026-05-28 19:39:22,149] qiskit.passmanager.base_tasks - INFO - Pass: Depth - 0.00572 (ms)
[2026-05-28 19:39:22,149] qiskit.passmanager.base_tasks - INFO - Pass: FixedPoint - 0.00668 (ms)
[2026-05-28 19:39:22,149] qiskit.passmanager.base_tasks - INFO - Pass: FixedPoint - 0.00143 (ms)
[2026-05-28 19:39:22,149] qiskit.passmanager.base_tasks - INFO - Pass: RemoveIdentityEquivalent - 0.00405 (ms)
[2026-05-28 19:39:22,149] qiskit.passmanager.base_tasks - INFO - Pass: Optimize1qGatesDecomposition - 0.02718 (ms)
[2026-05-28 19:39:22,150] qiskit.passmanager.base_tasks - INFO - Pass: CommutativeCancellation - 0.01812 (ms)
[2026-05-28 19:39:22,150] qiskit.passmanager.base_tasks - INFO - Pass: ContractIdleWiresInControlFlow - 0.00119 (ms)
[2026-05-28 19:39:22,150] qiskit.passmanager.base_tasks - INFO - Pass: GatesInBasis - 0.00381 (ms)
[2026-05-28 19:39:22,150] qiskit.passmanager.base_tasks - INFO - Pass: Size - 0.00119 (ms)
[2026-05-28 19:39:22,150] qiskit.passmanager.base_tasks - INFO - Pass: Depth - 0.00405 (ms)
[2026-05-28 19:39:22,150] qiskit.passmanager.base_tasks - INFO - Pass: FixedPoint - 0.00215 (ms)
[2026-05-28 19:39:22,150] qiskit.passmanager.base_tasks - INFO - Pass: FixedPoint - 0.00119 (ms)
[2026-05-28 19:39:22,150] qiskit.passmanager.base_tasks - INFO - Pass: RemoveIdentityEquivalent - 0.00238 (ms)
[2026-05-28 19:39:22,150] qiskit.passmanager.base_tasks - INFO - Pass: Optimize1qGatesDecomposition - 0.01335 (ms)
[2026-05-28 19:39:22,150] qiskit.passmanager.base_tasks - INFO - Pass: CommutativeCancellation - 0.01407 (ms)
[2026-05-28 19:39:22,150] qiskit.passmanager.base_tasks - INFO - Pass: ContractIdleWiresInControlFlow - 0.00072 (ms)
[2026-05-28 19:39:22,150] qiskit.passmanager.base_tasks - INFO - Pass: GatesInBasis - 0.00191 (ms)
[2026-05-28 19:39:22,150] qiskit.passmanager.base_tasks - INFO - Pass: Size - 0.00095 (ms)
[2026-05-28 19:39:22,150] qiskit.passmanager.base_tasks - INFO - Pass: Depth - 0.00405 (ms)
[2026-05-28 19:39:22,150] qiskit.passmanager.base_tasks - INFO - Pass: FixedPoint - 0.00191 (ms)
[2026-05-28 19:39:22,150] qiskit.passmanager.base_tasks - INFO - Pass: FixedPoint - 0.00143 (ms)
[2026-05-28 19:39:22,150] qiskit.passmanager.base_tasks - INFO - Pass: ContainsInstruction - 0.00262 (ms)
[2026-05-28 19:39:22,150] qiskit.compiler.transpiler - INFO - Total Transpile Time - 4.59456 (ms)
[2026-05-28 19:39:43,704] qiskit.passmanager.base_tasks - INFO - Pass: ContainsInstruction - 0.00548 (ms)
[2026-05-28 19:39:43,704] qiskit.passmanager.base_tasks - INFO - Pass: UnitarySynthesis - 0.00381 (ms)
[2026-05-28 19:39:43,704] qiskit.passmanager.base_tasks - INFO - Pass: HighLevelSynthesis - 0.00381 (ms)
[2026-05-28 19:39:43,704] qiskit.passmanager.base_tasks - INFO - Pass: BasisTranslator - 0.01192 (ms)
[2026-05-28 19:39:43,704] qiskit.passmanager.base_tasks - INFO - Pass: ElidePermutations - 0.00405 (ms)
[2026-05-28 19:39:43,704] qiskit.passmanager.base_tasks - INFO - Pass: RemoveDiagonalGatesBeforeMeasure - 0.00429 (ms)
[2026-05-28 19:39:43,704] qiskit.passmanager.base_tasks - INFO - Pass: RemoveIdentityEquivalent - 0.00548 (ms)
[2026-05-28 19:39:43,704] qiskit.passmanager.base_tasks - INFO - Pass: InverseCancellation - 0.00930 (ms)
[2026-05-28 19:39:43,704] qiskit.passmanager.base_tasks - INFO - Pass: ContractIdleWiresInControlFlow - 0.00095 (ms)
[2026-05-28 19:39:43,704] qiskit.passmanager.base_tasks - INFO - Pass: CommutativeCancellation - 0.01955 (ms)
[2026-05-28 19:39:43,704] qiskit.passmanager.base_tasks - INFO - Pass: ConsolidateBlocks - 0.03862 (ms)
[2026-05-28 19:39:43,704] qiskit.passmanager.base_tasks - INFO - Pass: Split2QUnitaries - 0.00167 (ms)
[2026-05-28 19:39:43,704] qiskit.passmanager.base_tasks - INFO - Pass: UnitarySynthesis - 0.00238 (ms)
[2026-05-28 19:39:43,704] qiskit.passmanager.base_tasks - INFO - Pass: HighLevelSynthesis - 0.00429 (ms)
[2026-05-28 19:39:43,709] qiskit.passmanager.base_tasks - INFO - Pass: BasisTranslator - 4.38857 (ms)
[2026-05-28 19:39:43,709] qiskit.passmanager.base_tasks - INFO - Pass: ConsolidateBlocks - 0.09394 (ms)
[2026-05-28 19:39:43,709] qiskit.passmanager.base_tasks - INFO - Pass: UnitarySynthesis - 0.00501 (ms)
[2026-05-28 19:39:43,709] qiskit.passmanager.base_tasks - INFO - Pass: Size - 0.02217 (ms)
[2026-05-28 19:39:43,709] qiskit.passmanager.base_tasks - INFO - Pass: Depth - 0.01073 (ms)
[2026-05-28 19:39:43,709] qiskit.passmanager.base_tasks - INFO - Pass: FixedPoint - 0.00739 (ms)
[2026-05-28 19:39:43,709] qiskit.passmanager.base_tasks - INFO - Pass: FixedPoint - 0.00286 (ms)
[2026-05-28 19:39:43,709] qiskit.passmanager.base_tasks - INFO - Pass: RemoveIdentityEquivalent - 0.00787 (ms)
[2026-05-28 19:39:43,709] qiskit.passmanager.base_tasks - INFO - Pass: Optimize1qGatesDecomposition - 0.04077 (ms)
[2026-05-28 19:39:43,709] qiskit.passmanager.base_tasks - INFO - Pass: CommutativeCancellation - 0.02909 (ms)
[2026-05-28 19:39:43,709] qiskit.passmanager.base_tasks - INFO - Pass: ContractIdleWiresInControlFlow - 0.00215 (ms)
[2026-05-28 19:39:43,709] qiskit.passmanager.base_tasks - INFO - Pass: GatesInBasis - 0.00548 (ms)
[2026-05-28 19:39:43,709] qiskit.passmanager.base_tasks - INFO - Pass: Size - 0.00191 (ms)
[2026-05-28 19:39:43,709] qiskit.passmanager.base_tasks - INFO - Pass: Depth - 0.00715 (ms)
[2026-05-28 19:39:43,709] qiskit.passmanager.base_tasks - INFO - Pass: FixedPoint - 0.00334 (ms)
[2026-05-28 19:39:43,709] qiskit.passmanager.base_tasks - INFO - Pass: FixedPoint - 0.00286 (ms)
[2026-05-28 19:39:43,709] qiskit.passmanager.base_tasks - INFO - Pass: RemoveIdentityEquivalent - 0.00453 (ms)
[2026-05-28 19:39:43,709] qiskit.passmanager.base_tasks - INFO - Pass: Optimize1qGatesDecomposition - 0.02241 (ms)
[2026-05-28 19:39:43,709] qiskit.passmanager.base_tasks - INFO - Pass: CommutativeCancellation - 0.02265 (ms)
[2026-05-28 19:39:43,709] qiskit.passmanager.base_tasks - INFO - Pass: ContractIdleWiresInControlFlow - 0.00143 (ms)
[2026-05-28 19:39:43,710] qiskit.passmanager.base_tasks - INFO - Pass: GatesInBasis - 0.00405 (ms)
[2026-05-28 19:39:43,710] qiskit.passmanager.base_tasks - INFO - Pass: Size - 0.00167 (ms)
[2026-05-28 19:39:43,710] qiskit.passmanager.base_tasks - INFO - Pass: Depth - 0.00644 (ms)
[2026-05-28 19:39:43,710] qiskit.passmanager.base_tasks - INFO - Pass: FixedPoint - 0.00310 (ms)
[2026-05-28 19:39:43,710] qiskit.passmanager.base_tasks - INFO - Pass: FixedPoint - 0.00262 (ms)
[2026-05-28 19:39:43,710] qiskit.passmanager.base_tasks - INFO - Pass: ContainsInstruction - 0.00429 (ms)
[2026-05-28 19:39:43,710] qiskit.compiler.transpiler - INFO - Total Transpile Time - 8.85105 (ms)
[2026-05-28 19:40:05,794] qiskit.passmanager.base_tasks - INFO - Pass: ContainsInstruction - 0.00620 (ms)
[2026-05-28 19:40:05,794] qiskit.passmanager.base_tasks - INFO - Pass: UnitarySynthesis - 0.00429 (ms)
[2026-05-28 19:40:05,794] qiskit.passmanager.base_tasks - INFO - Pass: HighLevelSynthesis - 0.00429 (ms)
[2026-05-28 19:40:05,794] qiskit.passmanager.base_tasks - INFO - Pass: BasisTranslator - 0.01550 (ms)
[2026-05-28 19:40:05,794] qiskit.passmanager.base_tasks - INFO - Pass: ElidePermutations - 0.00525 (ms)
[2026-05-28 19:40:05,794] qiskit.passmanager.base_tasks - INFO - Pass: RemoveDiagonalGatesBeforeMeasure - 0.00501 (ms)
[2026-05-28 19:40:05,794] qiskit.passmanager.base_tasks - INFO - Pass: RemoveIdentityEquivalent - 0.00787 (ms)
[2026-05-28 19:40:05,794] qiskit.passmanager.base_tasks - INFO - Pass: InverseCancellation - 0.00978 (ms)
[2026-05-28 19:40:05,794] qiskit.passmanager.base_tasks - INFO - Pass: ContractIdleWiresInControlFlow - 0.00167 (ms)
[2026-05-28 19:40:05,794] qiskit.passmanager.base_tasks - INFO - Pass: CommutativeCancellation - 0.02289 (ms)
[2026-05-28 19:40:05,794] qiskit.passmanager.base_tasks - INFO - Pass: ConsolidateBlocks - 0.04673 (ms)
[2026-05-28 19:40:05,794] qiskit.passmanager.base_tasks - INFO - Pass: Split2QUnitaries - 0.00167 (ms)
[2026-05-28 19:40:05,794] qiskit.passmanager.base_tasks - INFO - Pass: UnitarySynthesis - 0.00262 (ms)
[2026-05-28 19:40:05,794] qiskit.passmanager.base_tasks - INFO - Pass: HighLevelSynthesis - 0.00501 (ms)
[2026-05-28 19:40:05,794] qiskit.passmanager.base_tasks - INFO - Pass: BasisTranslator - 0.28634 (ms)
[2026-05-28 19:40:05,794] qiskit.passmanager.base_tasks - INFO - Pass: ConsolidateBlocks - 0.05555 (ms)
[2026-05-28 19:40:05,794] qiskit.passmanager.base_tasks - INFO - Pass: UnitarySynthesis - 0.00238 (ms)
[2026-05-28 19:40:05,795] qiskit.passmanager.base_tasks - INFO - Pass: Size - 0.00238 (ms)
[2026-05-28 19:40:05,795] qiskit.passmanager.base_tasks - INFO - Pass: Depth - 0.00596 (ms)
[2026-05-28 19:40:05,795] qiskit.passmanager.base_tasks - INFO - Pass: FixedPoint - 0.00453 (ms)
[2026-05-28 19:40:05,795] qiskit.passmanager.base_tasks - INFO - Pass: FixedPoint - 0.00119 (ms)
[2026-05-28 19:40:05,795] qiskit.passmanager.base_tasks - INFO - Pass: RemoveIdentityEquivalent - 0.00453 (ms)
[2026-05-28 19:40:05,795] qiskit.passmanager.base_tasks - INFO - Pass: Optimize1qGatesDecomposition - 0.02718 (ms)
[2026-05-28 19:40:05,795] qiskit.passmanager.base_tasks - INFO - Pass: CommutativeCancellation - 0.01860 (ms)
[2026-05-28 19:40:05,795] qiskit.passmanager.base_tasks - INFO - Pass: ContractIdleWiresInControlFlow - 0.00095 (ms)
[2026-05-28 19:40:05,795] qiskit.passmanager.base_tasks - INFO - Pass: GatesInBasis - 0.00310 (ms)
[2026-05-28 19:40:05,795] qiskit.passmanager.base_tasks - INFO - Pass: Size - 0.00095 (ms)
[2026-05-28 19:40:05,795] qiskit.passmanager.base_tasks - INFO - Pass: Depth - 0.00453 (ms)
[2026-05-28 19:40:05,795] qiskit.passmanager.base_tasks - INFO - Pass: FixedPoint - 0.00215 (ms)
[2026-05-28 19:40:05,795] qiskit.passmanager.base_tasks - INFO - Pass: FixedPoint - 0.00238 (ms)
[2026-05-28 19:40:05,795] qiskit.passmanager.base_tasks - INFO - Pass: RemoveIdentityEquivalent - 0.00238 (ms)
[2026-05-28 19:40:05,795] qiskit.passmanager.base_tasks - INFO - Pass: Optimize1qGatesDecomposition - 0.01383 (ms)
[2026-05-28 19:40:05,795] qiskit.passmanager.base_tasks - INFO - Pass: CommutativeCancellation - 0.01311 (ms)
[2026-05-28 19:40:05,795] qiskit.passmanager.base_tasks - INFO - Pass: ContractIdleWiresInControlFlow - 0.00072 (ms)
[2026-05-28 19:40:05,795] qiskit.passmanager.base_tasks - INFO - Pass: GatesInBasis - 0.00191 (ms)
[2026-05-28 19:40:05,795] qiskit.passmanager.base_tasks - INFO - Pass: Size - 0.00072 (ms)
[2026-05-28 19:40:05,795] qiskit.passmanager.base_tasks - INFO - Pass: Depth - 0.00429 (ms)
[2026-05-28 19:40:05,795] qiskit.passmanager.base_tasks - INFO - Pass: FixedPoint - 0.00191 (ms)
[2026-05-28 19:40:05,795] qiskit.passmanager.base_tasks - INFO - Pass: FixedPoint - 0.00119 (ms)
[2026-05-28 19:40:05,795] qiskit.passmanager.base_tasks - INFO - Pass: ContainsInstruction - 0.00286 (ms)
[2026-05-28 19:40:05,795] qiskit.compiler.transpiler - INFO - Total Transpile Time - 4.32324 (ms)
[2026-05-28 19:40:25,844] qiskit.passmanager.base_tasks - INFO - Pass: ContainsInstruction - 0.00668 (ms)
[2026-05-28 19:40:25,844] qiskit.passmanager.base_tasks - INFO - Pass: UnitarySynthesis - 0.00572 (ms)
[2026-05-28 19:40:25,844] qiskit.passmanager.base_tasks - INFO - Pass: HighLevelSynthesis - 0.00381 (ms)
[2026-05-28 19:40:25,844] qiskit.passmanager.base_tasks - INFO - Pass: BasisTranslator - 0.01621 (ms)
[2026-05-28 19:40:25,844] qiskit.passmanager.base_tasks - INFO - Pass: ElidePermutations - 0.00453 (ms)
[2026-05-28 19:40:25,844] qiskit.passmanager.base_tasks - INFO - Pass: RemoveDiagonalGatesBeforeMeasure - 0.00548 (ms)
[2026-05-28 19:40:25,844] qiskit.passmanager.base_tasks - INFO - Pass: RemoveIdentityEquivalent - 0.00715 (ms)
[2026-05-28 19:40:25,844] qiskit.passmanager.base_tasks - INFO - Pass: InverseCancellation - 0.01001 (ms)
[2026-05-28 19:40:25,844] qiskit.passmanager.base_tasks - INFO - Pass: ContractIdleWiresInControlFlow - 0.00167 (ms)
[2026-05-28 19:40:25,844] qiskit.passmanager.base_tasks - INFO - Pass: CommutativeCancellation - 0.02193 (ms)
[2026-05-28 19:40:25,844] qiskit.passmanager.base_tasks - INFO - Pass: ConsolidateBlocks - 0.04315 (ms)
[2026-05-28 19:40:25,844] qiskit.passmanager.base_tasks - INFO - Pass: Split2QUnitaries - 0.00286 (ms)
[2026-05-28 19:40:25,845] qiskit.passmanager.base_tasks - INFO - Pass: UnitarySynthesis - 0.00238 (ms)
[2026-05-28 19:40:25,845] qiskit.passmanager.base_tasks - INFO - Pass: HighLevelSynthesis - 0.00572 (ms)
[2026-05-28 19:40:25,845] qiskit.passmanager.base_tasks - INFO - Pass: BasisTranslator - 0.28658 (ms)
[2026-05-28 19:40:25,845] qiskit.passmanager.base_tasks - INFO - Pass: ConsolidateBlocks - 0.07129 (ms)
[2026-05-28 19:40:25,845] qiskit.passmanager.base_tasks - INFO - Pass: UnitarySynthesis - 0.00262 (ms)
[2026-05-28 19:40:25,845] qiskit.passmanager.base_tasks - INFO - Pass: Size - 0.00238 (ms)
[2026-05-28 19:40:25,845] qiskit.passmanager.base_tasks - INFO - Pass: Depth - 0.00620 (ms)
[2026-05-28 19:40:25,845] qiskit.passmanager.base_tasks - INFO - Pass: FixedPoint - 0.00429 (ms)
[2026-05-28 19:40:25,845] qiskit.passmanager.base_tasks - INFO - Pass: FixedPoint - 0.00215 (ms)
[2026-05-28 19:40:25,845] qiskit.passmanager.base_tasks - INFO - Pass: RemoveIdentityEquivalent - 0.00381 (ms)
[2026-05-28 19:40:25,845] qiskit.passmanager.base_tasks - INFO - Pass: Optimize1qGatesDecomposition - 0.02742 (ms)
[2026-05-28 19:40:25,845] qiskit.passmanager.base_tasks - INFO - Pass: CommutativeCancellation - 0.01693 (ms)
[2026-05-28 19:40:25,845] qiskit.passmanager.base_tasks - INFO - Pass: ContractIdleWiresInControlFlow - 0.00095 (ms)
[2026-05-28 19:40:25,845] qiskit.passmanager.base_tasks - INFO - Pass: GatesInBasis - 0.00358 (ms)
[2026-05-28 19:40:25,845] qiskit.passmanager.base_tasks - INFO - Pass: Size - 0.00143 (ms)
[2026-05-28 19:40:25,845] qiskit.passmanager.base_tasks - INFO - Pass: Depth - 0.00477 (ms)
[2026-05-28 19:40:25,845] qiskit.passmanager.base_tasks - INFO - Pass: FixedPoint - 0.00215 (ms)
[2026-05-28 19:40:25,845] qiskit.passmanager.base_tasks - INFO - Pass: FixedPoint - 0.00191 (ms)
[2026-05-28 19:40:25,845] qiskit.passmanager.base_tasks - INFO - Pass: RemoveIdentityEquivalent - 0.00238 (ms)
[2026-05-28 19:40:25,845] qiskit.passmanager.base_tasks - INFO - Pass: Optimize1qGatesDecomposition - 0.01359 (ms)
[2026-05-28 19:40:25,845] qiskit.passmanager.base_tasks - INFO - Pass: CommutativeCancellation - 0.01359 (ms)
[2026-05-28 19:40:25,845] qiskit.passmanager.base_tasks - INFO - Pass: ContractIdleWiresInControlFlow - 0.00119 (ms)
[2026-05-28 19:40:25,845] qiskit.passmanager.base_tasks - INFO - Pass: GatesInBasis - 0.00215 (ms)
[2026-05-28 19:40:25,845] qiskit.passmanager.base_tasks - INFO - Pass: Size - 0.00095 (ms)
[2026-05-28 19:40:25,845] qiskit.passmanager.base_tasks - INFO - Pass: Depth - 0.00358 (ms)
[2026-05-28 19:40:25,846] qiskit.passmanager.base_tasks - INFO - Pass: FixedPoint - 0.00167 (ms)
[2026-05-28 19:40:25,846] qiskit.passmanager.base_tasks - INFO - Pass: FixedPoint - 0.00119 (ms)
[2026-05-28 19:40:25,846] qiskit.passmanager.base_tasks - INFO - Pass: ContainsInstruction - 0.00238 (ms)
[2026-05-28 19:40:25,846] qiskit.compiler.transpiler - INFO - Total Transpile Time - 7.11942 (ms)
[2026-05-28 19:40:49,637] qiskit.passmanager.base_tasks - INFO - Pass: ContainsInstruction - 0.01073 (ms)
[2026-05-28 19:40:49,637] qiskit.passmanager.base_tasks - INFO - Pass: UnitarySynthesis - 0.00811 (ms)
[2026-05-28 19:40:49,637] qiskit.passmanager.base_tasks - INFO - Pass: HighLevelSynthesis - 0.00858 (ms)
[2026-05-28 19:40:49,637] qiskit.passmanager.base_tasks - INFO - Pass: BasisTranslator - 0.02599 (ms)
[2026-05-28 19:40:49,637] qiskit.passmanager.base_tasks - INFO - Pass: ElidePermutations - 0.00644 (ms)
[2026-05-28 19:40:49,637] qiskit.passmanager.base_tasks - INFO - Pass: RemoveDiagonalGatesBeforeMeasure - 0.00691 (ms)
[2026-05-28 19:40:49,637] qiskit.passmanager.base_tasks - INFO - Pass: RemoveIdentityEquivalent - 0.01121 (ms)
[2026-05-28 19:40:49,637] qiskit.passmanager.base_tasks - INFO - Pass: InverseCancellation - 0.01192 (ms)
[2026-05-28 19:40:49,637] qiskit.passmanager.base_tasks - INFO - Pass: ContractIdleWiresInControlFlow - 0.00167 (ms)
[2026-05-28 19:40:49,637] qiskit.passmanager.base_tasks - INFO - Pass: CommutativeCancellation - 0.02646 (ms)
[2026-05-28 19:40:49,637] qiskit.passmanager.base_tasks - INFO - Pass: ConsolidateBlocks - 0.05698 (ms)
[2026-05-28 19:40:49,637] qiskit.passmanager.base_tasks - INFO - Pass: Split2QUnitaries - 0.00286 (ms)
[2026-05-28 19:40:49,638] qiskit.passmanager.base_tasks - INFO - Pass: UnitarySynthesis - 0.00405 (ms)
[2026-05-28 19:40:49,638] qiskit.passmanager.base_tasks - INFO - Pass: HighLevelSynthesis - 0.00596 (ms)
[2026-05-28 19:40:49,638] qiskit.passmanager.base_tasks - INFO - Pass: BasisTranslator - 0.37599 (ms)
[2026-05-28 19:40:49,638] qiskit.passmanager.base_tasks - INFO - Pass: ConsolidateBlocks - 0.08202 (ms)
[2026-05-28 19:40:49,638] qiskit.passmanager.base_tasks - INFO - Pass: UnitarySynthesis - 0.00405 (ms)
[2026-05-28 19:40:49,638] qiskit.passmanager.base_tasks - INFO - Pass: Size - 0.00334 (ms)
[2026-05-28 19:40:49,638] qiskit.passmanager.base_tasks - INFO - Pass: Depth - 0.00882 (ms)
[2026-05-28 19:40:49,638] qiskit.passmanager.base_tasks - INFO - Pass: FixedPoint - 0.00596 (ms)
[2026-05-28 19:40:49,638] qiskit.passmanager.base_tasks - INFO - Pass: FixedPoint - 0.00310 (ms)
[2026-05-28 19:40:49,638] qiskit.passmanager.base_tasks - INFO - Pass: RemoveIdentityEquivalent - 0.00620 (ms)
[2026-05-28 19:40:49,638] qiskit.passmanager.base_tasks - INFO - Pass: Optimize1qGatesDecomposition - 0.03314 (ms)
[2026-05-28 19:40:49,638] qiskit.passmanager.base_tasks - INFO - Pass: CommutativeCancellation - 0.02527 (ms)
[2026-05-28 19:40:49,638] qiskit.passmanager.base_tasks - INFO - Pass: ContractIdleWiresInControlFlow - 0.00143 (ms)
[2026-05-28 19:40:49,638] qiskit.passmanager.base_tasks - INFO - Pass: GatesInBasis - 0.00501 (ms)
[2026-05-28 19:40:49,639] qiskit.passmanager.base_tasks - INFO - Pass: Size - 0.00191 (ms)
[2026-05-28 19:40:49,639] qiskit.passmanager.base_tasks - INFO - Pass: Depth - 0.00620 (ms)
[2026-05-28 19:40:49,639] qiskit.passmanager.base_tasks - INFO - Pass: FixedPoint - 0.00286 (ms)
[2026-05-28 19:40:49,639] qiskit.passmanager.base_tasks - INFO - Pass: FixedPoint - 0.00191 (ms)
[2026-05-28 19:40:49,639] qiskit.passmanager.base_tasks - INFO - Pass: RemoveIdentityEquivalent - 0.00334 (ms)
[2026-05-28 19:40:49,639] qiskit.passmanager.base_tasks - INFO - Pass: Optimize1qGatesDecomposition - 0.01931 (ms)
[2026-05-28 19:40:49,639] qiskit.passmanager.base_tasks - INFO - Pass: CommutativeCancellation - 0.02122 (ms)
[2026-05-28 19:40:49,639] qiskit.passmanager.base_tasks - INFO - Pass: ContractIdleWiresInControlFlow - 0.00167 (ms)
[2026-05-28 19:40:49,639] qiskit.passmanager.base_tasks - INFO - Pass: GatesInBasis - 0.00262 (ms)
[2026-05-28 19:40:49,639] qiskit.passmanager.base_tasks - INFO - Pass: Size - 0.00119 (ms)
[2026-05-28 19:40:49,639] qiskit.passmanager.base_tasks - INFO - Pass: Depth - 0.00501 (ms)
[2026-05-28 19:40:49,639] qiskit.passmanager.base_tasks - INFO - Pass: FixedPoint - 0.00286 (ms)
[2026-05-28 19:40:49,639] qiskit.passmanager.base_tasks - INFO - Pass: FixedPoint - 0.00286 (ms)
[2026-05-28 19:40:49,639] qiskit.passmanager.base_tasks - INFO - Pass: ContainsInstruction - 0.00381 (ms)
[2026-05-28 19:40:49,639] qiskit.compiler.transpiler - INFO - Total Transpile Time - 8.05545 (ms)
[2026-05-28 19:41:11,750] qiskit.passmanager.base_tasks - INFO - Pass: ContainsInstruction - 0.00691 (ms)
[2026-05-28 19:41:11,750] qiskit.passmanager.base_tasks - INFO - Pass: UnitarySynthesis - 0.00572 (ms)
[2026-05-28 19:41:11,750] qiskit.passmanager.base_tasks - INFO - Pass: HighLevelSynthesis - 0.00429 (ms)
[2026-05-28 19:41:11,750] qiskit.passmanager.base_tasks - INFO - Pass: BasisTranslator - 0.01502 (ms)
[2026-05-28 19:41:11,750] qiskit.passmanager.base_tasks - INFO - Pass: ElidePermutations - 0.00525 (ms)
[2026-05-28 19:41:11,750] qiskit.passmanager.base_tasks - INFO - Pass: RemoveDiagonalGatesBeforeMeasure - 0.00596 (ms)
[2026-05-28 19:41:11,750] qiskit.passmanager.base_tasks - INFO - Pass: RemoveIdentityEquivalent - 0.00930 (ms)
[2026-05-28 19:41:11,750] qiskit.passmanager.base_tasks - INFO - Pass: InverseCancellation - 0.01168 (ms)
[2026-05-28 19:41:11,750] qiskit.passmanager.base_tasks - INFO - Pass: ContractIdleWiresInControlFlow - 0.00143 (ms)
[2026-05-28 19:41:11,750] qiskit.passmanager.base_tasks - INFO - Pass: CommutativeCancellation - 0.02503 (ms)
[2026-05-28 19:41:11,751] qiskit.passmanager.base_tasks - INFO - Pass: ConsolidateBlocks - 0.04649 (ms)
[2026-05-28 19:41:11,751] qiskit.passmanager.base_tasks - INFO - Pass: Split2QUnitaries - 0.00215 (ms)
[2026-05-28 19:41:11,751] qiskit.passmanager.base_tasks - INFO - Pass: UnitarySynthesis - 0.00238 (ms)
[2026-05-28 19:41:11,751] qiskit.passmanager.base_tasks - INFO - Pass: HighLevelSynthesis - 0.00525 (ms)
[2026-05-28 19:41:11,751] qiskit.passmanager.base_tasks - INFO - Pass: BasisTranslator - 0.30303 (ms)
[2026-05-28 19:41:11,751] qiskit.passmanager.base_tasks - INFO - Pass: ConsolidateBlocks - 0.06270 (ms)
[2026-05-28 19:41:11,751] qiskit.passmanager.base_tasks - INFO - Pass: UnitarySynthesis - 0.10920 (ms)
[2026-05-28 19:41:11,751] qiskit.passmanager.base_tasks - INFO - Pass: Size - 0.00310 (ms)
[2026-05-28 19:41:11,751] qiskit.passmanager.base_tasks - INFO - Pass: Depth - 0.00763 (ms)
[2026-05-28 19:41:11,751] qiskit.passmanager.base_tasks - INFO - Pass: FixedPoint - 0.00477 (ms)
[2026-05-28 19:41:11,751] qiskit.passmanager.base_tasks - INFO - Pass: FixedPoint - 0.00191 (ms)
[2026-05-28 19:41:11,751] qiskit.passmanager.base_tasks - INFO - Pass: RemoveIdentityEquivalent - 0.00572 (ms)
[2026-05-28 19:41:11,751] qiskit.passmanager.base_tasks - INFO - Pass: Optimize1qGatesDecomposition - 0.02456 (ms)
[2026-05-28 19:41:11,751] qiskit.passmanager.base_tasks - INFO - Pass: CommutativeCancellation - 0.01860 (ms)
[2026-05-28 19:41:11,751] qiskit.passmanager.base_tasks - INFO - Pass: ContractIdleWiresInControlFlow - 0.00119 (ms)
[2026-05-28 19:41:11,751] qiskit.passmanager.base_tasks - INFO - Pass: GatesInBasis - 0.00358 (ms)
[2026-05-28 19:41:11,751] qiskit.passmanager.base_tasks - INFO - Pass: Size - 0.00167 (ms)
[2026-05-28 19:41:11,752] qiskit.passmanager.base_tasks - INFO - Pass: Depth - 0.00453 (ms)
[2026-05-28 19:41:11,752] qiskit.passmanager.base_tasks - INFO - Pass: FixedPoint - 0.00238 (ms)
[2026-05-28 19:41:11,752] qiskit.passmanager.base_tasks - INFO - Pass: FixedPoint - 0.00143 (ms)
[2026-05-28 19:41:11,752] qiskit.passmanager.base_tasks - INFO - Pass: RemoveIdentityEquivalent - 0.00238 (ms)
[2026-05-28 19:41:11,752] qiskit.passmanager.base_tasks - INFO - Pass: Optimize1qGatesDecomposition - 0.01383 (ms)
[2026-05-28 19:41:11,752] qiskit.passmanager.base_tasks - INFO - Pass: CommutativeCancellation - 0.01383 (ms)
[2026-05-28 19:41:11,752] qiskit.passmanager.base_tasks - INFO - Pass: ContractIdleWiresInControlFlow - 0.00095 (ms)
[2026-05-28 19:41:11,752] qiskit.passmanager.base_tasks - INFO - Pass: GatesInBasis - 0.00167 (ms)
[2026-05-28 19:41:11,752] qiskit.passmanager.base_tasks - INFO - Pass: Size - 0.00119 (ms)
[2026-05-28 19:41:11,752] qiskit.passmanager.base_tasks - INFO - Pass: Depth - 0.00358 (ms)
[2026-05-28 19:41:11,752] qiskit.passmanager.base_tasks - INFO - Pass: FixedPoint - 0.00238 (ms)
[2026-05-28 19:41:11,752] qiskit.passmanager.base_tasks - INFO - Pass: FixedPoint - 0.00143 (ms)
[2026-05-28 19:41:11,752] qiskit.passmanager.base_tasks - INFO - Pass: ContainsInstruction - 0.00310 (ms)
[2026-05-28 19:41:11,752] qiskit.compiler.transpiler - INFO - Total Transpile Time - 5.63860 (ms)
[2026-05-28 19:41:32,070] qiskit.passmanager.base_tasks - INFO - Pass: ContainsInstruction - 0.01049 (ms)
[2026-05-28 19:41:32,070] qiskit.passmanager.base_tasks - INFO - Pass: UnitarySynthesis - 0.00763 (ms)
[2026-05-28 19:41:32,070] qiskit.passmanager.base_tasks - INFO - Pass: HighLevelSynthesis - 0.00644 (ms)
[2026-05-28 19:41:32,070] qiskit.passmanager.base_tasks - INFO - Pass: BasisTranslator - 0.02694 (ms)
[2026-05-28 19:41:32,070] qiskit.passmanager.base_tasks - INFO - Pass: ElidePermutations - 0.00572 (ms)
[2026-05-28 19:41:32,070] qiskit.passmanager.base_tasks - INFO - Pass: RemoveDiagonalGatesBeforeMeasure - 0.00620 (ms)
[2026-05-28 19:41:32,071] qiskit.passmanager.base_tasks - INFO - Pass: RemoveIdentityEquivalent - 0.00906 (ms)
[2026-05-28 19:41:32,071] qiskit.passmanager.base_tasks - INFO - Pass: InverseCancellation - 0.01526 (ms)
[2026-05-28 19:41:32,071] qiskit.passmanager.base_tasks - INFO - Pass: ContractIdleWiresInControlFlow - 0.00238 (ms)
[2026-05-28 19:41:32,071] qiskit.passmanager.base_tasks - INFO - Pass: CommutativeCancellation - 0.03076 (ms)
[2026-05-28 19:41:32,071] qiskit.passmanager.base_tasks - INFO - Pass: ConsolidateBlocks - 0.07486 (ms)
[2026-05-28 19:41:32,071] qiskit.passmanager.base_tasks - INFO - Pass: Split2QUnitaries - 0.00215 (ms)
[2026-05-28 19:41:32,071] qiskit.passmanager.base_tasks - INFO - Pass: UnitarySynthesis - 0.00453 (ms)
[2026-05-28 19:41:32,071] qiskit.passmanager.base_tasks - INFO - Pass: HighLevelSynthesis - 0.00787 (ms)
[2026-05-28 19:41:32,071] qiskit.passmanager.base_tasks - INFO - Pass: BasisTranslator - 0.42486 (ms)
[2026-05-28 19:41:32,071] qiskit.passmanager.base_tasks - INFO - Pass: ConsolidateBlocks - 0.07367 (ms)
[2026-05-28 19:41:32,071] qiskit.passmanager.base_tasks - INFO - Pass: UnitarySynthesis - 0.00358 (ms)
[2026-05-28 19:41:32,071] qiskit.passmanager.base_tasks - INFO - Pass: Size - 0.00286 (ms)
[2026-05-28 19:41:32,071] qiskit.passmanager.base_tasks - INFO - Pass: Depth - 0.00858 (ms)
[2026-05-28 19:41:32,072] qiskit.passmanager.base_tasks - INFO - Pass: FixedPoint - 0.00620 (ms)
[2026-05-28 19:41:32,072] qiskit.passmanager.base_tasks - INFO - Pass: FixedPoint - 0.00215 (ms)
[2026-05-28 19:41:32,072] qiskit.passmanager.base_tasks - INFO - Pass: RemoveIdentityEquivalent - 0.00525 (ms)
[2026-05-28 19:41:32,072] qiskit.passmanager.base_tasks - INFO - Pass: Optimize1qGatesDecomposition - 0.03481 (ms)
[2026-05-28 19:41:32,072] qiskit.passmanager.base_tasks - INFO - Pass: CommutativeCancellation - 0.02503 (ms)
[2026-05-28 19:41:32,072] qiskit.passmanager.base_tasks - INFO - Pass: ContractIdleWiresInControlFlow - 0.00119 (ms)
[2026-05-28 19:41:32,072] qiskit.passmanager.base_tasks - INFO - Pass: GatesInBasis - 0.00429 (ms)
[2026-05-28 19:41:32,072] qiskit.passmanager.base_tasks - INFO - Pass: Size - 0.00191 (ms)
[2026-05-28 19:41:32,072] qiskit.passmanager.base_tasks - INFO - Pass: Depth - 0.00668 (ms)
[2026-05-28 19:41:32,072] qiskit.passmanager.base_tasks - INFO - Pass: FixedPoint - 0.00334 (ms)
[2026-05-28 19:41:32,072] qiskit.passmanager.base_tasks - INFO - Pass: FixedPoint - 0.00167 (ms)
[2026-05-28 19:41:32,072] qiskit.passmanager.base_tasks - INFO - Pass: RemoveIdentityEquivalent - 0.00358 (ms)
[2026-05-28 19:41:32,072] qiskit.passmanager.base_tasks - INFO - Pass: Optimize1qGatesDecomposition - 0.02003 (ms)
[2026-05-28 19:41:32,072] qiskit.passmanager.base_tasks - INFO - Pass: CommutativeCancellation - 0.01788 (ms)
[2026-05-28 19:41:32,072] qiskit.passmanager.base_tasks - INFO - Pass: ContractIdleWiresInControlFlow - 0.00119 (ms)
[2026-05-28 19:41:32,072] qiskit.passmanager.base_tasks - INFO - Pass: GatesInBasis - 0.00262 (ms)
[2026-05-28 19:41:32,072] qiskit.passmanager.base_tasks - INFO - Pass: Size - 0.00119 (ms)
[2026-05-28 19:41:32,072] qiskit.passmanager.base_tasks - INFO - Pass: Depth - 0.00477 (ms)
[2026-05-28 19:41:32,072] qiskit.passmanager.base_tasks - INFO - Pass: FixedPoint - 0.00262 (ms)
[2026-05-28 19:41:32,072] qiskit.passmanager.base_tasks - INFO - Pass: FixedPoint - 0.00143 (ms)
[2026-05-28 19:41:32,072] qiskit.passmanager.base_tasks - INFO - Pass: ContainsInstruction - 0.00358 (ms)
[2026-05-28 19:41:32,072] qiskit.compiler.transpiler - INFO - Total Transpile Time - 6.88410 (ms)
[2026-05-28 19:41:54,221] qiskit.passmanager.base_tasks - INFO - Pass: ContainsInstruction - 0.00691 (ms)
[2026-05-28 19:41:54,221] qiskit.passmanager.base_tasks - INFO - Pass: UnitarySynthesis - 0.00525 (ms)
[2026-05-28 19:41:54,221] qiskit.passmanager.base_tasks - INFO - Pass: HighLevelSynthesis - 0.00405 (ms)
[2026-05-28 19:41:54,221] qiskit.passmanager.base_tasks - INFO - Pass: BasisTranslator - 0.01645 (ms)
[2026-05-28 19:41:54,221] qiskit.passmanager.base_tasks - INFO - Pass: ElidePermutations - 0.00477 (ms)
[2026-05-28 19:41:54,221] qiskit.passmanager.base_tasks - INFO - Pass: RemoveDiagonalGatesBeforeMeasure - 0.00572 (ms)
[2026-05-28 19:41:54,221] qiskit.passmanager.base_tasks - INFO - Pass: RemoveIdentityEquivalent - 0.00811 (ms)
[2026-05-28 19:41:54,221] qiskit.passmanager.base_tasks - INFO - Pass: InverseCancellation - 0.01264 (ms)
[2026-05-28 19:41:54,221] qiskit.passmanager.base_tasks - INFO - Pass: ContractIdleWiresInControlFlow - 0.00119 (ms)
[2026-05-28 19:41:54,221] qiskit.passmanager.base_tasks - INFO - Pass: CommutativeCancellation - 0.02694 (ms)
[2026-05-28 19:41:54,221] qiskit.passmanager.base_tasks - INFO - Pass: ConsolidateBlocks - 0.04840 (ms)
[2026-05-28 19:41:54,222] qiskit.passmanager.base_tasks - INFO - Pass: Split2QUnitaries - 0.00286 (ms)
[2026-05-28 19:41:54,222] qiskit.passmanager.base_tasks - INFO - Pass: UnitarySynthesis - 0.00262 (ms)
[2026-05-28 19:41:54,222] qiskit.passmanager.base_tasks - INFO - Pass: HighLevelSynthesis - 0.00572 (ms)
[2026-05-28 19:41:54,222] qiskit.passmanager.base_tasks - INFO - Pass: BasisTranslator - 0.30255 (ms)
[2026-05-28 19:41:54,222] qiskit.passmanager.base_tasks - INFO - Pass: ConsolidateBlocks - 0.05484 (ms)
[2026-05-28 19:41:54,222] qiskit.passmanager.base_tasks - INFO - Pass: UnitarySynthesis - 0.00286 (ms)
[2026-05-28 19:41:54,222] qiskit.passmanager.base_tasks - INFO - Pass: Size - 0.00906 (ms)
[2026-05-28 19:41:54,222] qiskit.passmanager.base_tasks - INFO - Pass: Depth - 0.01407 (ms)
[2026-05-28 19:41:54,222] qiskit.passmanager.base_tasks - INFO - Pass: FixedPoint - 0.01097 (ms)
[2026-05-28 19:41:54,222] qiskit.passmanager.base_tasks - INFO - Pass: FixedPoint - 0.00215 (ms)
[2026-05-28 19:41:54,222] qiskit.passmanager.base_tasks - INFO - Pass: RemoveIdentityEquivalent - 0.00954 (ms)
[2026-05-28 19:41:54,222] qiskit.passmanager.base_tasks - INFO - Pass: Optimize1qGatesDecomposition - 0.05412 (ms)
[2026-05-28 19:41:54,222] qiskit.passmanager.base_tasks - INFO - Pass: CommutativeCancellation - 0.02646 (ms)
[2026-05-28 19:41:54,222] qiskit.passmanager.base_tasks - INFO - Pass: ContractIdleWiresInControlFlow - 0.00215 (ms)
[2026-05-28 19:41:54,222] qiskit.passmanager.base_tasks - INFO - Pass: GatesInBasis - 0.00691 (ms)
[2026-05-28 19:41:54,222] qiskit.passmanager.base_tasks - INFO - Pass: Size - 0.00143 (ms)
[2026-05-28 19:41:54,223] qiskit.passmanager.base_tasks - INFO - Pass: Depth - 0.00477 (ms)
[2026-05-28 19:41:54,223] qiskit.passmanager.base_tasks - INFO - Pass: FixedPoint - 0.00262 (ms)
[2026-05-28 19:41:54,223] qiskit.passmanager.base_tasks - INFO - Pass: FixedPoint - 0.00262 (ms)
[2026-05-28 19:41:54,223] qiskit.passmanager.base_tasks - INFO - Pass: RemoveIdentityEquivalent - 0.00262 (ms)
[2026-05-28 19:41:54,223] qiskit.passmanager.base_tasks - INFO - Pass: Optimize1qGatesDecomposition - 0.01407 (ms)
[2026-05-28 19:41:54,223] qiskit.passmanager.base_tasks - INFO - Pass: CommutativeCancellation - 0.01383 (ms)
[2026-05-28 19:41:54,223] qiskit.passmanager.base_tasks - INFO - Pass: ContractIdleWiresInControlFlow - 0.00095 (ms)
[2026-05-28 19:41:54,223] qiskit.passmanager.base_tasks - INFO - Pass: GatesInBasis - 0.00215 (ms)
[2026-05-28 19:41:54,223] qiskit.passmanager.base_tasks - INFO - Pass: Size - 0.00143 (ms)
[2026-05-28 19:41:54,223] qiskit.passmanager.base_tasks - INFO - Pass: Depth - 0.00405 (ms)
[2026-05-28 19:41:54,223] qiskit.passmanager.base_tasks - INFO - Pass: FixedPoint - 0.00238 (ms)
[2026-05-28 19:41:54,223] qiskit.passmanager.base_tasks - INFO - Pass: FixedPoint - 0.00167 (ms)
[2026-05-28 19:41:54,223] qiskit.passmanager.base_tasks - INFO - Pass: ContainsInstruction - 0.00477 (ms)
[2026-05-28 19:41:54,223] qiskit.compiler.transpiler - INFO - Total Transpile Time - 6.10709 (ms)
[2026-05-28 19:42:18,063] qiskit.passmanager.base_tasks - INFO - Pass: ContainsInstruction - 0.00930 (ms)
[2026-05-28 19:42:18,063] qiskit.passmanager.base_tasks - INFO - Pass: UnitarySynthesis - 0.00548 (ms)
[2026-05-28 19:42:18,063] qiskit.passmanager.base_tasks - INFO - Pass: HighLevelSynthesis - 0.00477 (ms)
[2026-05-28 19:42:18,063] qiskit.passmanager.base_tasks - INFO - Pass: BasisTranslator - 0.01955 (ms)
[2026-05-28 19:42:18,063] qiskit.passmanager.base_tasks - INFO - Pass: ElidePermutations - 0.00525 (ms)
[2026-05-28 19:42:18,063] qiskit.passmanager.base_tasks - INFO - Pass: RemoveDiagonalGatesBeforeMeasure - 0.00596 (ms)
[2026-05-28 19:42:18,063] qiskit.passmanager.base_tasks - INFO - Pass: RemoveIdentityEquivalent - 0.00858 (ms)
[2026-05-28 19:42:18,063] qiskit.passmanager.base_tasks - INFO - Pass: InverseCancellation - 0.01407 (ms)
[2026-05-28 19:42:18,063] qiskit.passmanager.base_tasks - INFO - Pass: ContractIdleWiresInControlFlow - 0.00238 (ms)
[2026-05-28 19:42:18,063] qiskit.passmanager.base_tasks - INFO - Pass: CommutativeCancellation - 0.02646 (ms)
[2026-05-28 19:42:18,064] qiskit.passmanager.base_tasks - INFO - Pass: ConsolidateBlocks - 0.05245 (ms)
[2026-05-28 19:42:18,064] qiskit.passmanager.base_tasks - INFO - Pass: Split2QUnitaries - 0.00310 (ms)
[2026-05-28 19:42:18,064] qiskit.passmanager.base_tasks - INFO - Pass: UnitarySynthesis - 0.00310 (ms)
[2026-05-28 19:42:18,064] qiskit.passmanager.base_tasks - INFO - Pass: HighLevelSynthesis - 0.00596 (ms)
[2026-05-28 19:42:18,064] qiskit.passmanager.base_tasks - INFO - Pass: BasisTranslator - 0.31304 (ms)
[2026-05-28 19:42:18,064] qiskit.passmanager.base_tasks - INFO - Pass: ConsolidateBlocks - 0.06294 (ms)
[2026-05-28 19:42:18,064] qiskit.passmanager.base_tasks - INFO - Pass: UnitarySynthesis - 0.00262 (ms)
[2026-05-28 19:42:18,064] qiskit.passmanager.base_tasks - INFO - Pass: Size - 0.00453 (ms)
[2026-05-28 19:42:18,064] qiskit.passmanager.base_tasks - INFO - Pass: Depth - 0.00858 (ms)
[2026-05-28 19:42:18,064] qiskit.passmanager.base_tasks - INFO - Pass: FixedPoint - 0.00906 (ms)
[2026-05-28 19:42:18,064] qiskit.passmanager.base_tasks - INFO - Pass: FixedPoint - 0.00191 (ms)
[2026-05-28 19:42:18,064] qiskit.passmanager.base_tasks - INFO - Pass: RemoveIdentityEquivalent - 0.00477 (ms)
[2026-05-28 19:42:18,064] qiskit.passmanager.base_tasks - INFO - Pass: Optimize1qGatesDecomposition - 0.03457 (ms)
[2026-05-28 19:42:18,064] qiskit.passmanager.base_tasks - INFO - Pass: CommutativeCancellation - 0.02146 (ms)
[2026-05-28 19:42:18,064] qiskit.passmanager.base_tasks - INFO - Pass: ContractIdleWiresInControlFlow - 0.00143 (ms)
[2026-05-28 19:42:18,064] qiskit.passmanager.base_tasks - INFO - Pass: GatesInBasis - 0.00644 (ms)
[2026-05-28 19:42:18,065] qiskit.passmanager.base_tasks - INFO - Pass: Size - 0.00167 (ms)
[2026-05-28 19:42:18,065] qiskit.passmanager.base_tasks - INFO - Pass: Depth - 0.00572 (ms)
[2026-05-28 19:42:18,065] qiskit.passmanager.base_tasks - INFO - Pass: FixedPoint - 0.00286 (ms)
[2026-05-28 19:42:18,065] qiskit.passmanager.base_tasks - INFO - Pass: FixedPoint - 0.00191 (ms)
[2026-05-28 19:42:18,065] qiskit.passmanager.base_tasks - INFO - Pass: RemoveIdentityEquivalent - 0.00262 (ms)
[2026-05-28 19:42:18,065] qiskit.passmanager.base_tasks - INFO - Pass: Optimize1qGatesDecomposition - 0.01717 (ms)
[2026-05-28 19:42:18,065] qiskit.passmanager.base_tasks - INFO - Pass: CommutativeCancellation - 0.03076 (ms)
[2026-05-28 19:42:18,065] qiskit.passmanager.base_tasks - INFO - Pass: ContractIdleWiresInControlFlow - 0.00191 (ms)
[2026-05-28 19:42:18,065] qiskit.passmanager.base_tasks - INFO - Pass: GatesInBasis - 0.00310 (ms)
[2026-05-28 19:42:18,065] qiskit.passmanager.base_tasks - INFO - Pass: Size - 0.00167 (ms)
[2026-05-28 19:42:18,065] qiskit.passmanager.base_tasks - INFO - Pass: Depth - 0.00453 (ms)
[2026-05-28 19:42:18,065] qiskit.passmanager.base_tasks - INFO - Pass: FixedPoint - 0.00215 (ms)
[2026-05-28 19:42:18,065] qiskit.passmanager.base_tasks - INFO - Pass: FixedPoint - 0.00143 (ms)
[2026-05-28 19:42:18,065] qiskit.passmanager.base_tasks - INFO - Pass: ContainsInstruction - 0.00381 (ms)
[2026-05-28 19:42:18,065] qiskit.compiler.transpiler - INFO - Total Transpile Time - 8.27813 (ms)
[2026-05-28 19:42:38,347] qiskit.passmanager.base_tasks - INFO - Pass: ContainsInstruction - 0.00620 (ms)
[2026-05-28 19:42:38,348] qiskit.passmanager.base_tasks - INFO - Pass: UnitarySynthesis - 0.00453 (ms)
[2026-05-28 19:42:38,348] qiskit.passmanager.base_tasks - INFO - Pass: HighLevelSynthesis - 0.00501 (ms)
[2026-05-28 19:42:38,348] qiskit.passmanager.base_tasks - INFO - Pass: BasisTranslator - 0.01621 (ms)
[2026-05-28 19:42:38,348] qiskit.passmanager.base_tasks - INFO - Pass: ElidePermutations - 0.00501 (ms)
[2026-05-28 19:42:38,348] qiskit.passmanager.base_tasks - INFO - Pass: RemoveDiagonalGatesBeforeMeasure - 0.00572 (ms)
[2026-05-28 19:42:38,348] qiskit.passmanager.base_tasks - INFO - Pass: RemoveIdentityEquivalent - 0.00882 (ms)
[2026-05-28 19:42:38,348] qiskit.passmanager.base_tasks - INFO - Pass: InverseCancellation - 0.00978 (ms)
[2026-05-28 19:42:38,348] qiskit.passmanager.base_tasks - INFO - Pass: ContractIdleWiresInControlFlow - 0.00167 (ms)
[2026-05-28 19:42:38,348] qiskit.passmanager.base_tasks - INFO - Pass: CommutativeCancellation - 0.02074 (ms)
[2026-05-28 19:42:38,348] qiskit.passmanager.base_tasks - INFO - Pass: ConsolidateBlocks - 0.04745 (ms)
[2026-05-28 19:42:38,348] qiskit.passmanager.base_tasks - INFO - Pass: Split2QUnitaries - 0.00215 (ms)
[2026-05-28 19:42:38,348] qiskit.passmanager.base_tasks - INFO - Pass: UnitarySynthesis - 0.00262 (ms)
[2026-05-28 19:42:38,348] qiskit.passmanager.base_tasks - INFO - Pass: HighLevelSynthesis - 0.00477 (ms)
[2026-05-28 19:42:38,348] qiskit.passmanager.base_tasks - INFO - Pass: BasisTranslator - 0.27180 (ms)
[2026-05-28 19:42:38,349] qiskit.passmanager.base_tasks - INFO - Pass: ConsolidateBlocks - 0.05794 (ms)
[2026-05-28 19:42:38,349] qiskit.passmanager.base_tasks - INFO - Pass: UnitarySynthesis - 0.00381 (ms)
[2026-05-28 19:42:38,349] qiskit.passmanager.base_tasks - INFO - Pass: Size - 0.00310 (ms)
[2026-05-28 19:42:38,349] qiskit.passmanager.base_tasks - INFO - Pass: Depth - 0.00620 (ms)
[2026-05-28 19:42:38,349] qiskit.passmanager.base_tasks - INFO - Pass: FixedPoint - 0.00525 (ms)
[2026-05-28 19:42:38,349] qiskit.passmanager.base_tasks - INFO - Pass: FixedPoint - 0.00167 (ms)
[2026-05-28 19:42:38,349] qiskit.passmanager.base_tasks - INFO - Pass: RemoveIdentityEquivalent - 0.00548 (ms)
[2026-05-28 19:42:38,349] qiskit.passmanager.base_tasks - INFO - Pass: Optimize1qGatesDecomposition - 0.02575 (ms)
[2026-05-28 19:42:38,349] qiskit.passmanager.base_tasks - INFO - Pass: CommutativeCancellation - 0.02050 (ms)
[2026-05-28 19:42:38,349] qiskit.passmanager.base_tasks - INFO - Pass: ContractIdleWiresInControlFlow - 0.00119 (ms)
[2026-05-28 19:42:38,349] qiskit.passmanager.base_tasks - INFO - Pass: GatesInBasis - 0.00429 (ms)
[2026-05-28 19:42:38,349] qiskit.passmanager.base_tasks - INFO - Pass: Size - 0.00191 (ms)
[2026-05-28 19:42:38,349] qiskit.passmanager.base_tasks - INFO - Pass: Depth - 0.00453 (ms)
[2026-05-28 19:42:38,349] qiskit.passmanager.base_tasks - INFO - Pass: FixedPoint - 0.00215 (ms)
[2026-05-28 19:42:38,349] qiskit.passmanager.base_tasks - INFO - Pass: FixedPoint - 0.00215 (ms)
[2026-05-28 19:42:38,349] qiskit.passmanager.base_tasks - INFO - Pass: RemoveIdentityEquivalent - 0.00238 (ms)
[2026-05-28 19:42:38,349] qiskit.passmanager.base_tasks - INFO - Pass: Optimize1qGatesDecomposition - 0.01359 (ms)
[2026-05-28 19:42:38,349] qiskit.passmanager.base_tasks - INFO - Pass: CommutativeCancellation - 0.01431 (ms)
[2026-05-28 19:42:38,349] qiskit.passmanager.base_tasks - INFO - Pass: ContractIdleWiresInControlFlow - 0.00119 (ms)
[2026-05-28 19:42:38,349] qiskit.passmanager.base_tasks - INFO - Pass: GatesInBasis - 0.00215 (ms)
[2026-05-28 19:42:38,349] qiskit.passmanager.base_tasks - INFO - Pass: Size - 0.00119 (ms)
[2026-05-28 19:42:38,349] qiskit.passmanager.base_tasks - INFO - Pass: Depth - 0.00381 (ms)
[2026-05-28 19:42:38,349] qiskit.passmanager.base_tasks - INFO - Pass: FixedPoint - 0.00191 (ms)
[2026-05-28 19:42:38,349] qiskit.passmanager.base_tasks - INFO - Pass: FixedPoint - 0.00191 (ms)
[2026-05-28 19:42:38,349] qiskit.passmanager.base_tasks - INFO - Pass: ContainsInstruction - 0.00286 (ms)
[2026-05-28 19:42:38,349] qiskit.compiler.transpiler - INFO - Total Transpile Time - 5.73564 (ms)
[2026-05-28 19:43:00,740] qiskit.passmanager.base_tasks - INFO - Pass: ContainsInstruction - 0.00668 (ms)
[2026-05-28 19:43:00,740] qiskit.passmanager.base_tasks - INFO - Pass: UnitarySynthesis - 0.00405 (ms)
[2026-05-28 19:43:00,740] qiskit.passmanager.base_tasks - INFO - Pass: HighLevelSynthesis - 0.00477 (ms)
[2026-05-28 19:43:00,740] qiskit.passmanager.base_tasks - INFO - Pass: BasisTranslator - 0.01502 (ms)
[2026-05-28 19:43:00,740] qiskit.passmanager.base_tasks - INFO - Pass: ElidePermutations - 0.00501 (ms)
[2026-05-28 19:43:00,740] qiskit.passmanager.base_tasks - INFO - Pass: RemoveDiagonalGatesBeforeMeasure - 0.00501 (ms)
[2026-05-28 19:43:00,741] qiskit.passmanager.base_tasks - INFO - Pass: RemoveIdentityEquivalent - 0.00763 (ms)
[2026-05-28 19:43:00,741] qiskit.passmanager.base_tasks - INFO - Pass: InverseCancellation - 0.00930 (ms)
[2026-05-28 19:43:00,741] qiskit.passmanager.base_tasks - INFO - Pass: ContractIdleWiresInControlFlow - 0.00143 (ms)
[2026-05-28 19:43:00,741] qiskit.passmanager.base_tasks - INFO - Pass: CommutativeCancellation - 0.02503 (ms)
[2026-05-28 19:43:00,741] qiskit.passmanager.base_tasks - INFO - Pass: ConsolidateBlocks - 0.04554 (ms)
[2026-05-28 19:43:00,741] qiskit.passmanager.base_tasks - INFO - Pass: Split2QUnitaries - 0.00238 (ms)
[2026-05-28 19:43:00,741] qiskit.passmanager.base_tasks - INFO - Pass: UnitarySynthesis - 0.00262 (ms)
[2026-05-28 19:43:00,741] qiskit.passmanager.base_tasks - INFO - Pass: HighLevelSynthesis - 0.00596 (ms)
[2026-05-28 19:43:00,741] qiskit.passmanager.base_tasks - INFO - Pass: BasisTranslator - 0.31734 (ms)
[2026-05-28 19:43:00,741] qiskit.passmanager.base_tasks - INFO - Pass: ConsolidateBlocks - 0.06008 (ms)
[2026-05-28 19:43:00,741] qiskit.passmanager.base_tasks - INFO - Pass: UnitarySynthesis - 0.10729 (ms)
[2026-05-28 19:43:00,741] qiskit.passmanager.base_tasks - INFO - Pass: Size - 0.00310 (ms)
[2026-05-28 19:43:00,741] qiskit.passmanager.base_tasks - INFO - Pass: Depth - 0.00668 (ms)
[2026-05-28 19:43:00,741] qiskit.passmanager.base_tasks - INFO - Pass: FixedPoint - 0.00620 (ms)
[2026-05-28 19:43:00,741] qiskit.passmanager.base_tasks - INFO - Pass: FixedPoint - 0.00143 (ms)
[2026-05-28 19:43:00,741] qiskit.passmanager.base_tasks - INFO - Pass: RemoveIdentityEquivalent - 0.00501 (ms)
[2026-05-28 19:43:00,741] qiskit.passmanager.base_tasks - INFO - Pass: Optimize1qGatesDecomposition - 0.02575 (ms)
[2026-05-28 19:43:00,741] qiskit.passmanager.base_tasks - INFO - Pass: CommutativeCancellation - 0.02050 (ms)
[2026-05-28 19:43:00,742] qiskit.passmanager.base_tasks - INFO - Pass: ContractIdleWiresInControlFlow - 0.00119 (ms)
[2026-05-28 19:43:00,742] qiskit.passmanager.base_tasks - INFO - Pass: GatesInBasis - 0.00381 (ms)
[2026-05-28 19:43:00,742] qiskit.passmanager.base_tasks - INFO - Pass: Size - 0.00119 (ms)
[2026-05-28 19:43:00,742] qiskit.passmanager.base_tasks - INFO - Pass: Depth - 0.00429 (ms)
[2026-05-28 19:43:00,742] qiskit.passmanager.base_tasks - INFO - Pass: FixedPoint - 0.00238 (ms)
[2026-05-28 19:43:00,742] qiskit.passmanager.base_tasks - INFO - Pass: FixedPoint - 0.00143 (ms)
[2026-05-28 19:43:00,742] qiskit.passmanager.base_tasks - INFO - Pass: RemoveIdentityEquivalent - 0.00215 (ms)
[2026-05-28 19:43:00,742] qiskit.passmanager.base_tasks - INFO - Pass: Optimize1qGatesDecomposition - 0.01431 (ms)
[2026-05-28 19:43:00,742] qiskit.passmanager.base_tasks - INFO - Pass: CommutativeCancellation - 0.01383 (ms)
[2026-05-28 19:43:00,742] qiskit.passmanager.base_tasks - INFO - Pass: ContractIdleWiresInControlFlow - 0.00119 (ms)
[2026-05-28 19:43:00,742] qiskit.passmanager.base_tasks - INFO - Pass: GatesInBasis - 0.00215 (ms)
[2026-05-28 19:43:00,742] qiskit.passmanager.base_tasks - INFO - Pass: Size - 0.00095 (ms)
[2026-05-28 19:43:00,742] qiskit.passmanager.base_tasks - INFO - Pass: Depth - 0.00405 (ms)
[2026-05-28 19:43:00,742] qiskit.passmanager.base_tasks - INFO - Pass: FixedPoint - 0.00167 (ms)
[2026-05-28 19:43:00,742] qiskit.passmanager.base_tasks - INFO - Pass: FixedPoint - 0.00119 (ms)
[2026-05-28 19:43:00,742] qiskit.passmanager.base_tasks - INFO - Pass: ContainsInstruction - 0.00238 (ms)
[2026-05-28 19:43:00,742] qiskit.compiler.transpiler - INFO - Total Transpile Time - 4.59290 (ms)
[2026-05-28 19:43:22,716] qiskit.passmanager.base_tasks - INFO - Pass: ContainsInstruction - 0.00763 (ms)
[2026-05-28 19:43:22,716] qiskit.passmanager.base_tasks - INFO - Pass: UnitarySynthesis - 0.00668 (ms)
[2026-05-28 19:43:22,716] qiskit.passmanager.base_tasks - INFO - Pass: HighLevelSynthesis - 0.00501 (ms)
[2026-05-28 19:43:22,716] qiskit.passmanager.base_tasks - INFO - Pass: BasisTranslator - 0.01955 (ms)
[2026-05-28 19:43:22,716] qiskit.passmanager.base_tasks - INFO - Pass: ElidePermutations - 0.00572 (ms)
[2026-05-28 19:43:22,716] qiskit.passmanager.base_tasks - INFO - Pass: RemoveDiagonalGatesBeforeMeasure - 0.00548 (ms)
[2026-05-28 19:43:22,716] qiskit.passmanager.base_tasks - INFO - Pass: RemoveIdentityEquivalent - 0.00739 (ms)
[2026-05-28 19:43:22,716] qiskit.passmanager.base_tasks - INFO - Pass: InverseCancellation - 0.01287 (ms)
[2026-05-28 19:43:22,716] qiskit.passmanager.base_tasks - INFO - Pass: ContractIdleWiresInControlFlow - 0.00215 (ms)
[2026-05-28 19:43:22,716] qiskit.passmanager.base_tasks - INFO - Pass: CommutativeCancellation - 0.02456 (ms)
[2026-05-28 19:43:22,716] qiskit.passmanager.base_tasks - INFO - Pass: ConsolidateBlocks - 0.04625 (ms)
[2026-05-28 19:43:22,716] qiskit.passmanager.base_tasks - INFO - Pass: Split2QUnitaries - 0.00215 (ms)
[2026-05-28 19:43:22,716] qiskit.passmanager.base_tasks - INFO - Pass: UnitarySynthesis - 0.00310 (ms)
[2026-05-28 19:43:22,716] qiskit.passmanager.base_tasks - INFO - Pass: HighLevelSynthesis - 0.00620 (ms)
[2026-05-28 19:43:22,717] qiskit.passmanager.base_tasks - INFO - Pass: BasisTranslator - 0.31996 (ms)
[2026-05-28 19:43:22,717] qiskit.passmanager.base_tasks - INFO - Pass: ConsolidateBlocks - 0.05937 (ms)
[2026-05-28 19:43:22,717] qiskit.passmanager.base_tasks - INFO - Pass: UnitarySynthesis - 0.00334 (ms)
[2026-05-28 19:43:22,717] qiskit.passmanager.base_tasks - INFO - Pass: Size - 0.00262 (ms)
[2026-05-28 19:43:22,717] qiskit.passmanager.base_tasks - INFO - Pass: Depth - 0.00715 (ms)
[2026-05-28 19:43:22,717] qiskit.passmanager.base_tasks - INFO - Pass: FixedPoint - 0.00453 (ms)
[2026-05-28 19:43:22,717] qiskit.passmanager.base_tasks - INFO - Pass: FixedPoint - 0.00191 (ms)
[2026-05-28 19:43:22,717] qiskit.passmanager.base_tasks - INFO - Pass: RemoveIdentityEquivalent - 0.00405 (ms)
[2026-05-28 19:43:22,717] qiskit.passmanager.base_tasks - INFO - Pass: Optimize1qGatesDecomposition - 0.02861 (ms)
[2026-05-28 19:43:22,717] qiskit.passmanager.base_tasks - INFO - Pass: CommutativeCancellation - 0.02074 (ms)
[2026-05-28 19:43:22,717] qiskit.passmanager.base_tasks - INFO - Pass: ContractIdleWiresInControlFlow - 0.00119 (ms)
[2026-05-28 19:43:22,717] qiskit.passmanager.base_tasks - INFO - Pass: GatesInBasis - 0.00405 (ms)
[2026-05-28 19:43:22,717] qiskit.passmanager.base_tasks - INFO - Pass: Size - 0.00143 (ms)
[2026-05-28 19:43:22,717] qiskit.passmanager.base_tasks - INFO - Pass: Depth - 0.00525 (ms)
[2026-05-28 19:43:22,717] qiskit.passmanager.base_tasks - INFO - Pass: FixedPoint - 0.00262 (ms)
[2026-05-28 19:43:22,717] qiskit.passmanager.base_tasks - INFO - Pass: FixedPoint - 0.00167 (ms)
[2026-05-28 19:43:22,717] qiskit.passmanager.base_tasks - INFO - Pass: RemoveIdentityEquivalent - 0.00286 (ms)
[2026-05-28 19:43:22,717] qiskit.passmanager.base_tasks - INFO - Pass: Optimize1qGatesDecomposition - 0.01478 (ms)
[2026-05-28 19:43:22,717] qiskit.passmanager.base_tasks - INFO - Pass: CommutativeCancellation - 0.01502 (ms)
[2026-05-28 19:43:22,717] qiskit.passmanager.base_tasks - INFO - Pass: ContractIdleWiresInControlFlow - 0.00119 (ms)
[2026-05-28 19:43:22,717] qiskit.passmanager.base_tasks - INFO - Pass: GatesInBasis - 0.00238 (ms)
[2026-05-28 19:43:22,717] qiskit.passmanager.base_tasks - INFO - Pass: Size - 0.00620 (ms)
[2026-05-28 19:43:22,717] qiskit.passmanager.base_tasks - INFO - Pass: Depth - 0.00381 (ms)
[2026-05-28 19:43:22,717] qiskit.passmanager.base_tasks - INFO - Pass: FixedPoint - 0.00167 (ms)
[2026-05-28 19:43:22,717] qiskit.passmanager.base_tasks - INFO - Pass: FixedPoint - 0.00215 (ms)
[2026-05-28 19:43:22,717] qiskit.passmanager.base_tasks - INFO - Pass: ContainsInstruction - 0.00262 (ms)
[2026-05-28 19:43:22,718] qiskit.compiler.transpiler - INFO - Total Transpile Time - 7.42412 (ms)
[2026-05-28 19:43:44,915] qiskit.passmanager.base_tasks - INFO - Pass: ContainsInstruction - 0.00811 (ms)
[2026-05-28 19:43:44,915] qiskit.passmanager.base_tasks - INFO - Pass: UnitarySynthesis - 0.00620 (ms)
[2026-05-28 19:43:44,915] qiskit.passmanager.base_tasks - INFO - Pass: HighLevelSynthesis - 0.00525 (ms)
[2026-05-28 19:43:44,915] qiskit.passmanager.base_tasks - INFO - Pass: BasisTranslator - 0.03004 (ms)
[2026-05-28 19:43:44,915] qiskit.passmanager.base_tasks - INFO - Pass: ElidePermutations - 0.00501 (ms)
[2026-05-28 19:43:44,915] qiskit.passmanager.base_tasks - INFO - Pass: RemoveDiagonalGatesBeforeMeasure - 0.00668 (ms)
[2026-05-28 19:43:44,916] qiskit.passmanager.base_tasks - INFO - Pass: RemoveIdentityEquivalent - 0.00787 (ms)
[2026-05-28 19:43:44,916] qiskit.passmanager.base_tasks - INFO - Pass: InverseCancellation - 0.01335 (ms)
[2026-05-28 19:43:44,916] qiskit.passmanager.base_tasks - INFO - Pass: ContractIdleWiresInControlFlow - 0.00191 (ms)
[2026-05-28 19:43:44,916] qiskit.passmanager.base_tasks - INFO - Pass: CommutativeCancellation - 0.03266 (ms)
[2026-05-28 19:43:44,916] qiskit.passmanager.base_tasks - INFO - Pass: ConsolidateBlocks - 0.05722 (ms)
[2026-05-28 19:43:44,916] qiskit.passmanager.base_tasks - INFO - Pass: Split2QUnitaries - 0.00191 (ms)
[2026-05-28 19:43:44,916] qiskit.passmanager.base_tasks - INFO - Pass: UnitarySynthesis - 0.00334 (ms)
[2026-05-28 19:43:44,916] qiskit.passmanager.base_tasks - INFO - Pass: HighLevelSynthesis - 0.00620 (ms)
[2026-05-28 19:43:44,916] qiskit.passmanager.base_tasks - INFO - Pass: BasisTranslator - 0.32878 (ms)
[2026-05-28 19:43:44,916] qiskit.passmanager.base_tasks - INFO - Pass: ConsolidateBlocks - 0.06652 (ms)
[2026-05-28 19:43:44,916] qiskit.passmanager.base_tasks - INFO - Pass: UnitarySynthesis - 0.00358 (ms)
[2026-05-28 19:43:44,916] qiskit.passmanager.base_tasks - INFO - Pass: Size - 0.00310 (ms)
[2026-05-28 19:43:44,916] qiskit.passmanager.base_tasks - INFO - Pass: Depth - 0.00787 (ms)
[2026-05-28 19:43:44,916] qiskit.passmanager.base_tasks - INFO - Pass: FixedPoint - 0.00525 (ms)
[2026-05-28 19:43:44,916] qiskit.passmanager.base_tasks - INFO - Pass: FixedPoint - 0.00262 (ms)
[2026-05-28 19:43:44,916] qiskit.passmanager.base_tasks - INFO - Pass: RemoveIdentityEquivalent - 0.00381 (ms)
[2026-05-28 19:43:44,917] qiskit.passmanager.base_tasks - INFO - Pass: Optimize1qGatesDecomposition - 0.02813 (ms)
[2026-05-28 19:43:44,917] qiskit.passmanager.base_tasks - INFO - Pass: CommutativeCancellation - 0.02003 (ms)
[2026-05-28 19:43:44,917] qiskit.passmanager.base_tasks - INFO - Pass: ContractIdleWiresInControlFlow - 0.00143 (ms)
[2026-05-28 19:43:44,917] qiskit.passmanager.base_tasks - INFO - Pass: GatesInBasis - 0.00334 (ms)
[2026-05-28 19:43:44,917] qiskit.passmanager.base_tasks - INFO - Pass: Size - 0.00119 (ms)
[2026-05-28 19:43:44,917] qiskit.passmanager.base_tasks - INFO - Pass: Depth - 0.00548 (ms)
[2026-05-28 19:43:44,917] qiskit.passmanager.base_tasks - INFO - Pass: FixedPoint - 0.00215 (ms)
[2026-05-28 19:43:44,917] qiskit.passmanager.base_tasks - INFO - Pass: FixedPoint - 0.00143 (ms)
[2026-05-28 19:43:44,917] qiskit.passmanager.base_tasks - INFO - Pass: RemoveIdentityEquivalent - 0.00262 (ms)
[2026-05-28 19:43:44,917] qiskit.passmanager.base_tasks - INFO - Pass: Optimize1qGatesDecomposition - 0.01526 (ms)
[2026-05-28 19:43:44,917] qiskit.passmanager.base_tasks - INFO - Pass: CommutativeCancellation - 0.01407 (ms)
[2026-05-28 19:43:44,917] qiskit.passmanager.base_tasks - INFO - Pass: ContractIdleWiresInControlFlow - 0.00072 (ms)
[2026-05-28 19:43:44,917] qiskit.passmanager.base_tasks - INFO - Pass: GatesInBasis - 0.00215 (ms)
[2026-05-28 19:43:44,917] qiskit.passmanager.base_tasks - INFO - Pass: Size - 0.00143 (ms)
[2026-05-28 19:43:44,917] qiskit.passmanager.base_tasks - INFO - Pass: Depth - 0.00477 (ms)
[2026-05-28 19:43:44,917] qiskit.passmanager.base_tasks - INFO - Pass: FixedPoint - 0.00191 (ms)
[2026-05-28 19:43:44,917] qiskit.passmanager.base_tasks - INFO - Pass: FixedPoint - 0.00167 (ms)
[2026-05-28 19:43:44,917] qiskit.passmanager.base_tasks - INFO - Pass: ContainsInstruction - 0.00262 (ms)
[2026-05-28 19:43:44,917] qiskit.compiler.transpiler - INFO - Total Transpile Time - 6.48570 (ms)
[2026-05-28 19:44:05,108] qiskit.passmanager.base_tasks - INFO - Pass: ContainsInstruction - 0.00787 (ms)
[2026-05-28 19:44:05,108] qiskit.passmanager.base_tasks - INFO - Pass: UnitarySynthesis - 0.00596 (ms)
[2026-05-28 19:44:05,108] qiskit.passmanager.base_tasks - INFO - Pass: HighLevelSynthesis - 0.00572 (ms)
[2026-05-28 19:44:05,108] qiskit.passmanager.base_tasks - INFO - Pass: BasisTranslator - 0.01764 (ms)
[2026-05-28 19:44:05,108] qiskit.passmanager.base_tasks - INFO - Pass: ElidePermutations - 0.00572 (ms)
[2026-05-28 19:44:05,108] qiskit.passmanager.base_tasks - INFO - Pass: RemoveDiagonalGatesBeforeMeasure - 0.00763 (ms)
[2026-05-28 19:44:05,108] qiskit.passmanager.base_tasks - INFO - Pass: RemoveIdentityEquivalent - 0.01025 (ms)
[2026-05-28 19:44:05,108] qiskit.passmanager.base_tasks - INFO - Pass: InverseCancellation - 0.01431 (ms)
[2026-05-28 19:44:05,108] qiskit.passmanager.base_tasks - INFO - Pass: ContractIdleWiresInControlFlow - 0.00238 (ms)
[2026-05-28 19:44:05,109] qiskit.passmanager.base_tasks - INFO - Pass: CommutativeCancellation - 0.02885 (ms)
[2026-05-28 19:44:05,109] qiskit.passmanager.base_tasks - INFO - Pass: ConsolidateBlocks - 0.04983 (ms)
[2026-05-28 19:44:05,109] qiskit.passmanager.base_tasks - INFO - Pass: Split2QUnitaries - 0.00215 (ms)
[2026-05-28 19:44:05,109] qiskit.passmanager.base_tasks - INFO - Pass: UnitarySynthesis - 0.00310 (ms)
[2026-05-28 19:44:05,109] qiskit.passmanager.base_tasks - INFO - Pass: HighLevelSynthesis - 0.00739 (ms)
[2026-05-28 19:44:05,109] qiskit.passmanager.base_tasks - INFO - Pass: BasisTranslator - 0.42963 (ms)
[2026-05-28 19:44:05,109] qiskit.passmanager.base_tasks - INFO - Pass: ConsolidateBlocks - 0.06199 (ms)
[2026-05-28 19:44:05,109] qiskit.passmanager.base_tasks - INFO - Pass: UnitarySynthesis - 0.00334 (ms)
[2026-05-28 19:44:05,109] qiskit.passmanager.base_tasks - INFO - Pass: Size - 0.00286 (ms)
[2026-05-28 19:44:05,109] qiskit.passmanager.base_tasks - INFO - Pass: Depth - 0.00763 (ms)
[2026-05-28 19:44:05,109] qiskit.passmanager.base_tasks - INFO - Pass: FixedPoint - 0.00644 (ms)
[2026-05-28 19:44:05,109] qiskit.passmanager.base_tasks - INFO - Pass: FixedPoint - 0.00238 (ms)
[2026-05-28 19:44:05,109] qiskit.passmanager.base_tasks - INFO - Pass: RemoveIdentityEquivalent - 0.00548 (ms)
[2026-05-28 19:44:05,110] qiskit.passmanager.base_tasks - INFO - Pass: Optimize1qGatesDecomposition - 0.03409 (ms)
[2026-05-28 19:44:05,110] qiskit.passmanager.base_tasks - INFO - Pass: CommutativeCancellation - 0.02098 (ms)
[2026-05-28 19:44:05,110] qiskit.passmanager.base_tasks - INFO - Pass: ContractIdleWiresInControlFlow - 0.00167 (ms)
[2026-05-28 19:44:05,110] qiskit.passmanager.base_tasks - INFO - Pass: GatesInBasis - 0.00381 (ms)
[2026-05-28 19:44:05,110] qiskit.passmanager.base_tasks - INFO - Pass: Size - 0.00143 (ms)
[2026-05-28 19:44:05,110] qiskit.passmanager.base_tasks - INFO - Pass: Depth - 0.00501 (ms)
[2026-05-28 19:44:05,110] qiskit.passmanager.base_tasks - INFO - Pass: FixedPoint - 0.00238 (ms)
[2026-05-28 19:44:05,110] qiskit.passmanager.base_tasks - INFO - Pass: FixedPoint - 0.00167 (ms)
[2026-05-28 19:44:05,110] qiskit.passmanager.base_tasks - INFO - Pass: RemoveIdentityEquivalent - 0.00310 (ms)
[2026-05-28 19:44:05,110] qiskit.passmanager.base_tasks - INFO - Pass: Optimize1qGatesDecomposition - 0.01597 (ms)
[2026-05-28 19:44:05,110] qiskit.passmanager.base_tasks - INFO - Pass: CommutativeCancellation - 0.01574 (ms)
[2026-05-28 19:44:05,110] qiskit.passmanager.base_tasks - INFO - Pass: ContractIdleWiresInControlFlow - 0.00119 (ms)
[2026-05-28 19:44:05,110] qiskit.passmanager.base_tasks - INFO - Pass: GatesInBasis - 0.00215 (ms)
[2026-05-28 19:44:05,110] qiskit.passmanager.base_tasks - INFO - Pass: Size - 0.00167 (ms)
[2026-05-28 19:44:05,110] qiskit.passmanager.base_tasks - INFO - Pass: Depth - 0.00429 (ms)
[2026-05-28 19:44:05,110] qiskit.passmanager.base_tasks - INFO - Pass: FixedPoint - 0.00238 (ms)
[2026-05-28 19:44:05,110] qiskit.passmanager.base_tasks - INFO - Pass: FixedPoint - 0.00167 (ms)
[2026-05-28 19:44:05,110] qiskit.passmanager.base_tasks - INFO - Pass: ContainsInstruction - 0.00358 (ms)
[2026-05-28 19:44:05,110] qiskit.compiler.transpiler - INFO - Total Transpile Time - 8.22616 (ms)
[2026-05-28 19:44:27,211] qiskit.passmanager.base_tasks - INFO - Pass: ContainsInstruction - 0.00596 (ms)
[2026-05-28 19:44:27,211] qiskit.passmanager.base_tasks - INFO - Pass: UnitarySynthesis - 0.00572 (ms)
[2026-05-28 19:44:27,211] qiskit.passmanager.base_tasks - INFO - Pass: HighLevelSynthesis - 0.00381 (ms)
[2026-05-28 19:44:27,211] qiskit.passmanager.base_tasks - INFO - Pass: BasisTranslator - 0.01431 (ms)
[2026-05-28 19:44:27,211] qiskit.passmanager.base_tasks - INFO - Pass: ElidePermutations - 0.00429 (ms)
[2026-05-28 19:44:27,211] qiskit.passmanager.base_tasks - INFO - Pass: RemoveDiagonalGatesBeforeMeasure - 0.00525 (ms)
[2026-05-28 19:44:27,211] qiskit.passmanager.base_tasks - INFO - Pass: RemoveIdentityEquivalent - 0.00739 (ms)
[2026-05-28 19:44:27,211] qiskit.passmanager.base_tasks - INFO - Pass: InverseCancellation - 0.00834 (ms)
[2026-05-28 19:44:27,211] qiskit.passmanager.base_tasks - INFO - Pass: ContractIdleWiresInControlFlow - 0.00143 (ms)
[2026-05-28 19:44:27,211] qiskit.passmanager.base_tasks - INFO - Pass: CommutativeCancellation - 0.02050 (ms)
[2026-05-28 19:44:27,212] qiskit.passmanager.base_tasks - INFO - Pass: ConsolidateBlocks - 0.04196 (ms)
[2026-05-28 19:44:27,212] qiskit.passmanager.base_tasks - INFO - Pass: Split2QUnitaries - 0.00191 (ms)
[2026-05-28 19:44:27,212] qiskit.passmanager.base_tasks - INFO - Pass: UnitarySynthesis - 0.00215 (ms)
[2026-05-28 19:44:27,212] qiskit.passmanager.base_tasks - INFO - Pass: HighLevelSynthesis - 0.00477 (ms)
[2026-05-28 19:44:27,212] qiskit.passmanager.base_tasks - INFO - Pass: BasisTranslator - 0.25535 (ms)
[2026-05-28 19:44:27,212] qiskit.passmanager.base_tasks - INFO - Pass: ConsolidateBlocks - 0.05507 (ms)
[2026-05-28 19:44:27,212] qiskit.passmanager.base_tasks - INFO - Pass: UnitarySynthesis - 0.00310 (ms)
[2026-05-28 19:44:27,212] qiskit.passmanager.base_tasks - INFO - Pass: Size - 0.00238 (ms)
[2026-05-28 19:44:27,212] qiskit.passmanager.base_tasks - INFO - Pass: Depth - 0.00620 (ms)
[2026-05-28 19:44:27,212] qiskit.passmanager.base_tasks - INFO - Pass: FixedPoint - 0.00453 (ms)
[2026-05-28 19:44:27,212] qiskit.passmanager.base_tasks - INFO - Pass: FixedPoint - 0.00191 (ms)
[2026-05-28 19:44:27,212] qiskit.passmanager.base_tasks - INFO - Pass: RemoveIdentityEquivalent - 0.00405 (ms)
[2026-05-28 19:44:27,212] qiskit.passmanager.base_tasks - INFO - Pass: Optimize1qGatesDecomposition - 0.02408 (ms)
[2026-05-28 19:44:27,212] qiskit.passmanager.base_tasks - INFO - Pass: CommutativeCancellation - 0.02074 (ms)
[2026-05-28 19:44:27,212] qiskit.passmanager.base_tasks - INFO - Pass: ContractIdleWiresInControlFlow - 0.00167 (ms)
[2026-05-28 19:44:27,212] qiskit.passmanager.base_tasks - INFO - Pass: GatesInBasis - 0.00358 (ms)
[2026-05-28 19:44:27,212] qiskit.passmanager.base_tasks - INFO - Pass: Size - 0.00119 (ms)
[2026-05-28 19:44:27,212] qiskit.passmanager.base_tasks - INFO - Pass: Depth - 0.00429 (ms)
[2026-05-28 19:44:27,212] qiskit.passmanager.base_tasks - INFO - Pass: FixedPoint - 0.00238 (ms)
[2026-05-28 19:44:27,212] qiskit.passmanager.base_tasks - INFO - Pass: FixedPoint - 0.00143 (ms)
[2026-05-28 19:44:27,212] qiskit.passmanager.base_tasks - INFO - Pass: RemoveIdentityEquivalent - 0.00238 (ms)
[2026-05-28 19:44:27,212] qiskit.passmanager.base_tasks - INFO - Pass: Optimize1qGatesDecomposition - 0.01383 (ms)
[2026-05-28 19:44:27,212] qiskit.passmanager.base_tasks - INFO - Pass: CommutativeCancellation - 0.01407 (ms)
[2026-05-28 19:44:27,212] qiskit.passmanager.base_tasks - INFO - Pass: ContractIdleWiresInControlFlow - 0.00072 (ms)
[2026-05-28 19:44:27,212] qiskit.passmanager.base_tasks - INFO - Pass: GatesInBasis - 0.00167 (ms)
[2026-05-28 19:44:27,212] qiskit.passmanager.base_tasks - INFO - Pass: Size - 0.00095 (ms)
[2026-05-28 19:44:27,212] qiskit.passmanager.base_tasks - INFO - Pass: Depth - 0.00381 (ms)
[2026-05-28 19:44:27,213] qiskit.passmanager.base_tasks - INFO - Pass: FixedPoint - 0.00215 (ms)
[2026-05-28 19:44:27,213] qiskit.passmanager.base_tasks - INFO - Pass: FixedPoint - 0.00143 (ms)
[2026-05-28 19:44:27,213] qiskit.passmanager.base_tasks - INFO - Pass: ContainsInstruction - 0.00262 (ms)
[2026-05-28 19:44:27,213] qiskit.compiler.transpiler - INFO - Total Transpile Time - 4.44460 (ms)
[2026-05-28 19:44:51,124] qiskit.passmanager.base_tasks - INFO - Pass: ContainsInstruction - 0.00644 (ms)
[2026-05-28 19:44:51,124] qiskit.passmanager.base_tasks - INFO - Pass: UnitarySynthesis - 0.00453 (ms)
[2026-05-28 19:44:51,124] qiskit.passmanager.base_tasks - INFO - Pass: HighLevelSynthesis - 0.00381 (ms)
[2026-05-28 19:44:51,124] qiskit.passmanager.base_tasks - INFO - Pass: BasisTranslator - 0.01383 (ms)
[2026-05-28 19:44:51,124] qiskit.passmanager.base_tasks - INFO - Pass: ElidePermutations - 0.00405 (ms)
[2026-05-28 19:44:51,124] qiskit.passmanager.base_tasks - INFO - Pass: RemoveDiagonalGatesBeforeMeasure - 0.00429 (ms)
[2026-05-28 19:44:51,124] qiskit.passmanager.base_tasks - INFO - Pass: RemoveIdentityEquivalent - 0.00787 (ms)
[2026-05-28 19:44:51,124] qiskit.passmanager.base_tasks - INFO - Pass: InverseCancellation - 0.01144 (ms)
[2026-05-28 19:44:51,124] qiskit.passmanager.base_tasks - INFO - Pass: ContractIdleWiresInControlFlow - 0.00620 (ms)
[2026-05-28 19:44:51,124] qiskit.passmanager.base_tasks - INFO - Pass: CommutativeCancellation - 0.02265 (ms)
[2026-05-28 19:44:51,125] qiskit.passmanager.base_tasks - INFO - Pass: ConsolidateBlocks - 0.04101 (ms)
[2026-05-28 19:44:51,125] qiskit.passmanager.base_tasks - INFO - Pass: Split2QUnitaries - 0.00215 (ms)
[2026-05-28 19:44:51,125] qiskit.passmanager.base_tasks - INFO - Pass: UnitarySynthesis - 0.00286 (ms)
[2026-05-28 19:44:51,125] qiskit.passmanager.base_tasks - INFO - Pass: HighLevelSynthesis - 0.00525 (ms)
[2026-05-28 19:44:51,125] qiskit.passmanager.base_tasks - INFO - Pass: BasisTranslator - 0.29111 (ms)
[2026-05-28 19:44:51,125] qiskit.passmanager.base_tasks - INFO - Pass: ConsolidateBlocks - 0.05698 (ms)
[2026-05-28 19:44:51,125] qiskit.passmanager.base_tasks - INFO - Pass: UnitarySynthesis - 0.09942 (ms)
[2026-05-28 19:44:51,125] qiskit.passmanager.base_tasks - INFO - Pass: Size - 0.00238 (ms)
[2026-05-28 19:44:51,125] qiskit.passmanager.base_tasks - INFO - Pass: Depth - 0.00691 (ms)
[2026-05-28 19:44:51,125] qiskit.passmanager.base_tasks - INFO - Pass: FixedPoint - 0.00453 (ms)
[2026-05-28 19:44:51,125] qiskit.passmanager.base_tasks - INFO - Pass: FixedPoint - 0.00143 (ms)
[2026-05-28 19:44:51,125] qiskit.passmanager.base_tasks - INFO - Pass: RemoveIdentityEquivalent - 0.00501 (ms)
[2026-05-28 19:44:51,125] qiskit.passmanager.base_tasks - INFO - Pass: Optimize1qGatesDecomposition - 0.02337 (ms)
[2026-05-28 19:44:51,125] qiskit.passmanager.base_tasks - INFO - Pass: CommutativeCancellation - 0.02003 (ms)
[2026-05-28 19:44:51,125] qiskit.passmanager.base_tasks - INFO - Pass: ContractIdleWiresInControlFlow - 0.00167 (ms)
[2026-05-28 19:44:51,125] qiskit.passmanager.base_tasks - INFO - Pass: GatesInBasis - 0.00286 (ms)
[2026-05-28 19:44:51,125] qiskit.passmanager.base_tasks - INFO - Pass: Size - 0.00119 (ms)
[2026-05-28 19:44:51,125] qiskit.passmanager.base_tasks - INFO - Pass: Depth - 0.00429 (ms)
[2026-05-28 19:44:51,126] qiskit.passmanager.base_tasks - INFO - Pass: FixedPoint - 0.00215 (ms)
[2026-05-28 19:44:51,126] qiskit.passmanager.base_tasks - INFO - Pass: FixedPoint - 0.00143 (ms)
[2026-05-28 19:44:51,126] qiskit.passmanager.base_tasks - INFO - Pass: RemoveIdentityEquivalent - 0.00238 (ms)
[2026-05-28 19:44:51,126] qiskit.passmanager.base_tasks - INFO - Pass: Optimize1qGatesDecomposition - 0.01359 (ms)
[2026-05-28 19:44:51,126] qiskit.passmanager.base_tasks - INFO - Pass: CommutativeCancellation - 0.01264 (ms)
[2026-05-28 19:44:51,126] qiskit.passmanager.base_tasks - INFO - Pass: ContractIdleWiresInControlFlow - 0.00095 (ms)
[2026-05-28 19:44:51,126] qiskit.passmanager.base_tasks - INFO - Pass: GatesInBasis - 0.00167 (ms)
[2026-05-28 19:44:51,126] qiskit.passmanager.base_tasks - INFO - Pass: Size - 0.00143 (ms)
[2026-05-28 19:44:51,126] qiskit.passmanager.base_tasks - INFO - Pass: Depth - 0.00358 (ms)
[2026-05-28 19:44:51,126] qiskit.passmanager.base_tasks - INFO - Pass: FixedPoint - 0.00191 (ms)
[2026-05-28 19:44:51,126] qiskit.passmanager.base_tasks - INFO - Pass: FixedPoint - 0.00143 (ms)
[2026-05-28 19:44:51,126] qiskit.passmanager.base_tasks - INFO - Pass: ContainsInstruction - 0.00238 (ms)
[2026-05-28 19:44:51,126] qiskit.compiler.transpiler - INFO - Total Transpile Time - 6.42014 (ms)
[2026-05-28 19:45:11,159] qiskit.passmanager.base_tasks - INFO - Pass: ContainsInstruction - 0.00572 (ms)
[2026-05-28 19:45:11,159] qiskit.passmanager.base_tasks - INFO - Pass: UnitarySynthesis - 0.00453 (ms)
[2026-05-28 19:45:11,159] qiskit.passmanager.base_tasks - INFO - Pass: HighLevelSynthesis - 0.00381 (ms)
[2026-05-28 19:45:11,159] qiskit.passmanager.base_tasks - INFO - Pass: BasisTranslator - 0.01407 (ms)
[2026-05-28 19:45:11,159] qiskit.passmanager.base_tasks - INFO - Pass: ElidePermutations - 0.00381 (ms)
[2026-05-28 19:45:11,159] qiskit.passmanager.base_tasks - INFO - Pass: RemoveDiagonalGatesBeforeMeasure - 0.00715 (ms)
[2026-05-28 19:45:11,159] qiskit.passmanager.base_tasks - INFO - Pass: RemoveIdentityEquivalent - 0.00811 (ms)
[2026-05-28 19:45:11,159] qiskit.passmanager.base_tasks - INFO - Pass: InverseCancellation - 0.01121 (ms)
[2026-05-28 19:45:11,159] qiskit.passmanager.base_tasks - INFO - Pass: ContractIdleWiresInControlFlow - 0.00167 (ms)
[2026-05-28 19:45:11,159] qiskit.passmanager.base_tasks - INFO - Pass: CommutativeCancellation - 0.02575 (ms)
[2026-05-28 19:45:11,159] qiskit.passmanager.base_tasks - INFO - Pass: ConsolidateBlocks - 0.04506 (ms)
[2026-05-28 19:45:11,159] qiskit.passmanager.base_tasks - INFO - Pass: Split2QUnitaries - 0.00238 (ms)
[2026-05-28 19:45:11,159] qiskit.passmanager.base_tasks - INFO - Pass: UnitarySynthesis - 0.00262 (ms)
[2026-05-28 19:45:11,159] qiskit.passmanager.base_tasks - INFO - Pass: HighLevelSynthesis - 0.00572 (ms)
[2026-05-28 19:45:11,159] qiskit.passmanager.base_tasks - INFO - Pass: BasisTranslator - 0.30661 (ms)
[2026-05-28 19:45:11,160] qiskit.passmanager.base_tasks - INFO - Pass: ConsolidateBlocks - 0.05794 (ms)
[2026-05-28 19:45:11,160] qiskit.passmanager.base_tasks - INFO - Pass: UnitarySynthesis - 0.00286 (ms)
[2026-05-28 19:45:11,160] qiskit.passmanager.base_tasks - INFO - Pass: Size - 0.00286 (ms)
[2026-05-28 19:45:11,160] qiskit.passmanager.base_tasks - INFO - Pass: Depth - 0.00715 (ms)
[2026-05-28 19:45:11,160] qiskit.passmanager.base_tasks - INFO - Pass: FixedPoint - 0.00548 (ms)
[2026-05-28 19:45:11,160] qiskit.passmanager.base_tasks - INFO - Pass: FixedPoint - 0.00215 (ms)
[2026-05-28 19:45:11,160] qiskit.passmanager.base_tasks - INFO - Pass: RemoveIdentityEquivalent - 0.00525 (ms)
[2026-05-28 19:45:11,160] qiskit.passmanager.base_tasks - INFO - Pass: Optimize1qGatesDecomposition - 0.05794 (ms)
[2026-05-28 19:45:11,160] qiskit.passmanager.base_tasks - INFO - Pass: CommutativeCancellation - 0.02456 (ms)
[2026-05-28 19:45:11,160] qiskit.passmanager.base_tasks - INFO - Pass: ContractIdleWiresInControlFlow - 0.00191 (ms)
[2026-05-28 19:45:11,160] qiskit.passmanager.base_tasks - INFO - Pass: GatesInBasis - 0.00405 (ms)
[2026-05-28 19:45:11,160] qiskit.passmanager.base_tasks - INFO - Pass: Size - 0.00334 (ms)
[2026-05-28 19:45:11,160] qiskit.passmanager.base_tasks - INFO - Pass: Depth - 0.00787 (ms)
[2026-05-28 19:45:11,160] qiskit.passmanager.base_tasks - INFO - Pass: FixedPoint - 0.00381 (ms)
[2026-05-28 19:45:11,160] qiskit.passmanager.base_tasks - INFO - Pass: FixedPoint - 0.00215 (ms)
[2026-05-28 19:45:11,160] qiskit.passmanager.base_tasks - INFO - Pass: RemoveIdentityEquivalent - 0.00644 (ms)
[2026-05-28 19:45:11,160] qiskit.passmanager.base_tasks - INFO - Pass: Optimize1qGatesDecomposition - 0.02503 (ms)
[2026-05-28 19:45:11,160] qiskit.passmanager.base_tasks - INFO - Pass: CommutativeCancellation - 0.02050 (ms)
[2026-05-28 19:45:11,160] qiskit.passmanager.base_tasks - INFO - Pass: ContractIdleWiresInControlFlow - 0.00167 (ms)
[2026-05-28 19:45:11,160] qiskit.passmanager.base_tasks - INFO - Pass: GatesInBasis - 0.00405 (ms)
[2026-05-28 19:45:11,160] qiskit.passmanager.base_tasks - INFO - Pass: Size - 0.00215 (ms)
[2026-05-28 19:45:11,161] qiskit.passmanager.base_tasks - INFO - Pass: Depth - 0.00668 (ms)
[2026-05-28 19:45:11,161] qiskit.passmanager.base_tasks - INFO - Pass: FixedPoint - 0.00334 (ms)
[2026-05-28 19:45:11,161] qiskit.passmanager.base_tasks - INFO - Pass: FixedPoint - 0.00215 (ms)
[2026-05-28 19:45:11,161] qiskit.passmanager.base_tasks - INFO - Pass: ContainsInstruction - 0.00453 (ms)
[2026-05-28 19:45:11,161] qiskit.compiler.transpiler - INFO - Total Transpile Time - 8.41403 (ms)
[2026-05-28 19:45:33,521] qiskit.passmanager.base_tasks - INFO - Pass: ContainsInstruction - 0.00882 (ms)
[2026-05-28 19:45:33,521] qiskit.passmanager.base_tasks - INFO - Pass: UnitarySynthesis - 0.00620 (ms)
[2026-05-28 19:45:33,521] qiskit.passmanager.base_tasks - INFO - Pass: HighLevelSynthesis - 0.00525 (ms)
[2026-05-28 19:45:33,521] qiskit.passmanager.base_tasks - INFO - Pass: BasisTranslator - 0.01764 (ms)
[2026-05-28 19:45:33,521] qiskit.passmanager.base_tasks - INFO - Pass: ElidePermutations - 0.00525 (ms)
[2026-05-28 19:45:33,521] qiskit.passmanager.base_tasks - INFO - Pass: RemoveDiagonalGatesBeforeMeasure - 0.00620 (ms)
[2026-05-28 19:45:33,521] qiskit.passmanager.base_tasks - INFO - Pass: RemoveIdentityEquivalent - 0.00858 (ms)
[2026-05-28 19:45:33,521] qiskit.passmanager.base_tasks - INFO - Pass: InverseCancellation - 0.01478 (ms)
[2026-05-28 19:45:33,522] qiskit.passmanager.base_tasks - INFO - Pass: ContractIdleWiresInControlFlow - 0.00215 (ms)
[2026-05-28 19:45:33,522] qiskit.passmanager.base_tasks - INFO - Pass: CommutativeCancellation - 0.02766 (ms)
[2026-05-28 19:45:33,522] qiskit.passmanager.base_tasks - INFO - Pass: ConsolidateBlocks - 0.05126 (ms)
[2026-05-28 19:45:33,522] qiskit.passmanager.base_tasks - INFO - Pass: Split2QUnitaries - 0.00286 (ms)
[2026-05-28 19:45:33,522] qiskit.passmanager.base_tasks - INFO - Pass: UnitarySynthesis - 0.00381 (ms)
[2026-05-28 19:45:33,522] qiskit.passmanager.base_tasks - INFO - Pass: HighLevelSynthesis - 0.00715 (ms)
[2026-05-28 19:45:33,522] qiskit.passmanager.base_tasks - INFO - Pass: BasisTranslator - 0.40102 (ms)
[2026-05-28 19:45:33,522] qiskit.passmanager.base_tasks - INFO - Pass: ConsolidateBlocks - 0.07486 (ms)
[2026-05-28 19:45:33,522] qiskit.passmanager.base_tasks - INFO - Pass: UnitarySynthesis - 0.00358 (ms)
[2026-05-28 19:45:33,522] qiskit.passmanager.base_tasks - INFO - Pass: Size - 0.00286 (ms)
[2026-05-28 19:45:33,523] qiskit.passmanager.base_tasks - INFO - Pass: Depth - 0.00906 (ms)
[2026-05-28 19:45:33,523] qiskit.passmanager.base_tasks - INFO - Pass: FixedPoint - 0.00548 (ms)
[2026-05-28 19:45:33,523] qiskit.passmanager.base_tasks - INFO - Pass: FixedPoint - 0.00262 (ms)
[2026-05-28 19:45:33,523] qiskit.passmanager.base_tasks - INFO - Pass: RemoveIdentityEquivalent - 0.00548 (ms)
[2026-05-28 19:45:33,523] qiskit.passmanager.base_tasks - INFO - Pass: Optimize1qGatesDecomposition - 0.04888 (ms)
[2026-05-28 19:45:33,523] qiskit.passmanager.base_tasks - INFO - Pass: CommutativeCancellation - 0.02599 (ms)
[2026-05-28 19:45:33,523] qiskit.passmanager.base_tasks - INFO - Pass: ContractIdleWiresInControlFlow - 0.00167 (ms)
[2026-05-28 19:45:33,523] qiskit.passmanager.base_tasks - INFO - Pass: GatesInBasis - 0.00501 (ms)
[2026-05-28 19:45:33,523] qiskit.passmanager.base_tasks - INFO - Pass: Size - 0.00215 (ms)
[2026-05-28 19:45:33,523] qiskit.passmanager.base_tasks - INFO - Pass: Depth - 0.00668 (ms)
[2026-05-28 19:45:33,523] qiskit.passmanager.base_tasks - INFO - Pass: FixedPoint - 0.00358 (ms)
[2026-05-28 19:45:33,523] qiskit.passmanager.base_tasks - INFO - Pass: FixedPoint - 0.00215 (ms)
[2026-05-28 19:45:33,523] qiskit.passmanager.base_tasks - INFO - Pass: RemoveIdentityEquivalent - 0.00334 (ms)
[2026-05-28 19:45:33,523] qiskit.passmanager.base_tasks - INFO - Pass: Optimize1qGatesDecomposition - 0.01836 (ms)
[2026-05-28 19:45:33,523] qiskit.passmanager.base_tasks - INFO - Pass: CommutativeCancellation - 0.01884 (ms)
[2026-05-28 19:45:33,523] qiskit.passmanager.base_tasks - INFO - Pass: ContractIdleWiresInControlFlow - 0.00143 (ms)
[2026-05-28 19:45:33,523] qiskit.passmanager.base_tasks - INFO - Pass: GatesInBasis - 0.00262 (ms)
[2026-05-28 19:45:33,523] qiskit.passmanager.base_tasks - INFO - Pass: Size - 0.00167 (ms)
[2026-05-28 19:45:33,523] qiskit.passmanager.base_tasks - INFO - Pass: Depth - 0.00501 (ms)
[2026-05-28 19:45:33,523] qiskit.passmanager.base_tasks - INFO - Pass: FixedPoint - 0.00310 (ms)
[2026-05-28 19:45:33,523] qiskit.passmanager.base_tasks - INFO - Pass: FixedPoint - 0.00215 (ms)
[2026-05-28 19:45:33,523] qiskit.passmanager.base_tasks - INFO - Pass: ContainsInstruction - 0.00381 (ms)
[2026-05-28 19:45:33,523] qiskit.compiler.transpiler - INFO - Total Transpile Time - 9.07016 (ms)
[2026-05-28 19:45:57,210] qiskit.passmanager.base_tasks - INFO - Pass: ContainsInstruction - 0.00668 (ms)
[2026-05-28 19:45:57,210] qiskit.passmanager.base_tasks - INFO - Pass: UnitarySynthesis - 0.00477 (ms)
[2026-05-28 19:45:57,210] qiskit.passmanager.base_tasks - INFO - Pass: HighLevelSynthesis - 0.00381 (ms)
[2026-05-28 19:45:57,210] qiskit.passmanager.base_tasks - INFO - Pass: BasisTranslator - 0.01597 (ms)
[2026-05-28 19:45:57,210] qiskit.passmanager.base_tasks - INFO - Pass: ElidePermutations - 0.00405 (ms)
[2026-05-28 19:45:57,210] qiskit.passmanager.base_tasks - INFO - Pass: RemoveDiagonalGatesBeforeMeasure - 0.00668 (ms)
[2026-05-28 19:45:57,210] qiskit.passmanager.base_tasks - INFO - Pass: RemoveIdentityEquivalent - 0.00668 (ms)
[2026-05-28 19:45:57,210] qiskit.passmanager.base_tasks - INFO - Pass: InverseCancellation - 0.01192 (ms)
[2026-05-28 19:45:57,210] qiskit.passmanager.base_tasks - INFO - Pass: ContractIdleWiresInControlFlow - 0.00167 (ms)
[2026-05-28 19:45:57,210] qiskit.passmanager.base_tasks - INFO - Pass: CommutativeCancellation - 0.02861 (ms)
[2026-05-28 19:45:57,210] qiskit.passmanager.base_tasks - INFO - Pass: ConsolidateBlocks - 0.04172 (ms)
[2026-05-28 19:45:57,210] qiskit.passmanager.base_tasks - INFO - Pass: Split2QUnitaries - 0.00286 (ms)
[2026-05-28 19:45:57,210] qiskit.passmanager.base_tasks - INFO - Pass: UnitarySynthesis - 0.00286 (ms)
[2026-05-28 19:45:57,210] qiskit.passmanager.base_tasks - INFO - Pass: HighLevelSynthesis - 0.00715 (ms)
[2026-05-28 19:45:57,211] qiskit.passmanager.base_tasks - INFO - Pass: BasisTranslator - 0.31161 (ms)
[2026-05-28 19:45:57,211] qiskit.passmanager.base_tasks - INFO - Pass: ConsolidateBlocks - 0.05293 (ms)
[2026-05-28 19:45:57,211] qiskit.passmanager.base_tasks - INFO - Pass: UnitarySynthesis - 0.00286 (ms)
[2026-05-28 19:45:57,211] qiskit.passmanager.base_tasks - INFO - Pass: Size - 0.00286 (ms)
[2026-05-28 19:45:57,211] qiskit.passmanager.base_tasks - INFO - Pass: Depth - 0.00691 (ms)
[2026-05-28 19:45:57,211] qiskit.passmanager.base_tasks - INFO - Pass: FixedPoint - 0.00429 (ms)
[2026-05-28 19:45:57,211] qiskit.passmanager.base_tasks - INFO - Pass: FixedPoint - 0.00143 (ms)
[2026-05-28 19:45:57,211] qiskit.passmanager.base_tasks - INFO - Pass: RemoveIdentityEquivalent - 0.00429 (ms)
[2026-05-28 19:45:57,211] qiskit.passmanager.base_tasks - INFO - Pass: Optimize1qGatesDecomposition - 0.02933 (ms)
[2026-05-28 19:45:57,211] qiskit.passmanager.base_tasks - INFO - Pass: CommutativeCancellation - 0.01836 (ms)
[2026-05-28 19:45:57,211] qiskit.passmanager.base_tasks - INFO - Pass: ContractIdleWiresInControlFlow - 0.00143 (ms)
[2026-05-28 19:45:57,211] qiskit.passmanager.base_tasks - INFO - Pass: GatesInBasis - 0.00358 (ms)
[2026-05-28 19:45:57,211] qiskit.passmanager.base_tasks - INFO - Pass: Size - 0.00143 (ms)
[2026-05-28 19:45:57,211] qiskit.passmanager.base_tasks - INFO - Pass: Depth - 0.00477 (ms)
[2026-05-28 19:45:57,211] qiskit.passmanager.base_tasks - INFO - Pass: FixedPoint - 0.00262 (ms)
[2026-05-28 19:45:57,211] qiskit.passmanager.base_tasks - INFO - Pass: FixedPoint - 0.00167 (ms)
[2026-05-28 19:45:57,211] qiskit.passmanager.base_tasks - INFO - Pass: RemoveIdentityEquivalent - 0.00262 (ms)
[2026-05-28 19:45:57,211] qiskit.passmanager.base_tasks - INFO - Pass: Optimize1qGatesDecomposition - 0.01478 (ms)
[2026-05-28 19:45:57,211] qiskit.passmanager.base_tasks - INFO - Pass: CommutativeCancellation - 0.01407 (ms)
[2026-05-28 19:45:57,211] qiskit.passmanager.base_tasks - INFO - Pass: ContractIdleWiresInControlFlow - 0.00095 (ms)
[2026-05-28 19:45:57,211] qiskit.passmanager.base_tasks - INFO - Pass: GatesInBasis - 0.00262 (ms)
[2026-05-28 19:45:57,211] qiskit.passmanager.base_tasks - INFO - Pass: Size - 0.00119 (ms)
[2026-05-28 19:45:57,211] qiskit.passmanager.base_tasks - INFO - Pass: Depth - 0.00453 (ms)
[2026-05-28 19:45:57,211] qiskit.passmanager.base_tasks - INFO - Pass: FixedPoint - 0.00215 (ms)
[2026-05-28 19:45:57,211] qiskit.passmanager.base_tasks - INFO - Pass: FixedPoint - 0.00215 (ms)
[2026-05-28 19:45:57,211] qiskit.passmanager.base_tasks - INFO - Pass: ContainsInstruction - 0.00310 (ms)
[2026-05-28 19:45:57,212] qiskit.compiler.transpiler - INFO - Total Transpile Time - 5.17702 (ms)
[2026-05-28 19:46:16,651] qiskit.passmanager.base_tasks - INFO - Pass: ContainsInstruction - 0.00572 (ms)
[2026-05-28 19:46:16,651] qiskit.passmanager.base_tasks - INFO - Pass: UnitarySynthesis - 0.00453 (ms)
[2026-05-28 19:46:16,651] qiskit.passmanager.base_tasks - INFO - Pass: HighLevelSynthesis - 0.00405 (ms)
[2026-05-28 19:46:16,651] qiskit.passmanager.base_tasks - INFO - Pass: BasisTranslator - 0.01240 (ms)
[2026-05-28 19:46:16,651] qiskit.passmanager.base_tasks - INFO - Pass: ElidePermutations - 0.00381 (ms)
[2026-05-28 19:46:16,651] qiskit.passmanager.base_tasks - INFO - Pass: RemoveDiagonalGatesBeforeMeasure - 0.00501 (ms)
[2026-05-28 19:46:16,651] qiskit.passmanager.base_tasks - INFO - Pass: RemoveIdentityEquivalent - 0.00668 (ms)
[2026-05-28 19:46:16,651] qiskit.passmanager.base_tasks - INFO - Pass: InverseCancellation - 0.00858 (ms)
[2026-05-28 19:46:16,651] qiskit.passmanager.base_tasks - INFO - Pass: ContractIdleWiresInControlFlow - 0.00167 (ms)
[2026-05-28 19:46:16,651] qiskit.passmanager.base_tasks - INFO - Pass: CommutativeCancellation - 0.01860 (ms)
[2026-05-28 19:46:16,651] qiskit.passmanager.base_tasks - INFO - Pass: ConsolidateBlocks - 0.03958 (ms)
[2026-05-28 19:46:16,651] qiskit.passmanager.base_tasks - INFO - Pass: Split2QUnitaries - 0.00191 (ms)
[2026-05-28 19:46:16,651] qiskit.passmanager.base_tasks - INFO - Pass: UnitarySynthesis - 0.00262 (ms)
[2026-05-28 19:46:16,651] qiskit.passmanager.base_tasks - INFO - Pass: HighLevelSynthesis - 0.00381 (ms)
[2026-05-28 19:46:16,651] qiskit.passmanager.base_tasks - INFO - Pass: BasisTranslator - 0.25034 (ms)
[2026-05-28 19:46:16,651] qiskit.passmanager.base_tasks - INFO - Pass: ConsolidateBlocks - 0.05174 (ms)
[2026-05-28 19:46:16,651] qiskit.passmanager.base_tasks - INFO - Pass: UnitarySynthesis - 0.00286 (ms)
[2026-05-28 19:46:16,651] qiskit.passmanager.base_tasks - INFO - Pass: Size - 0.00215 (ms)
[2026-05-28 19:46:16,652] qiskit.passmanager.base_tasks - INFO - Pass: Depth - 0.00572 (ms)
[2026-05-28 19:46:16,652] qiskit.passmanager.base_tasks - INFO - Pass: FixedPoint - 0.00429 (ms)
[2026-05-28 19:46:16,652] qiskit.passmanager.base_tasks - INFO - Pass: FixedPoint - 0.00238 (ms)
[2026-05-28 19:46:16,652] qiskit.passmanager.base_tasks - INFO - Pass: RemoveIdentityEquivalent - 0.00429 (ms)
[2026-05-28 19:46:16,652] qiskit.passmanager.base_tasks - INFO - Pass: Optimize1qGatesDecomposition - 0.02527 (ms)
[2026-05-28 19:46:16,652] qiskit.passmanager.base_tasks - INFO - Pass: CommutativeCancellation - 0.01907 (ms)
[2026-05-28 19:46:16,652] qiskit.passmanager.base_tasks - INFO - Pass: ContractIdleWiresInControlFlow - 0.00143 (ms)
[2026-05-28 19:46:16,652] qiskit.passmanager.base_tasks - INFO - Pass: GatesInBasis - 0.00334 (ms)
[2026-05-28 19:46:16,652] qiskit.passmanager.base_tasks - INFO - Pass: Size - 0.00191 (ms)
[2026-05-28 19:46:16,652] qiskit.passmanager.base_tasks - INFO - Pass: Depth - 0.00453 (ms)
[2026-05-28 19:46:16,652] qiskit.passmanager.base_tasks - INFO - Pass: FixedPoint - 0.00238 (ms)
[2026-05-28 19:46:16,652] qiskit.passmanager.base_tasks - INFO - Pass: FixedPoint - 0.00215 (ms)
[2026-05-28 19:46:16,652] qiskit.passmanager.base_tasks - INFO - Pass: RemoveIdentityEquivalent - 0.00286 (ms)
[2026-05-28 19:46:16,652] qiskit.passmanager.base_tasks - INFO - Pass: Optimize1qGatesDecomposition - 0.01407 (ms)
[2026-05-28 19:46:16,652] qiskit.passmanager.base_tasks - INFO - Pass: CommutativeCancellation - 0.01478 (ms)
[2026-05-28 19:46:16,652] qiskit.passmanager.base_tasks - INFO - Pass: ContractIdleWiresInControlFlow - 0.00095 (ms)
[2026-05-28 19:46:16,652] qiskit.passmanager.base_tasks - INFO - Pass: GatesInBasis - 0.00167 (ms)
[2026-05-28 19:46:16,652] qiskit.passmanager.base_tasks - INFO - Pass: Size - 0.00167 (ms)
[2026-05-28 19:46:16,652] qiskit.passmanager.base_tasks - INFO - Pass: Depth - 0.00381 (ms)
[2026-05-28 19:46:16,652] qiskit.passmanager.base_tasks - INFO - Pass: FixedPoint - 0.00191 (ms)
[2026-05-28 19:46:16,652] qiskit.passmanager.base_tasks - INFO - Pass: FixedPoint - 0.00191 (ms)
[2026-05-28 19:46:16,652] qiskit.passmanager.base_tasks - INFO - Pass: ContainsInstruction - 0.00238 (ms)
[2026-05-28 19:46:16,652] qiskit.compiler.transpiler - INFO - Total Transpile Time - 4.60649 (ms)
[2026-05-28 19:46:40,638] qiskit.passmanager.base_tasks - INFO - Pass: ContainsInstruction - 0.00596 (ms)
[2026-05-28 19:46:40,638] qiskit.passmanager.base_tasks - INFO - Pass: UnitarySynthesis - 0.00453 (ms)
[2026-05-28 19:46:40,638] qiskit.passmanager.base_tasks - INFO - Pass: HighLevelSynthesis - 0.00429 (ms)
[2026-05-28 19:46:40,638] qiskit.passmanager.base_tasks - INFO - Pass: BasisTranslator - 0.01526 (ms)
[2026-05-28 19:46:40,638] qiskit.passmanager.base_tasks - INFO - Pass: ElidePermutations - 0.00429 (ms)
[2026-05-28 19:46:40,638] qiskit.passmanager.base_tasks - INFO - Pass: RemoveDiagonalGatesBeforeMeasure - 0.00501 (ms)
[2026-05-28 19:46:40,638] qiskit.passmanager.base_tasks - INFO - Pass: RemoveIdentityEquivalent - 0.00715 (ms)
[2026-05-28 19:46:40,638] qiskit.passmanager.base_tasks - INFO - Pass: InverseCancellation - 0.01097 (ms)
[2026-05-28 19:46:40,638] qiskit.passmanager.base_tasks - INFO - Pass: ContractIdleWiresInControlFlow - 0.00143 (ms)
[2026-05-28 19:46:40,638] qiskit.passmanager.base_tasks - INFO - Pass: CommutativeCancellation - 0.02432 (ms)
[2026-05-28 19:46:40,638] qiskit.passmanager.base_tasks - INFO - Pass: ConsolidateBlocks - 0.04458 (ms)
[2026-05-28 19:46:40,638] qiskit.passmanager.base_tasks - INFO - Pass: Split2QUnitaries - 0.00262 (ms)
[2026-05-28 19:46:40,639] qiskit.passmanager.base_tasks - INFO - Pass: UnitarySynthesis - 0.00310 (ms)
[2026-05-28 19:46:40,639] qiskit.passmanager.base_tasks - INFO - Pass: HighLevelSynthesis - 0.00525 (ms)
[2026-05-28 19:46:40,639] qiskit.passmanager.base_tasks - INFO - Pass: BasisTranslator - 0.29778 (ms)
[2026-05-28 19:46:40,639] qiskit.passmanager.base_tasks - INFO - Pass: ConsolidateBlocks - 0.06247 (ms)
[2026-05-28 19:46:40,639] qiskit.passmanager.base_tasks - INFO - Pass: UnitarySynthesis - 0.10824 (ms)
[2026-05-28 19:46:40,639] qiskit.passmanager.base_tasks - INFO - Pass: Size - 0.00286 (ms)
[2026-05-28 19:46:40,639] qiskit.passmanager.base_tasks - INFO - Pass: Depth - 0.00739 (ms)
[2026-05-28 19:46:40,639] qiskit.passmanager.base_tasks - INFO - Pass: FixedPoint - 0.00501 (ms)
[2026-05-28 19:46:40,639] qiskit.passmanager.base_tasks - INFO - Pass: FixedPoint - 0.00167 (ms)
[2026-05-28 19:46:40,639] qiskit.passmanager.base_tasks - INFO - Pass: RemoveIdentityEquivalent - 0.00501 (ms)
[2026-05-28 19:46:40,639] qiskit.passmanager.base_tasks - INFO - Pass: Optimize1qGatesDecomposition - 0.02503 (ms)
[2026-05-28 19:46:40,639] qiskit.passmanager.base_tasks - INFO - Pass: CommutativeCancellation - 0.02027 (ms)
[2026-05-28 19:46:40,639] qiskit.passmanager.base_tasks - INFO - Pass: ContractIdleWiresInControlFlow - 0.00143 (ms)
[2026-05-28 19:46:40,639] qiskit.passmanager.base_tasks - INFO - Pass: GatesInBasis - 0.00381 (ms)
[2026-05-28 19:46:40,639] qiskit.passmanager.base_tasks - INFO - Pass: Size - 0.00119 (ms)
[2026-05-28 19:46:40,639] qiskit.passmanager.base_tasks - INFO - Pass: Depth - 0.00501 (ms)
[2026-05-28 19:46:40,640] qiskit.passmanager.base_tasks - INFO - Pass: FixedPoint - 0.00238 (ms)
[2026-05-28 19:46:40,640] qiskit.passmanager.base_tasks - INFO - Pass: FixedPoint - 0.00215 (ms)
[2026-05-28 19:46:40,640] qiskit.passmanager.base_tasks - INFO - Pass: RemoveIdentityEquivalent - 0.00310 (ms)
[2026-05-28 19:46:40,640] qiskit.passmanager.base_tasks - INFO - Pass: Optimize1qGatesDecomposition - 0.01550 (ms)
[2026-05-28 19:46:40,640] qiskit.passmanager.base_tasks - INFO - Pass: CommutativeCancellation - 0.01454 (ms)
[2026-05-28 19:46:40,640] qiskit.passmanager.base_tasks - INFO - Pass: ContractIdleWiresInControlFlow - 0.00095 (ms)
[2026-05-28 19:46:40,640] qiskit.passmanager.base_tasks - INFO - Pass: GatesInBasis - 0.00191 (ms)
[2026-05-28 19:46:40,640] qiskit.passmanager.base_tasks - INFO - Pass: Size - 0.00143 (ms)
[2026-05-28 19:46:40,640] qiskit.passmanager.base_tasks - INFO - Pass: Depth - 0.00405 (ms)
[2026-05-28 19:46:40,640] qiskit.passmanager.base_tasks - INFO - Pass: FixedPoint - 0.00238 (ms)
[2026-05-28 19:46:40,640] qiskit.passmanager.base_tasks - INFO - Pass: FixedPoint - 0.00167 (ms)
[2026-05-28 19:46:40,640] qiskit.passmanager.base_tasks - INFO - Pass: ContainsInstruction - 0.00286 (ms)
[2026-05-28 19:46:40,640] qiskit.compiler.transpiler - INFO - Total Transpile Time - 4.81153 (ms)
[2026-05-28 19:46:59,978] qiskit.passmanager.base_tasks - INFO - Pass: ContainsInstruction - 0.00668 (ms)
[2026-05-28 19:46:59,979] qiskit.passmanager.base_tasks - INFO - Pass: UnitarySynthesis - 0.00405 (ms)
[2026-05-28 19:46:59,979] qiskit.passmanager.base_tasks - INFO - Pass: HighLevelSynthesis - 0.00310 (ms)
[2026-05-28 19:46:59,979] qiskit.passmanager.base_tasks - INFO - Pass: BasisTranslator - 0.01311 (ms)
[2026-05-28 19:46:59,979] qiskit.passmanager.base_tasks - INFO - Pass: ElidePermutations - 0.00453 (ms)
[2026-05-28 19:46:59,979] qiskit.passmanager.base_tasks - INFO - Pass: RemoveDiagonalGatesBeforeMeasure - 0.00453 (ms)
[2026-05-28 19:46:59,979] qiskit.passmanager.base_tasks - INFO - Pass: RemoveIdentityEquivalent - 0.00548 (ms)
[2026-05-28 19:46:59,979] qiskit.passmanager.base_tasks - INFO - Pass: InverseCancellation - 0.00930 (ms)
[2026-05-28 19:46:59,979] qiskit.passmanager.base_tasks - INFO - Pass: ContractIdleWiresInControlFlow - 0.00143 (ms)
[2026-05-28 19:46:59,979] qiskit.passmanager.base_tasks - INFO - Pass: CommutativeCancellation - 0.02265 (ms)
[2026-05-28 19:46:59,979] qiskit.passmanager.base_tasks - INFO - Pass: ConsolidateBlocks - 0.04172 (ms)
[2026-05-28 19:46:59,979] qiskit.passmanager.base_tasks - INFO - Pass: Split2QUnitaries - 0.00143 (ms)
[2026-05-28 19:46:59,979] qiskit.passmanager.base_tasks - INFO - Pass: UnitarySynthesis - 0.00215 (ms)
[2026-05-28 19:46:59,979] qiskit.passmanager.base_tasks - INFO - Pass: HighLevelSynthesis - 0.00453 (ms)
[2026-05-28 19:46:59,979] qiskit.passmanager.base_tasks - INFO - Pass: BasisTranslator - 0.26655 (ms)
[2026-05-28 19:46:59,979] qiskit.passmanager.base_tasks - INFO - Pass: ConsolidateBlocks - 0.05174 (ms)
[2026-05-28 19:46:59,979] qiskit.passmanager.base_tasks - INFO - Pass: UnitarySynthesis - 0.00238 (ms)
[2026-05-28 19:46:59,979] qiskit.passmanager.base_tasks - INFO - Pass: Size - 0.00238 (ms)
[2026-05-28 19:46:59,979] qiskit.passmanager.base_tasks - INFO - Pass: Depth - 0.00691 (ms)
[2026-05-28 19:46:59,979] qiskit.passmanager.base_tasks - INFO - Pass: FixedPoint - 0.00429 (ms)
[2026-05-28 19:46:59,979] qiskit.passmanager.base_tasks - INFO - Pass: FixedPoint - 0.00143 (ms)
[2026-05-28 19:46:59,979] qiskit.passmanager.base_tasks - INFO - Pass: RemoveIdentityEquivalent - 0.00453 (ms)
[2026-05-28 19:46:59,979] qiskit.passmanager.base_tasks - INFO - Pass: Optimize1qGatesDecomposition - 0.02646 (ms)
[2026-05-28 19:46:59,979] qiskit.passmanager.base_tasks - INFO - Pass: CommutativeCancellation - 0.01717 (ms)
[2026-05-28 19:46:59,979] qiskit.passmanager.base_tasks - INFO - Pass: ContractIdleWiresInControlFlow - 0.00119 (ms)
[2026-05-28 19:46:59,979] qiskit.passmanager.base_tasks - INFO - Pass: GatesInBasis - 0.00358 (ms)
[2026-05-28 19:46:59,979] qiskit.passmanager.base_tasks - INFO - Pass: Size - 0.00095 (ms)
[2026-05-28 19:46:59,979] qiskit.passmanager.base_tasks - INFO - Pass: Depth - 0.00429 (ms)
[2026-05-28 19:46:59,979] qiskit.passmanager.base_tasks - INFO - Pass: FixedPoint - 0.00262 (ms)
[2026-05-28 19:46:59,979] qiskit.passmanager.base_tasks - INFO - Pass: FixedPoint - 0.00143 (ms)
[2026-05-28 19:46:59,980] qiskit.passmanager.base_tasks - INFO - Pass: RemoveIdentityEquivalent - 0.00238 (ms)
[2026-05-28 19:46:59,980] qiskit.passmanager.base_tasks - INFO - Pass: Optimize1qGatesDecomposition - 0.01287 (ms)
[2026-05-28 19:46:59,980] qiskit.passmanager.base_tasks - INFO - Pass: CommutativeCancellation - 0.01264 (ms)
[2026-05-28 19:46:59,980] qiskit.passmanager.base_tasks - INFO - Pass: ContractIdleWiresInControlFlow - 0.00095 (ms)
[2026-05-28 19:46:59,980] qiskit.passmanager.base_tasks - INFO - Pass: GatesInBasis - 0.00167 (ms)
[2026-05-28 19:46:59,980] qiskit.passmanager.base_tasks - INFO - Pass: Size - 0.00072 (ms)
[2026-05-28 19:46:59,980] qiskit.passmanager.base_tasks - INFO - Pass: Depth - 0.00358 (ms)
[2026-05-28 19:46:59,980] qiskit.passmanager.base_tasks - INFO - Pass: FixedPoint - 0.00167 (ms)
[2026-05-28 19:46:59,980] qiskit.passmanager.base_tasks - INFO - Pass: FixedPoint - 0.00119 (ms)
[2026-05-28 19:46:59,980] qiskit.passmanager.base_tasks - INFO - Pass: ContainsInstruction - 0.00215 (ms)
[2026-05-28 19:46:59,980] qiskit.compiler.transpiler - INFO - Total Transpile Time - 6.85048 (ms)
[2026-05-28 19:47:23,774] qiskit.passmanager.base_tasks - INFO - Pass: ContainsInstruction - 0.00620 (ms)
[2026-05-28 19:47:23,774] qiskit.passmanager.base_tasks - INFO - Pass: UnitarySynthesis - 0.00381 (ms)
[2026-05-28 19:47:23,775] qiskit.passmanager.base_tasks - INFO - Pass: HighLevelSynthesis - 0.00405 (ms)
[2026-05-28 19:47:23,775] qiskit.passmanager.base_tasks - INFO - Pass: BasisTranslator - 0.01431 (ms)
[2026-05-28 19:47:23,775] qiskit.passmanager.base_tasks - INFO - Pass: ElidePermutations - 0.00501 (ms)
[2026-05-28 19:47:23,775] qiskit.passmanager.base_tasks - INFO - Pass: RemoveDiagonalGatesBeforeMeasure - 0.00620 (ms)
[2026-05-28 19:47:23,775] qiskit.passmanager.base_tasks - INFO - Pass: RemoveIdentityEquivalent - 0.01121 (ms)
[2026-05-28 19:47:23,775] qiskit.passmanager.base_tasks - INFO - Pass: InverseCancellation - 0.01979 (ms)
[2026-05-28 19:47:23,775] qiskit.passmanager.base_tasks - INFO - Pass: ContractIdleWiresInControlFlow - 0.00167 (ms)
[2026-05-28 19:47:23,775] qiskit.passmanager.base_tasks - INFO - Pass: CommutativeCancellation - 0.04792 (ms)
[2026-05-28 19:47:23,775] qiskit.passmanager.base_tasks - INFO - Pass: ConsolidateBlocks - 0.05102 (ms)
[2026-05-28 19:47:23,775] qiskit.passmanager.base_tasks - INFO - Pass: Split2QUnitaries - 0.00238 (ms)
[2026-05-28 19:47:23,775] qiskit.passmanager.base_tasks - INFO - Pass: UnitarySynthesis - 0.00238 (ms)
[2026-05-28 19:47:23,775] qiskit.passmanager.base_tasks - INFO - Pass: HighLevelSynthesis - 0.00548 (ms)
[2026-05-28 19:47:23,775] qiskit.passmanager.base_tasks - INFO - Pass: BasisTranslator - 0.28372 (ms)
[2026-05-28 19:47:23,775] qiskit.passmanager.base_tasks - INFO - Pass: ConsolidateBlocks - 0.05364 (ms)
[2026-05-28 19:47:23,775] qiskit.passmanager.base_tasks - INFO - Pass: UnitarySynthesis - 0.00262 (ms)
[2026-05-28 19:47:23,775] qiskit.passmanager.base_tasks - INFO - Pass: Size - 0.00262 (ms)
[2026-05-28 19:47:23,775] qiskit.passmanager.base_tasks - INFO - Pass: Depth - 0.00644 (ms)
[2026-05-28 19:47:23,775] qiskit.passmanager.base_tasks - INFO - Pass: FixedPoint - 0.00548 (ms)
[2026-05-28 19:47:23,775] qiskit.passmanager.base_tasks - INFO - Pass: FixedPoint - 0.00215 (ms)
[2026-05-28 19:47:23,776] qiskit.passmanager.base_tasks - INFO - Pass: RemoveIdentityEquivalent - 0.00405 (ms)
[2026-05-28 19:47:23,776] qiskit.passmanager.base_tasks - INFO - Pass: Optimize1qGatesDecomposition - 0.02980 (ms)
[2026-05-28 19:47:23,776] qiskit.passmanager.base_tasks - INFO - Pass: CommutativeCancellation - 0.02241 (ms)
[2026-05-28 19:47:23,776] qiskit.passmanager.base_tasks - INFO - Pass: ContractIdleWiresInControlFlow - 0.00143 (ms)
[2026-05-28 19:47:23,776] qiskit.passmanager.base_tasks - INFO - Pass: GatesInBasis - 0.00691 (ms)
[2026-05-28 19:47:23,776] qiskit.passmanager.base_tasks - INFO - Pass: Size - 0.00262 (ms)
[2026-05-28 19:47:23,776] qiskit.passmanager.base_tasks - INFO - Pass: Depth - 0.00477 (ms)
[2026-05-28 19:47:23,776] qiskit.passmanager.base_tasks - INFO - Pass: FixedPoint - 0.00262 (ms)
[2026-05-28 19:47:23,776] qiskit.passmanager.base_tasks - INFO - Pass: FixedPoint - 0.00191 (ms)
[2026-05-28 19:47:23,776] qiskit.passmanager.base_tasks - INFO - Pass: RemoveIdentityEquivalent - 0.00238 (ms)
[2026-05-28 19:47:23,776] qiskit.passmanager.base_tasks - INFO - Pass: Optimize1qGatesDecomposition - 0.01383 (ms)
[2026-05-28 19:47:23,776] qiskit.passmanager.base_tasks - INFO - Pass: CommutativeCancellation - 0.01359 (ms)
[2026-05-28 19:47:23,776] qiskit.passmanager.base_tasks - INFO - Pass: ContractIdleWiresInControlFlow - 0.00095 (ms)
[2026-05-28 19:47:23,776] qiskit.passmanager.base_tasks - INFO - Pass: GatesInBasis - 0.00167 (ms)
[2026-05-28 19:47:23,776] qiskit.passmanager.base_tasks - INFO - Pass: Size - 0.00119 (ms)
[2026-05-28 19:47:23,776] qiskit.passmanager.base_tasks - INFO - Pass: Depth - 0.00381 (ms)
[2026-05-28 19:47:23,776] qiskit.passmanager.base_tasks - INFO - Pass: FixedPoint - 0.00191 (ms)
[2026-05-28 19:47:23,776] qiskit.passmanager.base_tasks - INFO - Pass: FixedPoint - 0.00143 (ms)
[2026-05-28 19:47:23,776] qiskit.passmanager.base_tasks - INFO - Pass: ContainsInstruction - 0.00262 (ms)
[2026-05-28 19:47:23,776] qiskit.compiler.transpiler - INFO - Total Transpile Time - 4.53591 (ms)
[2026-05-28 19:47:43,785] qiskit.passmanager.base_tasks - INFO - Pass: ContainsInstruction - 0.00668 (ms)
[2026-05-28 19:47:43,786] qiskit.passmanager.base_tasks - INFO - Pass: UnitarySynthesis - 0.00453 (ms)
[2026-05-28 19:47:43,786] qiskit.passmanager.base_tasks - INFO - Pass: HighLevelSynthesis - 0.00501 (ms)
[2026-05-28 19:47:43,786] qiskit.passmanager.base_tasks - INFO - Pass: BasisTranslator - 0.01431 (ms)
[2026-05-28 19:47:43,786] qiskit.passmanager.base_tasks - INFO - Pass: ElidePermutations - 0.00501 (ms)
[2026-05-28 19:47:43,786] qiskit.passmanager.base_tasks - INFO - Pass: RemoveDiagonalGatesBeforeMeasure - 0.00572 (ms)
[2026-05-28 19:47:43,786] qiskit.passmanager.base_tasks - INFO - Pass: RemoveIdentityEquivalent - 0.00715 (ms)
[2026-05-28 19:47:43,786] qiskit.passmanager.base_tasks - INFO - Pass: InverseCancellation - 0.01144 (ms)
[2026-05-28 19:47:43,786] qiskit.passmanager.base_tasks - INFO - Pass: ContractIdleWiresInControlFlow - 0.00167 (ms)
[2026-05-28 19:47:43,786] qiskit.passmanager.base_tasks - INFO - Pass: CommutativeCancellation - 0.02480 (ms)
[2026-05-28 19:47:43,786] qiskit.passmanager.base_tasks - INFO - Pass: ConsolidateBlocks - 0.04292 (ms)
[2026-05-28 19:47:43,786] qiskit.passmanager.base_tasks - INFO - Pass: Split2QUnitaries - 0.00262 (ms)
[2026-05-28 19:47:43,786] qiskit.passmanager.base_tasks - INFO - Pass: UnitarySynthesis - 0.00286 (ms)
[2026-05-28 19:47:43,786] qiskit.passmanager.base_tasks - INFO - Pass: HighLevelSynthesis - 0.00548 (ms)
[2026-05-28 19:47:43,786] qiskit.passmanager.base_tasks - INFO - Pass: BasisTranslator - 0.26941 (ms)
[2026-05-28 19:47:43,786] qiskit.passmanager.base_tasks - INFO - Pass: ConsolidateBlocks - 0.05341 (ms)
[2026-05-28 19:47:43,786] qiskit.passmanager.base_tasks - INFO - Pass: UnitarySynthesis - 0.00334 (ms)
[2026-05-28 19:47:43,786] qiskit.passmanager.base_tasks - INFO - Pass: Size - 0.00238 (ms)
[2026-05-28 19:47:43,786] qiskit.passmanager.base_tasks - INFO - Pass: Depth - 0.00644 (ms)
[2026-05-28 19:47:43,786] qiskit.passmanager.base_tasks - INFO - Pass: FixedPoint - 0.00429 (ms)
[2026-05-28 19:47:43,786] qiskit.passmanager.base_tasks - INFO - Pass: FixedPoint - 0.00167 (ms)
[2026-05-28 19:47:43,787] qiskit.passmanager.base_tasks - INFO - Pass: RemoveIdentityEquivalent - 0.00477 (ms)
[2026-05-28 19:47:43,787] qiskit.passmanager.base_tasks - INFO - Pass: Optimize1qGatesDecomposition - 0.02670 (ms)
[2026-05-28 19:47:43,787] qiskit.passmanager.base_tasks - INFO - Pass: CommutativeCancellation - 0.02766 (ms)
[2026-05-28 19:47:43,787] qiskit.passmanager.base_tasks - INFO - Pass: ContractIdleWiresInControlFlow - 0.00143 (ms)
[2026-05-28 19:47:43,787] qiskit.passmanager.base_tasks - INFO - Pass: GatesInBasis - 0.00358 (ms)
[2026-05-28 19:47:43,787] qiskit.passmanager.base_tasks - INFO - Pass: Size - 0.00143 (ms)
[2026-05-28 19:47:43,787] qiskit.passmanager.base_tasks - INFO - Pass: Depth - 0.00429 (ms)
[2026-05-28 19:47:43,787] qiskit.passmanager.base_tasks - INFO - Pass: FixedPoint - 0.00262 (ms)
[2026-05-28 19:47:43,787] qiskit.passmanager.base_tasks - INFO - Pass: FixedPoint - 0.00143 (ms)
[2026-05-28 19:47:43,787] qiskit.passmanager.base_tasks - INFO - Pass: RemoveIdentityEquivalent - 0.00262 (ms)
[2026-05-28 19:47:43,787] qiskit.passmanager.base_tasks - INFO - Pass: Optimize1qGatesDecomposition - 0.01478 (ms)
[2026-05-28 19:47:43,787] qiskit.passmanager.base_tasks - INFO - Pass: CommutativeCancellation - 0.01431 (ms)
[2026-05-28 19:47:43,787] qiskit.passmanager.base_tasks - INFO - Pass: ContractIdleWiresInControlFlow - 0.00119 (ms)
[2026-05-28 19:47:43,787] qiskit.passmanager.base_tasks - INFO - Pass: GatesInBasis - 0.00262 (ms)
[2026-05-28 19:47:43,787] qiskit.passmanager.base_tasks - INFO - Pass: Size - 0.00095 (ms)
[2026-05-28 19:47:43,787] qiskit.passmanager.base_tasks - INFO - Pass: Depth - 0.00405 (ms)
[2026-05-28 19:47:43,787] qiskit.passmanager.base_tasks - INFO - Pass: FixedPoint - 0.00191 (ms)
[2026-05-28 19:47:43,787] qiskit.passmanager.base_tasks - INFO - Pass: FixedPoint - 0.00191 (ms)
[2026-05-28 19:47:43,787] qiskit.passmanager.base_tasks - INFO - Pass: ContainsInstruction - 0.00334 (ms)
[2026-05-28 19:47:43,787] qiskit.compiler.transpiler - INFO - Total Transpile Time - 5.38039 (ms)
[2026-05-28 19:48:05,956] qiskit.passmanager.base_tasks - INFO - Pass: ContainsInstruction - 0.00501 (ms)
[2026-05-28 19:48:05,956] qiskit.passmanager.base_tasks - INFO - Pass: UnitarySynthesis - 0.00405 (ms)
[2026-05-28 19:48:05,956] qiskit.passmanager.base_tasks - INFO - Pass: HighLevelSynthesis - 0.00334 (ms)
[2026-05-28 19:48:05,956] qiskit.passmanager.base_tasks - INFO - Pass: BasisTranslator - 0.01359 (ms)
[2026-05-28 19:48:05,956] qiskit.passmanager.base_tasks - INFO - Pass: ElidePermutations - 0.00358 (ms)
[2026-05-28 19:48:05,956] qiskit.passmanager.base_tasks - INFO - Pass: RemoveDiagonalGatesBeforeMeasure - 0.00477 (ms)
[2026-05-28 19:48:05,956] qiskit.passmanager.base_tasks - INFO - Pass: RemoveIdentityEquivalent - 0.00811 (ms)
[2026-05-28 19:48:05,956] qiskit.passmanager.base_tasks - INFO - Pass: InverseCancellation - 0.00954 (ms)
[2026-05-28 19:48:05,957] qiskit.passmanager.base_tasks - INFO - Pass: ContractIdleWiresInControlFlow - 0.00119 (ms)
[2026-05-28 19:48:05,957] qiskit.passmanager.base_tasks - INFO - Pass: CommutativeCancellation - 0.01907 (ms)
[2026-05-28 19:48:05,957] qiskit.passmanager.base_tasks - INFO - Pass: ConsolidateBlocks - 0.03862 (ms)
[2026-05-28 19:48:05,957] qiskit.passmanager.base_tasks - INFO - Pass: Split2QUnitaries - 0.00215 (ms)
[2026-05-28 19:48:05,957] qiskit.passmanager.base_tasks - INFO - Pass: UnitarySynthesis - 0.00215 (ms)
[2026-05-28 19:48:05,957] qiskit.passmanager.base_tasks - INFO - Pass: HighLevelSynthesis - 0.00381 (ms)
[2026-05-28 19:48:05,957] qiskit.passmanager.base_tasks - INFO - Pass: BasisTranslator - 0.23079 (ms)
[2026-05-28 19:48:05,957] qiskit.passmanager.base_tasks - INFO - Pass: ConsolidateBlocks - 0.04935 (ms)
[2026-05-28 19:48:05,957] qiskit.passmanager.base_tasks - INFO - Pass: UnitarySynthesis - 0.00286 (ms)
[2026-05-28 19:48:05,957] qiskit.passmanager.base_tasks - INFO - Pass: Size - 0.00191 (ms)
[2026-05-28 19:48:05,957] qiskit.passmanager.base_tasks - INFO - Pass: Depth - 0.00572 (ms)
[2026-05-28 19:48:05,957] qiskit.passmanager.base_tasks - INFO - Pass: FixedPoint - 0.00477 (ms)
[2026-05-28 19:48:05,957] qiskit.passmanager.base_tasks - INFO - Pass: FixedPoint - 0.00167 (ms)
[2026-05-28 19:48:05,957] qiskit.passmanager.base_tasks - INFO - Pass: RemoveIdentityEquivalent - 0.00405 (ms)
[2026-05-28 19:48:05,957] qiskit.passmanager.base_tasks - INFO - Pass: Optimize1qGatesDecomposition - 0.02360 (ms)
[2026-05-28 19:48:05,957] qiskit.passmanager.base_tasks - INFO - Pass: CommutativeCancellation - 0.01764 (ms)
[2026-05-28 19:48:05,957] qiskit.passmanager.base_tasks - INFO - Pass: ContractIdleWiresInControlFlow - 0.00119 (ms)
[2026-05-28 19:48:05,957] qiskit.passmanager.base_tasks - INFO - Pass: GatesInBasis - 0.00381 (ms)
[2026-05-28 19:48:05,957] qiskit.passmanager.base_tasks - INFO - Pass: Size - 0.00095 (ms)
[2026-05-28 19:48:05,957] qiskit.passmanager.base_tasks - INFO - Pass: Depth - 0.00429 (ms)
[2026-05-28 19:48:05,957] qiskit.passmanager.base_tasks - INFO - Pass: FixedPoint - 0.00191 (ms)
[2026-05-28 19:48:05,957] qiskit.passmanager.base_tasks - INFO - Pass: FixedPoint - 0.00143 (ms)
[2026-05-28 19:48:05,957] qiskit.passmanager.base_tasks - INFO - Pass: RemoveIdentityEquivalent - 0.00215 (ms)
[2026-05-28 19:48:05,957] qiskit.passmanager.base_tasks - INFO - Pass: Optimize1qGatesDecomposition - 0.01264 (ms)
[2026-05-28 19:48:05,957] qiskit.passmanager.base_tasks - INFO - Pass: CommutativeCancellation - 0.01383 (ms)
[2026-05-28 19:48:05,957] qiskit.passmanager.base_tasks - INFO - Pass: ContractIdleWiresInControlFlow - 0.00072 (ms)
[2026-05-28 19:48:05,957] qiskit.passmanager.base_tasks - INFO - Pass: GatesInBasis - 0.00167 (ms)
[2026-05-28 19:48:05,957] qiskit.passmanager.base_tasks - INFO - Pass: Size - 0.00143 (ms)
[2026-05-28 19:48:05,958] qiskit.passmanager.base_tasks - INFO - Pass: Depth - 0.00358 (ms)
[2026-05-28 19:48:05,958] qiskit.passmanager.base_tasks - INFO - Pass: FixedPoint - 0.00191 (ms)
[2026-05-28 19:48:05,958] qiskit.passmanager.base_tasks - INFO - Pass: FixedPoint - 0.00167 (ms)
[2026-05-28 19:48:05,958] qiskit.passmanager.base_tasks - INFO - Pass: ContainsInstruction - 0.00286 (ms)
[2026-05-28 19:48:05,958] qiskit.compiler.transpiler - INFO - Total Transpile Time - 4.13918 (ms)
[2026-05-28 19:48:29,915] qiskit.passmanager.base_tasks - INFO - Pass: ContainsInstruction - 0.00548 (ms)
[2026-05-28 19:48:29,915] qiskit.passmanager.base_tasks - INFO - Pass: UnitarySynthesis - 0.00405 (ms)
[2026-05-28 19:48:29,915] qiskit.passmanager.base_tasks - INFO - Pass: HighLevelSynthesis - 0.00405 (ms)
[2026-05-28 19:48:29,915] qiskit.passmanager.base_tasks - INFO - Pass: BasisTranslator - 0.01216 (ms)
[2026-05-28 19:48:29,915] qiskit.passmanager.base_tasks - INFO - Pass: ElidePermutations - 0.00310 (ms)
[2026-05-28 19:48:29,915] qiskit.passmanager.base_tasks - INFO - Pass: RemoveDiagonalGatesBeforeMeasure - 0.00381 (ms)
[2026-05-28 19:48:29,915] qiskit.passmanager.base_tasks - INFO - Pass: RemoveIdentityEquivalent - 0.00644 (ms)
[2026-05-28 19:48:29,915] qiskit.passmanager.base_tasks - INFO - Pass: InverseCancellation - 0.01073 (ms)
[2026-05-28 19:48:29,915] qiskit.passmanager.base_tasks - INFO - Pass: ContractIdleWiresInControlFlow - 0.00143 (ms)
[2026-05-28 19:48:29,915] qiskit.passmanager.base_tasks - INFO - Pass: CommutativeCancellation - 0.02766 (ms)
[2026-05-28 19:48:29,915] qiskit.passmanager.base_tasks - INFO - Pass: ConsolidateBlocks - 0.04482 (ms)
[2026-05-28 19:48:29,915] qiskit.passmanager.base_tasks - INFO - Pass: Split2QUnitaries - 0.00238 (ms)
[2026-05-28 19:48:29,915] qiskit.passmanager.base_tasks - INFO - Pass: UnitarySynthesis - 0.00238 (ms)
[2026-05-28 19:48:29,915] qiskit.passmanager.base_tasks - INFO - Pass: HighLevelSynthesis - 0.00525 (ms)
[2026-05-28 19:48:29,915] qiskit.passmanager.base_tasks - INFO - Pass: BasisTranslator - 0.26798 (ms)
[2026-05-28 19:48:29,916] qiskit.passmanager.base_tasks - INFO - Pass: ConsolidateBlocks - 0.05436 (ms)
[2026-05-28 19:48:29,916] qiskit.passmanager.base_tasks - INFO - Pass: UnitarySynthesis - 0.09823 (ms)
[2026-05-28 19:48:29,916] qiskit.passmanager.base_tasks - INFO - Pass: Size - 0.00262 (ms)
[2026-05-28 19:48:29,916] qiskit.passmanager.base_tasks - INFO - Pass: Depth - 0.00668 (ms)
[2026-05-28 19:48:29,916] qiskit.passmanager.base_tasks - INFO - Pass: FixedPoint - 0.00525 (ms)
[2026-05-28 19:48:29,916] qiskit.passmanager.base_tasks - INFO - Pass: FixedPoint - 0.00143 (ms)
[2026-05-28 19:48:29,916] qiskit.passmanager.base_tasks - INFO - Pass: RemoveIdentityEquivalent - 0.00501 (ms)
[2026-05-28 19:48:29,916] qiskit.passmanager.base_tasks - INFO - Pass: Optimize1qGatesDecomposition - 0.02408 (ms)
[2026-05-28 19:48:29,916] qiskit.passmanager.base_tasks - INFO - Pass: CommutativeCancellation - 0.01860 (ms)
[2026-05-28 19:48:29,916] qiskit.passmanager.base_tasks - INFO - Pass: ContractIdleWiresInControlFlow - 0.00143 (ms)
[2026-05-28 19:48:29,916] qiskit.passmanager.base_tasks - INFO - Pass: GatesInBasis - 0.00358 (ms)
[2026-05-28 19:48:29,916] qiskit.passmanager.base_tasks - INFO - Pass: Size - 0.00095 (ms)
[2026-05-28 19:48:29,916] qiskit.passmanager.base_tasks - INFO - Pass: Depth - 0.00429 (ms)
[2026-05-28 19:48:29,916] qiskit.passmanager.base_tasks - INFO - Pass: FixedPoint - 0.00215 (ms)
[2026-05-28 19:48:29,916] qiskit.passmanager.base_tasks - INFO - Pass: FixedPoint - 0.00095 (ms)
[2026-05-28 19:48:29,916] qiskit.passmanager.base_tasks - INFO - Pass: RemoveIdentityEquivalent - 0.00238 (ms)
[2026-05-28 19:48:29,916] qiskit.passmanager.base_tasks - INFO - Pass: Optimize1qGatesDecomposition - 0.01287 (ms)
[2026-05-28 19:48:29,916] qiskit.passmanager.base_tasks - INFO - Pass: CommutativeCancellation - 0.01240 (ms)
[2026-05-28 19:48:29,916] qiskit.passmanager.base_tasks - INFO - Pass: ContractIdleWiresInControlFlow - 0.00095 (ms)
[2026-05-28 19:48:29,916] qiskit.passmanager.base_tasks - INFO - Pass: GatesInBasis - 0.00167 (ms)
[2026-05-28 19:48:29,916] qiskit.passmanager.base_tasks - INFO - Pass: Size - 0.00072 (ms)
[2026-05-28 19:48:29,916] qiskit.passmanager.base_tasks - INFO - Pass: Depth - 0.00334 (ms)
[2026-05-28 19:48:29,916] qiskit.passmanager.base_tasks - INFO - Pass: FixedPoint - 0.00143 (ms)
[2026-05-28 19:48:29,916] qiskit.passmanager.base_tasks - INFO - Pass: FixedPoint - 0.00095 (ms)
[2026-05-28 19:48:29,916] qiskit.passmanager.base_tasks - INFO - Pass: ContainsInstruction - 0.00215 (ms)
[2026-05-28 19:48:29,916] qiskit.compiler.transpiler - INFO - Total Transpile Time - 8.88467 (ms)
[2026-05-28 19:48:49,980] qiskit.passmanager.base_tasks - INFO - Pass: ContainsInstruction - 0.00978 (ms)
[2026-05-28 19:48:49,980] qiskit.passmanager.base_tasks - INFO - Pass: UnitarySynthesis - 0.00596 (ms)
[2026-05-28 19:48:49,980] qiskit.passmanager.base_tasks - INFO - Pass: HighLevelSynthesis - 0.00525 (ms)
[2026-05-28 19:48:49,980] qiskit.passmanager.base_tasks - INFO - Pass: BasisTranslator - 0.01860 (ms)
[2026-05-28 19:48:49,980] qiskit.passmanager.base_tasks - INFO - Pass: ElidePermutations - 0.00572 (ms)
[2026-05-28 19:48:49,980] qiskit.passmanager.base_tasks - INFO - Pass: RemoveDiagonalGatesBeforeMeasure - 0.00715 (ms)
[2026-05-28 19:48:49,980] qiskit.passmanager.base_tasks - INFO - Pass: RemoveIdentityEquivalent - 0.01121 (ms)
[2026-05-28 19:48:49,981] qiskit.passmanager.base_tasks - INFO - Pass: InverseCancellation - 0.01264 (ms)
[2026-05-28 19:48:49,981] qiskit.passmanager.base_tasks - INFO - Pass: ContractIdleWiresInControlFlow - 0.00191 (ms)
[2026-05-28 19:48:49,981] qiskit.passmanager.base_tasks - INFO - Pass: CommutativeCancellation - 0.02837 (ms)
[2026-05-28 19:48:49,981] qiskit.passmanager.base_tasks - INFO - Pass: ConsolidateBlocks - 0.05293 (ms)
[2026-05-28 19:48:49,981] qiskit.passmanager.base_tasks - INFO - Pass: Split2QUnitaries - 0.00215 (ms)
[2026-05-28 19:48:49,981] qiskit.passmanager.base_tasks - INFO - Pass: UnitarySynthesis - 0.00453 (ms)
[2026-05-28 19:48:49,981] qiskit.passmanager.base_tasks - INFO - Pass: HighLevelSynthesis - 0.00596 (ms)
[2026-05-28 19:48:49,981] qiskit.passmanager.base_tasks - INFO - Pass: BasisTranslator - 0.35644 (ms)
[2026-05-28 19:48:49,981] qiskit.passmanager.base_tasks - INFO - Pass: ConsolidateBlocks - 0.06175 (ms)
[2026-05-28 19:48:49,981] qiskit.passmanager.base_tasks - INFO - Pass: UnitarySynthesis - 0.00286 (ms)
[2026-05-28 19:48:49,981] qiskit.passmanager.base_tasks - INFO - Pass: Size - 0.00215 (ms)
[2026-05-28 19:48:49,981] qiskit.passmanager.base_tasks - INFO - Pass: Depth - 0.00763 (ms)
[2026-05-28 19:48:49,981] qiskit.passmanager.base_tasks - INFO - Pass: FixedPoint - 0.00596 (ms)
[2026-05-28 19:48:49,981] qiskit.passmanager.base_tasks - INFO - Pass: FixedPoint - 0.00143 (ms)
[2026-05-28 19:48:49,981] qiskit.passmanager.base_tasks - INFO - Pass: RemoveIdentityEquivalent - 0.00453 (ms)
[2026-05-28 19:48:49,981] qiskit.passmanager.base_tasks - INFO - Pass: Optimize1qGatesDecomposition - 0.02956 (ms)
[2026-05-28 19:48:49,981] qiskit.passmanager.base_tasks - INFO - Pass: CommutativeCancellation - 0.01931 (ms)
[2026-05-28 19:48:49,981] qiskit.passmanager.base_tasks - INFO - Pass: ContractIdleWiresInControlFlow - 0.00119 (ms)
[2026-05-28 19:48:49,982] qiskit.passmanager.base_tasks - INFO - Pass: GatesInBasis - 0.00477 (ms)
[2026-05-28 19:48:49,982] qiskit.passmanager.base_tasks - INFO - Pass: Size - 0.00143 (ms)
[2026-05-28 19:48:49,982] qiskit.passmanager.base_tasks - INFO - Pass: Depth - 0.00501 (ms)
[2026-05-28 19:48:49,982] qiskit.passmanager.base_tasks - INFO - Pass: FixedPoint - 0.00215 (ms)
[2026-05-28 19:48:49,982] qiskit.passmanager.base_tasks - INFO - Pass: FixedPoint - 0.00119 (ms)
[2026-05-28 19:48:49,982] qiskit.passmanager.base_tasks - INFO - Pass: RemoveIdentityEquivalent - 0.00238 (ms)
[2026-05-28 19:48:49,982] qiskit.passmanager.base_tasks - INFO - Pass: Optimize1qGatesDecomposition - 0.01454 (ms)
[2026-05-28 19:48:49,982] qiskit.passmanager.base_tasks - INFO - Pass: CommutativeCancellation - 0.01454 (ms)
[2026-05-28 19:48:49,982] qiskit.passmanager.base_tasks - INFO - Pass: ContractIdleWiresInControlFlow - 0.00095 (ms)
[2026-05-28 19:48:49,982] qiskit.passmanager.base_tasks - INFO - Pass: GatesInBasis - 0.00191 (ms)
[2026-05-28 19:48:49,982] qiskit.passmanager.base_tasks - INFO - Pass: Size - 0.00119 (ms)
[2026-05-28 19:48:49,982] qiskit.passmanager.base_tasks - INFO - Pass: Depth - 0.00405 (ms)
[2026-05-28 19:48:49,982] qiskit.passmanager.base_tasks - INFO - Pass: FixedPoint - 0.00167 (ms)
[2026-05-28 19:48:49,982] qiskit.passmanager.base_tasks - INFO - Pass: FixedPoint - 0.00119 (ms)
[2026-05-28 19:48:49,982] qiskit.passmanager.base_tasks - INFO - Pass: ContainsInstruction - 0.00310 (ms)
[2026-05-28 19:48:49,982] qiskit.compiler.transpiler - INFO - Total Transpile Time - 6.22511 (ms)
[2026-05-28 19:49:12,090] qiskit.passmanager.base_tasks - INFO - Pass: ContainsInstruction - 0.00644 (ms)
[2026-05-28 19:49:12,090] qiskit.passmanager.base_tasks - INFO - Pass: UnitarySynthesis - 0.00453 (ms)
[2026-05-28 19:49:12,090] qiskit.passmanager.base_tasks - INFO - Pass: HighLevelSynthesis - 0.00453 (ms)
[2026-05-28 19:49:12,090] qiskit.passmanager.base_tasks - INFO - Pass: BasisTranslator - 0.01454 (ms)
[2026-05-28 19:49:12,090] qiskit.passmanager.base_tasks - INFO - Pass: ElidePermutations - 0.00381 (ms)
[2026-05-28 19:49:12,090] qiskit.passmanager.base_tasks - INFO - Pass: RemoveDiagonalGatesBeforeMeasure - 0.00501 (ms)
[2026-05-28 19:49:12,090] qiskit.passmanager.base_tasks - INFO - Pass: RemoveIdentityEquivalent - 0.01669 (ms)
[2026-05-28 19:49:12,090] qiskit.passmanager.base_tasks - INFO - Pass: InverseCancellation - 0.01144 (ms)
[2026-05-28 19:49:12,090] qiskit.passmanager.base_tasks - INFO - Pass: ContractIdleWiresInControlFlow - 0.00119 (ms)
[2026-05-28 19:49:12,090] qiskit.passmanager.base_tasks - INFO - Pass: CommutativeCancellation - 0.02623 (ms)
[2026-05-28 19:49:12,090] qiskit.passmanager.base_tasks - INFO - Pass: ConsolidateBlocks - 0.04768 (ms)
[2026-05-28 19:49:12,090] qiskit.passmanager.base_tasks - INFO - Pass: Split2QUnitaries - 0.00191 (ms)
[2026-05-28 19:49:12,090] qiskit.passmanager.base_tasks - INFO - Pass: UnitarySynthesis - 0.00262 (ms)
[2026-05-28 19:49:12,090] qiskit.passmanager.base_tasks - INFO - Pass: HighLevelSynthesis - 0.00691 (ms)
[2026-05-28 19:49:12,091] qiskit.passmanager.base_tasks - INFO - Pass: BasisTranslator - 0.28038 (ms)
[2026-05-28 19:49:12,091] qiskit.passmanager.base_tasks - INFO - Pass: ConsolidateBlocks - 0.05293 (ms)
[2026-05-28 19:49:12,091] qiskit.passmanager.base_tasks - INFO - Pass: UnitarySynthesis - 0.00238 (ms)
[2026-05-28 19:49:12,091] qiskit.passmanager.base_tasks - INFO - Pass: Size - 0.00215 (ms)
[2026-05-28 19:49:12,091] qiskit.passmanager.base_tasks - INFO - Pass: Depth - 0.00739 (ms)
[2026-05-28 19:49:12,091] qiskit.passmanager.base_tasks - INFO - Pass: FixedPoint - 0.00429 (ms)
[2026-05-28 19:49:12,091] qiskit.passmanager.base_tasks - INFO - Pass: FixedPoint - 0.00119 (ms)
[2026-05-28 19:49:12,091] qiskit.passmanager.base_tasks - INFO - Pass: RemoveIdentityEquivalent - 0.00787 (ms)
[2026-05-28 19:49:12,091] qiskit.passmanager.base_tasks - INFO - Pass: Optimize1qGatesDecomposition - 0.02980 (ms)
[2026-05-28 19:49:12,091] qiskit.passmanager.base_tasks - INFO - Pass: CommutativeCancellation - 0.01907 (ms)
[2026-05-28 19:49:12,091] qiskit.passmanager.base_tasks - INFO - Pass: ContractIdleWiresInControlFlow - 0.00167 (ms)
[2026-05-28 19:49:12,091] qiskit.passmanager.base_tasks - INFO - Pass: GatesInBasis - 0.00429 (ms)
[2026-05-28 19:49:12,091] qiskit.passmanager.base_tasks - INFO - Pass: Size - 0.00143 (ms)
[2026-05-28 19:49:12,091] qiskit.passmanager.base_tasks - INFO - Pass: Depth - 0.00453 (ms)
[2026-05-28 19:49:12,091] qiskit.passmanager.base_tasks - INFO - Pass: FixedPoint - 0.00238 (ms)
[2026-05-28 19:49:12,091] qiskit.passmanager.base_tasks - INFO - Pass: FixedPoint - 0.00191 (ms)
[2026-05-28 19:49:12,091] qiskit.passmanager.base_tasks - INFO - Pass: RemoveIdentityEquivalent - 0.00238 (ms)
[2026-05-28 19:49:12,091] qiskit.passmanager.base_tasks - INFO - Pass: Optimize1qGatesDecomposition - 0.01335 (ms)
[2026-05-28 19:49:12,091] qiskit.passmanager.base_tasks - INFO - Pass: CommutativeCancellation - 0.01335 (ms)
[2026-05-28 19:49:12,091] qiskit.passmanager.base_tasks - INFO - Pass: ContractIdleWiresInControlFlow - 0.00095 (ms)
[2026-05-28 19:49:12,091] qiskit.passmanager.base_tasks - INFO - Pass: GatesInBasis - 0.00191 (ms)
[2026-05-28 19:49:12,091] qiskit.passmanager.base_tasks - INFO - Pass: Size - 0.00143 (ms)
[2026-05-28 19:49:12,091] qiskit.passmanager.base_tasks - INFO - Pass: Depth - 0.00381 (ms)
[2026-05-28 19:49:12,091] qiskit.passmanager.base_tasks - INFO - Pass: FixedPoint - 0.00191 (ms)
[2026-05-28 19:49:12,091] qiskit.passmanager.base_tasks - INFO - Pass: FixedPoint - 0.00191 (ms)
[2026-05-28 19:49:12,091] qiskit.passmanager.base_tasks - INFO - Pass: ContainsInstruction - 0.00310 (ms)
[2026-05-28 19:49:12,092] qiskit.compiler.transpiler - INFO - Total Transpile Time - 4.83608 (ms)
[2026-05-28 19:49:32,210] qiskit.passmanager.base_tasks - INFO - Pass: ContainsInstruction - 0.01979 (ms)
[2026-05-28 19:49:32,210] qiskit.passmanager.base_tasks - INFO - Pass: UnitarySynthesis - 0.00429 (ms)
[2026-05-28 19:49:32,210] qiskit.passmanager.base_tasks - INFO - Pass: HighLevelSynthesis - 0.01264 (ms)
[2026-05-28 19:49:32,210] qiskit.passmanager.base_tasks - INFO - Pass: BasisTranslator - 0.02193 (ms)
[2026-05-28 19:49:32,210] qiskit.passmanager.base_tasks - INFO - Pass: ElidePermutations - 0.00596 (ms)
[2026-05-28 19:49:32,210] qiskit.passmanager.base_tasks - INFO - Pass: RemoveDiagonalGatesBeforeMeasure - 0.00477 (ms)
[2026-05-28 19:49:32,210] qiskit.passmanager.base_tasks - INFO - Pass: RemoveIdentityEquivalent - 0.00715 (ms)
[2026-05-28 19:49:32,210] qiskit.passmanager.base_tasks - INFO - Pass: InverseCancellation - 0.05794 (ms)
[2026-05-28 19:49:32,210] qiskit.passmanager.base_tasks - INFO - Pass: ContractIdleWiresInControlFlow - 0.00262 (ms)
[2026-05-28 19:49:32,210] qiskit.passmanager.base_tasks - INFO - Pass: CommutativeCancellation - 0.04673 (ms)
[2026-05-28 19:49:32,211] qiskit.passmanager.base_tasks - INFO - Pass: ConsolidateBlocks - 0.06127 (ms)
[2026-05-28 19:49:32,211] qiskit.passmanager.base_tasks - INFO - Pass: Split2QUnitaries - 0.00262 (ms)
[2026-05-28 19:49:32,211] qiskit.passmanager.base_tasks - INFO - Pass: UnitarySynthesis - 0.00358 (ms)
[2026-05-28 19:49:32,211] qiskit.passmanager.base_tasks - INFO - Pass: HighLevelSynthesis - 0.00525 (ms)
[2026-05-28 19:49:32,211] qiskit.passmanager.base_tasks - INFO - Pass: BasisTranslator - 0.31996 (ms)
[2026-05-28 19:49:32,211] qiskit.passmanager.base_tasks - INFO - Pass: ConsolidateBlocks - 0.05507 (ms)
[2026-05-28 19:49:32,211] qiskit.passmanager.base_tasks - INFO - Pass: UnitarySynthesis - 0.00262 (ms)
[2026-05-28 19:49:32,211] qiskit.passmanager.base_tasks - INFO - Pass: Size - 0.01168 (ms)
[2026-05-28 19:49:32,211] qiskit.passmanager.base_tasks - INFO - Pass: Depth - 0.00620 (ms)
[2026-05-28 19:49:32,211] qiskit.passmanager.base_tasks - INFO - Pass: FixedPoint - 0.00477 (ms)
[2026-05-28 19:49:32,211] qiskit.passmanager.base_tasks - INFO - Pass: FixedPoint - 0.00191 (ms)
[2026-05-28 19:49:32,211] qiskit.passmanager.base_tasks - INFO - Pass: RemoveIdentityEquivalent - 0.00501 (ms)
[2026-05-28 19:49:32,211] qiskit.passmanager.base_tasks - INFO - Pass: Optimize1qGatesDecomposition - 0.03672 (ms)
[2026-05-28 19:49:32,211] qiskit.passmanager.base_tasks - INFO - Pass: CommutativeCancellation - 0.01884 (ms)
[2026-05-28 19:49:32,211] qiskit.passmanager.base_tasks - INFO - Pass: ContractIdleWiresInControlFlow - 0.00095 (ms)
[2026-05-28 19:49:32,211] qiskit.passmanager.base_tasks - INFO - Pass: GatesInBasis - 0.00334 (ms)
[2026-05-28 19:49:32,211] qiskit.passmanager.base_tasks - INFO - Pass: Size - 0.00119 (ms)
[2026-05-28 19:49:32,211] qiskit.passmanager.base_tasks - INFO - Pass: Depth - 0.00453 (ms)
[2026-05-28 19:49:32,211] qiskit.passmanager.base_tasks - INFO - Pass: FixedPoint - 0.00215 (ms)
[2026-05-28 19:49:32,211] qiskit.passmanager.base_tasks - INFO - Pass: FixedPoint - 0.00143 (ms)
[2026-05-28 19:49:32,211] qiskit.passmanager.base_tasks - INFO - Pass: RemoveIdentityEquivalent - 0.00238 (ms)
[2026-05-28 19:49:32,211] qiskit.passmanager.base_tasks - INFO - Pass: Optimize1qGatesDecomposition - 0.01359 (ms)
[2026-05-28 19:49:32,211] qiskit.passmanager.base_tasks - INFO - Pass: CommutativeCancellation - 0.01383 (ms)
[2026-05-28 19:49:32,212] qiskit.passmanager.base_tasks - INFO - Pass: ContractIdleWiresInControlFlow - 0.00119 (ms)
[2026-05-28 19:49:32,212] qiskit.passmanager.base_tasks - INFO - Pass: GatesInBasis - 0.00191 (ms)
[2026-05-28 19:49:32,212] qiskit.passmanager.base_tasks - INFO - Pass: Size - 0.00119 (ms)
[2026-05-28 19:49:32,212] qiskit.passmanager.base_tasks - INFO - Pass: Depth - 0.00405 (ms)
[2026-05-28 19:49:32,212] qiskit.passmanager.base_tasks - INFO - Pass: FixedPoint - 0.00238 (ms)
[2026-05-28 19:49:32,212] qiskit.passmanager.base_tasks - INFO - Pass: FixedPoint - 0.00143 (ms)
[2026-05-28 19:49:32,212] qiskit.passmanager.base_tasks - INFO - Pass: ContainsInstruction - 0.00286 (ms)
[2026-05-28 19:49:32,212] qiskit.compiler.transpiler - INFO - Total Transpile Time - 4.99058 (ms)
[2026-05-28 19:49:54,744] qiskit.passmanager.base_tasks - INFO - Pass: ContainsInstruction - 0.01407 (ms)
[2026-05-28 19:49:54,744] qiskit.passmanager.base_tasks - INFO - Pass: UnitarySynthesis - 0.00429 (ms)
[2026-05-28 19:49:54,744] qiskit.passmanager.base_tasks - INFO - Pass: HighLevelSynthesis - 0.00381 (ms)
[2026-05-28 19:49:54,744] qiskit.passmanager.base_tasks - INFO - Pass: BasisTranslator - 0.02146 (ms)
[2026-05-28 19:49:54,744] qiskit.passmanager.base_tasks - INFO - Pass: ElidePermutations - 0.00453 (ms)
[2026-05-28 19:49:54,744] qiskit.passmanager.base_tasks - INFO - Pass: RemoveDiagonalGatesBeforeMeasure - 0.00477 (ms)
[2026-05-28 19:49:54,744] qiskit.passmanager.base_tasks - INFO - Pass: RemoveIdentityEquivalent - 0.00691 (ms)
[2026-05-28 19:49:54,744] qiskit.passmanager.base_tasks - INFO - Pass: InverseCancellation - 0.00834 (ms)
[2026-05-28 19:49:54,744] qiskit.passmanager.base_tasks - INFO - Pass: ContractIdleWiresInControlFlow - 0.00119 (ms)
[2026-05-28 19:49:54,744] qiskit.passmanager.base_tasks - INFO - Pass: CommutativeCancellation - 0.09060 (ms)
[2026-05-28 19:49:54,744] qiskit.passmanager.base_tasks - INFO - Pass: ConsolidateBlocks - 0.04578 (ms)
[2026-05-28 19:49:54,744] qiskit.passmanager.base_tasks - INFO - Pass: Split2QUnitaries - 0.00262 (ms)
[2026-05-28 19:49:54,744] qiskit.passmanager.base_tasks - INFO - Pass: UnitarySynthesis - 0.00310 (ms)
[2026-05-28 19:49:54,745] qiskit.passmanager.base_tasks - INFO - Pass: HighLevelSynthesis - 0.00501 (ms)
[2026-05-28 19:49:54,745] qiskit.passmanager.base_tasks - INFO - Pass: BasisTranslator - 0.29206 (ms)
[2026-05-28 19:49:54,745] qiskit.passmanager.base_tasks - INFO - Pass: ConsolidateBlocks - 0.05579 (ms)
[2026-05-28 19:49:54,745] qiskit.passmanager.base_tasks - INFO - Pass: UnitarySynthesis - 0.00262 (ms)
[2026-05-28 19:49:54,745] qiskit.passmanager.base_tasks - INFO - Pass: Size - 0.01121 (ms)
[2026-05-28 19:49:54,745] qiskit.passmanager.base_tasks - INFO - Pass: Depth - 0.00620 (ms)
[2026-05-28 19:49:54,745] qiskit.passmanager.base_tasks - INFO - Pass: FixedPoint - 0.00453 (ms)
[2026-05-28 19:49:54,745] qiskit.passmanager.base_tasks - INFO - Pass: FixedPoint - 0.00191 (ms)
[2026-05-28 19:49:54,745] qiskit.passmanager.base_tasks - INFO - Pass: RemoveIdentityEquivalent - 0.00477 (ms)
[2026-05-28 19:49:54,745] qiskit.passmanager.base_tasks - INFO - Pass: Optimize1qGatesDecomposition - 0.04125 (ms)
[2026-05-28 19:49:54,745] qiskit.passmanager.base_tasks - INFO - Pass: CommutativeCancellation - 0.01955 (ms)
[2026-05-28 19:49:54,745] qiskit.passmanager.base_tasks - INFO - Pass: ContractIdleWiresInControlFlow - 0.00215 (ms)
[2026-05-28 19:49:54,745] qiskit.passmanager.base_tasks - INFO - Pass: GatesInBasis - 0.00334 (ms)
[2026-05-28 19:49:54,745] qiskit.passmanager.base_tasks - INFO - Pass: Size - 0.00119 (ms)
[2026-05-28 19:49:54,745] qiskit.passmanager.base_tasks - INFO - Pass: Depth - 0.00525 (ms)
[2026-05-28 19:49:54,745] qiskit.passmanager.base_tasks - INFO - Pass: FixedPoint - 0.00262 (ms)
[2026-05-28 19:49:54,745] qiskit.passmanager.base_tasks - INFO - Pass: FixedPoint - 0.00191 (ms)
[2026-05-28 19:49:54,745] qiskit.passmanager.base_tasks - INFO - Pass: RemoveIdentityEquivalent - 0.00310 (ms)
[2026-05-28 19:49:54,745] qiskit.passmanager.base_tasks - INFO - Pass: Optimize1qGatesDecomposition - 0.01574 (ms)
[2026-05-28 19:49:54,745] qiskit.passmanager.base_tasks - INFO - Pass: CommutativeCancellation - 0.01645 (ms)
[2026-05-28 19:49:54,746] qiskit.passmanager.base_tasks - INFO - Pass: ContractIdleWiresInControlFlow - 0.00095 (ms)
[2026-05-28 19:49:54,746] qiskit.passmanager.base_tasks - INFO - Pass: GatesInBasis - 0.00191 (ms)
[2026-05-28 19:49:54,746] qiskit.passmanager.base_tasks - INFO - Pass: Size - 0.00167 (ms)
[2026-05-28 19:49:54,746] qiskit.passmanager.base_tasks - INFO - Pass: Depth - 0.00453 (ms)
[2026-05-28 19:49:54,746] qiskit.passmanager.base_tasks - INFO - Pass: FixedPoint - 0.00215 (ms)
[2026-05-28 19:49:54,746] qiskit.passmanager.base_tasks - INFO - Pass: FixedPoint - 0.00191 (ms)
[2026-05-28 19:49:54,746] qiskit.passmanager.base_tasks - INFO - Pass: ContainsInstruction - 0.00262 (ms)
[2026-05-28 19:49:54,746] qiskit.compiler.transpiler - INFO - Total Transpile Time - 4.97317 (ms)
[2026-05-28 19:50:16,745] qiskit.passmanager.base_tasks - INFO - Pass: ContainsInstruction - 0.00453 (ms)
[2026-05-28 19:50:16,745] qiskit.passmanager.base_tasks - INFO - Pass: UnitarySynthesis - 0.00358 (ms)
[2026-05-28 19:50:16,745] qiskit.passmanager.base_tasks - INFO - Pass: HighLevelSynthesis - 0.00381 (ms)
[2026-05-28 19:50:16,745] qiskit.passmanager.base_tasks - INFO - Pass: BasisTranslator - 0.01264 (ms)
[2026-05-28 19:50:16,745] qiskit.passmanager.base_tasks - INFO - Pass: ElidePermutations - 0.00310 (ms)
[2026-05-28 19:50:16,745] qiskit.passmanager.base_tasks - INFO - Pass: RemoveDiagonalGatesBeforeMeasure - 0.00381 (ms)
[2026-05-28 19:50:16,745] qiskit.passmanager.base_tasks - INFO - Pass: RemoveIdentityEquivalent - 0.00644 (ms)
[2026-05-28 19:50:16,745] qiskit.passmanager.base_tasks - INFO - Pass: InverseCancellation - 0.01001 (ms)
[2026-05-28 19:50:16,745] qiskit.passmanager.base_tasks - INFO - Pass: ContractIdleWiresInControlFlow - 0.00143 (ms)
[2026-05-28 19:50:16,745] qiskit.passmanager.base_tasks - INFO - Pass: CommutativeCancellation - 0.02074 (ms)
[2026-05-28 19:50:16,745] qiskit.passmanager.base_tasks - INFO - Pass: ConsolidateBlocks - 0.03743 (ms)
[2026-05-28 19:50:16,745] qiskit.passmanager.base_tasks - INFO - Pass: Split2QUnitaries - 0.00215 (ms)
[2026-05-28 19:50:16,745] qiskit.passmanager.base_tasks - INFO - Pass: UnitarySynthesis - 0.00286 (ms)
[2026-05-28 19:50:16,745] qiskit.passmanager.base_tasks - INFO - Pass: HighLevelSynthesis - 0.00477 (ms)
[2026-05-28 19:50:16,746] qiskit.passmanager.base_tasks - INFO - Pass: BasisTranslator - 0.25892 (ms)
[2026-05-28 19:50:16,746] qiskit.passmanager.base_tasks - INFO - Pass: ConsolidateBlocks - 0.14806 (ms)
[2026-05-28 19:50:16,746] qiskit.passmanager.base_tasks - INFO - Pass: UnitarySynthesis - 0.15283 (ms)
[2026-05-28 19:50:16,746] qiskit.passmanager.base_tasks - INFO - Pass: Size - 0.00238 (ms)
[2026-05-28 19:50:16,746] qiskit.passmanager.base_tasks - INFO - Pass: Depth - 0.00644 (ms)
[2026-05-28 19:50:16,746] qiskit.passmanager.base_tasks - INFO - Pass: FixedPoint - 0.00477 (ms)
[2026-05-28 19:50:16,746] qiskit.passmanager.base_tasks - INFO - Pass: FixedPoint - 0.00215 (ms)
[2026-05-28 19:50:16,746] qiskit.passmanager.base_tasks - INFO - Pass: RemoveIdentityEquivalent - 0.00429 (ms)
[2026-05-28 19:50:16,746] qiskit.passmanager.base_tasks - INFO - Pass: Optimize1qGatesDecomposition - 0.02289 (ms)
[2026-05-28 19:50:16,746] qiskit.passmanager.base_tasks - INFO - Pass: CommutativeCancellation - 0.01693 (ms)
[2026-05-28 19:50:16,746] qiskit.passmanager.base_tasks - INFO - Pass: ContractIdleWiresInControlFlow - 0.00119 (ms)
[2026-05-28 19:50:16,746] qiskit.passmanager.base_tasks - INFO - Pass: GatesInBasis - 0.00310 (ms)
[2026-05-28 19:50:16,746] qiskit.passmanager.base_tasks - INFO - Pass: Size - 0.00095 (ms)
[2026-05-28 19:50:16,746] qiskit.passmanager.base_tasks - INFO - Pass: Depth - 0.00381 (ms)
[2026-05-28 19:50:16,746] qiskit.passmanager.base_tasks - INFO - Pass: FixedPoint - 0.00191 (ms)
[2026-05-28 19:50:16,746] qiskit.passmanager.base_tasks - INFO - Pass: FixedPoint - 0.00143 (ms)
[2026-05-28 19:50:16,746] qiskit.passmanager.base_tasks - INFO - Pass: RemoveIdentityEquivalent - 0.00262 (ms)
[2026-05-28 19:50:16,747] qiskit.passmanager.base_tasks - INFO - Pass: Optimize1qGatesDecomposition - 0.01216 (ms)
[2026-05-28 19:50:16,747] qiskit.passmanager.base_tasks - INFO - Pass: CommutativeCancellation - 0.01168 (ms)
[2026-05-28 19:50:16,747] qiskit.passmanager.base_tasks - INFO - Pass: ContractIdleWiresInControlFlow - 0.00072 (ms)
[2026-05-28 19:50:16,747] qiskit.passmanager.base_tasks - INFO - Pass: GatesInBasis - 0.00167 (ms)
[2026-05-28 19:50:16,747] qiskit.passmanager.base_tasks - INFO - Pass: Size - 0.00095 (ms)
[2026-05-28 19:50:16,747] qiskit.passmanager.base_tasks - INFO - Pass: Depth - 0.00358 (ms)
[2026-05-28 19:50:16,747] qiskit.passmanager.base_tasks - INFO - Pass: FixedPoint - 0.00167 (ms)
[2026-05-28 19:50:16,747] qiskit.passmanager.base_tasks - INFO - Pass: FixedPoint - 0.00191 (ms)
[2026-05-28 19:50:16,747] qiskit.passmanager.base_tasks - INFO - Pass: ContainsInstruction - 0.00238 (ms)
[2026-05-28 19:50:16,747] qiskit.compiler.transpiler - INFO - Total Transpile Time - 4.41432 (ms)
[2026-05-28 19:50:40,462] qiskit.passmanager.base_tasks - INFO - Pass: ContainsInstruction - 0.05913 (ms)
[2026-05-28 19:50:40,462] qiskit.passmanager.base_tasks - INFO - Pass: UnitarySynthesis - 0.00739 (ms)
[2026-05-28 19:50:40,462] qiskit.passmanager.base_tasks - INFO - Pass: HighLevelSynthesis - 0.00763 (ms)
[2026-05-28 19:50:40,462] qiskit.passmanager.base_tasks - INFO - Pass: BasisTranslator - 0.03505 (ms)
[2026-05-28 19:50:40,462] qiskit.passmanager.base_tasks - INFO - Pass: ElidePermutations - 0.00954 (ms)
[2026-05-28 19:50:40,462] qiskit.passmanager.base_tasks - INFO - Pass: RemoveDiagonalGatesBeforeMeasure - 0.00811 (ms)
[2026-05-28 19:50:40,462] qiskit.passmanager.base_tasks - INFO - Pass: RemoveIdentityEquivalent - 0.01812 (ms)
[2026-05-28 19:50:40,462] qiskit.passmanager.base_tasks - INFO - Pass: InverseCancellation - 0.02766 (ms)
[2026-05-28 19:50:40,462] qiskit.passmanager.base_tasks - INFO - Pass: ContractIdleWiresInControlFlow - 0.00286 (ms)
[2026-05-28 19:50:40,462] qiskit.passmanager.base_tasks - INFO - Pass: CommutativeCancellation - 0.04196 (ms)
[2026-05-28 19:50:40,463] qiskit.passmanager.base_tasks - INFO - Pass: ConsolidateBlocks - 0.07081 (ms)
[2026-05-28 19:50:40,463] qiskit.passmanager.base_tasks - INFO - Pass: Split2QUnitaries - 0.00358 (ms)
[2026-05-28 19:50:40,463] qiskit.passmanager.base_tasks - INFO - Pass: UnitarySynthesis - 0.00262 (ms)
[2026-05-28 19:50:40,463] qiskit.passmanager.base_tasks - INFO - Pass: HighLevelSynthesis - 0.00954 (ms)
[2026-05-28 19:50:40,463] qiskit.passmanager.base_tasks - INFO - Pass: BasisTranslator - 0.31853 (ms)
[2026-05-28 19:50:40,463] qiskit.passmanager.base_tasks - INFO - Pass: ConsolidateBlocks - 0.05388 (ms)
[2026-05-28 19:50:40,463] qiskit.passmanager.base_tasks - INFO - Pass: UnitarySynthesis - 0.00262 (ms)
[2026-05-28 19:50:40,463] qiskit.passmanager.base_tasks - INFO - Pass: Size - 0.01216 (ms)
[2026-05-28 19:50:40,463] qiskit.passmanager.base_tasks - INFO - Pass: Depth - 0.00620 (ms)
[2026-05-28 19:50:40,463] qiskit.passmanager.base_tasks - INFO - Pass: FixedPoint - 0.00477 (ms)
[2026-05-28 19:50:40,463] qiskit.passmanager.base_tasks - INFO - Pass: FixedPoint - 0.00119 (ms)
[2026-05-28 19:50:40,463] qiskit.passmanager.base_tasks - INFO - Pass: RemoveIdentityEquivalent - 0.00429 (ms)
[2026-05-28 19:50:40,463] qiskit.passmanager.base_tasks - INFO - Pass: Optimize1qGatesDecomposition - 0.02575 (ms)
[2026-05-28 19:50:40,463] qiskit.passmanager.base_tasks - INFO - Pass: CommutativeCancellation - 0.01717 (ms)
[2026-05-28 19:50:40,463] qiskit.passmanager.base_tasks - INFO - Pass: ContractIdleWiresInControlFlow - 0.00095 (ms)
[2026-05-28 19:50:40,463] qiskit.passmanager.base_tasks - INFO - Pass: GatesInBasis - 0.00334 (ms)
[2026-05-28 19:50:40,463] qiskit.passmanager.base_tasks - INFO - Pass: Size - 0.00143 (ms)
[2026-05-28 19:50:40,463] qiskit.passmanager.base_tasks - INFO - Pass: Depth - 0.00453 (ms)
[2026-05-28 19:50:40,463] qiskit.passmanager.base_tasks - INFO - Pass: FixedPoint - 0.00191 (ms)
[2026-05-28 19:50:40,463] qiskit.passmanager.base_tasks - INFO - Pass: FixedPoint - 0.00167 (ms)
[2026-05-28 19:50:40,463] qiskit.passmanager.base_tasks - INFO - Pass: RemoveIdentityEquivalent - 0.00262 (ms)
[2026-05-28 19:50:40,463] qiskit.passmanager.base_tasks - INFO - Pass: Optimize1qGatesDecomposition - 0.01264 (ms)
[2026-05-28 19:50:40,463] qiskit.passmanager.base_tasks - INFO - Pass: CommutativeCancellation - 0.01192 (ms)
[2026-05-28 19:50:40,463] qiskit.passmanager.base_tasks - INFO - Pass: ContractIdleWiresInControlFlow - 0.00095 (ms)
[2026-05-28 19:50:40,463] qiskit.passmanager.base_tasks - INFO - Pass: GatesInBasis - 0.00167 (ms)
[2026-05-28 19:50:40,463] qiskit.passmanager.base_tasks - INFO - Pass: Size - 0.00143 (ms)
[2026-05-28 19:50:40,463] qiskit.passmanager.base_tasks - INFO - Pass: Depth - 0.00334 (ms)
[2026-05-28 19:50:40,464] qiskit.passmanager.base_tasks - INFO - Pass: FixedPoint - 0.00238 (ms)
[2026-05-28 19:50:40,464] qiskit.passmanager.base_tasks - INFO - Pass: FixedPoint - 0.00119 (ms)
[2026-05-28 19:50:40,464] qiskit.passmanager.base_tasks - INFO - Pass: ContainsInstruction - 0.00215 (ms)
[2026-05-28 19:50:40,464] qiskit.compiler.transpiler - INFO - Total Transpile Time - 4.98796 (ms)
[2026-05-28 19:51:01,826] qiskit.passmanager.base_tasks - INFO - Pass: ContainsInstruction - 0.01359 (ms)
[2026-05-28 19:51:01,826] qiskit.passmanager.base_tasks - INFO - Pass: UnitarySynthesis - 0.00453 (ms)
[2026-05-28 19:51:01,827] qiskit.passmanager.base_tasks - INFO - Pass: HighLevelSynthesis - 0.00405 (ms)
[2026-05-28 19:51:01,827] qiskit.passmanager.base_tasks - INFO - Pass: BasisTranslator - 0.02217 (ms)
[2026-05-28 19:51:01,827] qiskit.passmanager.base_tasks - INFO - Pass: ElidePermutations - 0.00381 (ms)
[2026-05-28 19:51:01,827] qiskit.passmanager.base_tasks - INFO - Pass: RemoveDiagonalGatesBeforeMeasure - 0.00525 (ms)
[2026-05-28 19:51:01,827] qiskit.passmanager.base_tasks - INFO - Pass: RemoveIdentityEquivalent - 0.00668 (ms)
[2026-05-28 19:51:01,827] qiskit.passmanager.base_tasks - INFO - Pass: InverseCancellation - 0.03147 (ms)
[2026-05-28 19:51:01,827] qiskit.passmanager.base_tasks - INFO - Pass: ContractIdleWiresInControlFlow - 0.00191 (ms)
[2026-05-28 19:51:01,827] qiskit.passmanager.base_tasks - INFO - Pass: CommutativeCancellation - 0.03600 (ms)
[2026-05-28 19:51:01,827] qiskit.passmanager.base_tasks - INFO - Pass: ConsolidateBlocks - 0.06533 (ms)
[2026-05-28 19:51:01,827] qiskit.passmanager.base_tasks - INFO - Pass: Split2QUnitaries - 0.00191 (ms)
[2026-05-28 19:51:01,827] qiskit.passmanager.base_tasks - INFO - Pass: UnitarySynthesis - 0.00262 (ms)
[2026-05-28 19:51:01,827] qiskit.passmanager.base_tasks - INFO - Pass: HighLevelSynthesis - 0.00525 (ms)
[2026-05-28 19:51:01,827] qiskit.passmanager.base_tasks - INFO - Pass: BasisTranslator - 0.31114 (ms)
[2026-05-28 19:51:01,827] qiskit.passmanager.base_tasks - INFO - Pass: ConsolidateBlocks - 0.05579 (ms)
[2026-05-28 19:51:01,827] qiskit.passmanager.base_tasks - INFO - Pass: UnitarySynthesis - 0.00286 (ms)
[2026-05-28 19:51:01,827] qiskit.passmanager.base_tasks - INFO - Pass: Size - 0.01144 (ms)
[2026-05-28 19:51:01,827] qiskit.passmanager.base_tasks - INFO - Pass: Depth - 0.00715 (ms)
[2026-05-28 19:51:01,827] qiskit.passmanager.base_tasks - INFO - Pass: FixedPoint - 0.00429 (ms)
[2026-05-28 19:51:01,828] qiskit.passmanager.base_tasks - INFO - Pass: FixedPoint - 0.00215 (ms)
[2026-05-28 19:51:01,828] qiskit.passmanager.base_tasks - INFO - Pass: RemoveIdentityEquivalent - 0.00429 (ms)
[2026-05-28 19:51:01,828] qiskit.passmanager.base_tasks - INFO - Pass: Optimize1qGatesDecomposition - 0.02718 (ms)
[2026-05-28 19:51:01,828] qiskit.passmanager.base_tasks - INFO - Pass: CommutativeCancellation - 0.01860 (ms)
[2026-05-28 19:51:01,828] qiskit.passmanager.base_tasks - INFO - Pass: ContractIdleWiresInControlFlow - 0.00143 (ms)
[2026-05-28 19:51:01,828] qiskit.passmanager.base_tasks - INFO - Pass: GatesInBasis - 0.00381 (ms)
[2026-05-28 19:51:01,828] qiskit.passmanager.base_tasks - INFO - Pass: Size - 0.00095 (ms)
[2026-05-28 19:51:01,828] qiskit.passmanager.base_tasks - INFO - Pass: Depth - 0.00477 (ms)
[2026-05-28 19:51:01,828] qiskit.passmanager.base_tasks - INFO - Pass: FixedPoint - 0.00215 (ms)
[2026-05-28 19:51:01,828] qiskit.passmanager.base_tasks - INFO - Pass: FixedPoint - 0.00167 (ms)
[2026-05-28 19:51:01,828] qiskit.passmanager.base_tasks - INFO - Pass: RemoveIdentityEquivalent - 0.00286 (ms)
[2026-05-28 19:51:01,828] qiskit.passmanager.base_tasks - INFO - Pass: Optimize1qGatesDecomposition - 0.01383 (ms)
[2026-05-28 19:51:01,828] qiskit.passmanager.base_tasks - INFO - Pass: CommutativeCancellation - 0.01335 (ms)
[2026-05-28 19:51:01,828] qiskit.passmanager.base_tasks - INFO - Pass: ContractIdleWiresInControlFlow - 0.00119 (ms)
[2026-05-28 19:51:01,828] qiskit.passmanager.base_tasks - INFO - Pass: GatesInBasis - 0.00215 (ms)
[2026-05-28 19:51:01,828] qiskit.passmanager.base_tasks - INFO - Pass: Size - 0.00119 (ms)
[2026-05-28 19:51:01,828] qiskit.passmanager.base_tasks - INFO - Pass: Depth - 0.00429 (ms)
[2026-05-28 19:51:01,828] qiskit.passmanager.base_tasks - INFO - Pass: FixedPoint - 0.00167 (ms)
[2026-05-28 19:51:01,828] qiskit.passmanager.base_tasks - INFO - Pass: FixedPoint - 0.00119 (ms)
[2026-05-28 19:51:01,828] qiskit.passmanager.base_tasks - INFO - Pass: ContainsInstruction - 0.00238 (ms)
[2026-05-28 19:51:01,828] qiskit.compiler.transpiler - INFO - Total Transpile Time - 5.03230 (ms)
[2026-05-28 19:51:22,075] qiskit.passmanager.base_tasks - INFO - Pass: ContainsInstruction - 0.00572 (ms)
[2026-05-28 19:51:22,075] qiskit.passmanager.base_tasks - INFO - Pass: UnitarySynthesis - 0.00453 (ms)
[2026-05-28 19:51:22,075] qiskit.passmanager.base_tasks - INFO - Pass: HighLevelSynthesis - 0.00429 (ms)
[2026-05-28 19:51:22,075] qiskit.passmanager.base_tasks - INFO - Pass: BasisTranslator - 0.01502 (ms)
[2026-05-28 19:51:22,075] qiskit.passmanager.base_tasks - INFO - Pass: ElidePermutations - 0.00381 (ms)
[2026-05-28 19:51:22,075] qiskit.passmanager.base_tasks - INFO - Pass: RemoveDiagonalGatesBeforeMeasure - 0.00525 (ms)
[2026-05-28 19:51:22,075] qiskit.passmanager.base_tasks - INFO - Pass: RemoveIdentityEquivalent - 0.00691 (ms)
[2026-05-28 19:51:22,075] qiskit.passmanager.base_tasks - INFO - Pass: InverseCancellation - 0.01001 (ms)
[2026-05-28 19:51:22,075] qiskit.passmanager.base_tasks - INFO - Pass: ContractIdleWiresInControlFlow - 0.00119 (ms)
[2026-05-28 19:51:22,075] qiskit.passmanager.base_tasks - INFO - Pass: CommutativeCancellation - 0.02337 (ms)
[2026-05-28 19:51:22,075] qiskit.passmanager.base_tasks - INFO - Pass: ConsolidateBlocks - 0.04315 (ms)
[2026-05-28 19:51:22,075] qiskit.passmanager.base_tasks - INFO - Pass: Split2QUnitaries - 0.00262 (ms)
[2026-05-28 19:51:22,075] qiskit.passmanager.base_tasks - INFO - Pass: UnitarySynthesis - 0.00262 (ms)
[2026-05-28 19:51:22,075] qiskit.passmanager.base_tasks - INFO - Pass: HighLevelSynthesis - 0.00548 (ms)
[2026-05-28 19:51:22,076] qiskit.passmanager.base_tasks - INFO - Pass: BasisTranslator - 0.32210 (ms)
[2026-05-28 19:51:22,076] qiskit.passmanager.base_tasks - INFO - Pass: ConsolidateBlocks - 0.05698 (ms)
[2026-05-28 19:51:22,076] qiskit.passmanager.base_tasks - INFO - Pass: UnitarySynthesis - 0.00262 (ms)
[2026-05-28 19:51:22,076] qiskit.passmanager.base_tasks - INFO - Pass: Size - 0.00358 (ms)
[2026-05-28 19:51:22,076] qiskit.passmanager.base_tasks - INFO - Pass: Depth - 0.00668 (ms)
[2026-05-28 19:51:22,076] qiskit.passmanager.base_tasks - INFO - Pass: FixedPoint - 0.00525 (ms)
[2026-05-28 19:51:22,076] qiskit.passmanager.base_tasks - INFO - Pass: FixedPoint - 0.00191 (ms)
[2026-05-28 19:51:22,076] qiskit.passmanager.base_tasks - INFO - Pass: RemoveIdentityEquivalent - 0.00501 (ms)
[2026-05-28 19:51:22,076] qiskit.passmanager.base_tasks - INFO - Pass: Optimize1qGatesDecomposition - 0.02694 (ms)
[2026-05-28 19:51:22,076] qiskit.passmanager.base_tasks - INFO - Pass: CommutativeCancellation - 0.01860 (ms)
[2026-05-28 19:51:22,076] qiskit.passmanager.base_tasks - INFO - Pass: ContractIdleWiresInControlFlow - 0.00119 (ms)
[2026-05-28 19:51:22,076] qiskit.passmanager.base_tasks - INFO - Pass: GatesInBasis - 0.00358 (ms)
[2026-05-28 19:51:22,076] qiskit.passmanager.base_tasks - INFO - Pass: Size - 0.00095 (ms)
[2026-05-28 19:51:22,076] qiskit.passmanager.base_tasks - INFO - Pass: Depth - 0.00429 (ms)
[2026-05-28 19:51:22,076] qiskit.passmanager.base_tasks - INFO - Pass: FixedPoint - 0.00167 (ms)
[2026-05-28 19:51:22,076] qiskit.passmanager.base_tasks - INFO - Pass: FixedPoint - 0.00143 (ms)
[2026-05-28 19:51:22,076] qiskit.passmanager.base_tasks - INFO - Pass: RemoveIdentityEquivalent - 0.00191 (ms)
[2026-05-28 19:51:22,076] qiskit.passmanager.base_tasks - INFO - Pass: Optimize1qGatesDecomposition - 0.01287 (ms)
[2026-05-28 19:51:22,076] qiskit.passmanager.base_tasks - INFO - Pass: CommutativeCancellation - 0.01335 (ms)
[2026-05-28 19:51:22,076] qiskit.passmanager.base_tasks - INFO - Pass: ContractIdleWiresInControlFlow - 0.00119 (ms)
[2026-05-28 19:51:22,076] qiskit.passmanager.base_tasks - INFO - Pass: GatesInBasis - 0.00238 (ms)
[2026-05-28 19:51:22,076] qiskit.passmanager.base_tasks - INFO - Pass: Size - 0.00072 (ms)
[2026-05-28 19:51:22,076] qiskit.passmanager.base_tasks - INFO - Pass: Depth - 0.00429 (ms)
[2026-05-28 19:51:22,076] qiskit.passmanager.base_tasks - INFO - Pass: FixedPoint - 0.00167 (ms)
[2026-05-28 19:51:22,076] qiskit.passmanager.base_tasks - INFO - Pass: FixedPoint - 0.00119 (ms)
[2026-05-28 19:51:22,076] qiskit.passmanager.base_tasks - INFO - Pass: ContainsInstruction - 0.00262 (ms)
[2026-05-28 19:51:22,076] qiskit.compiler.transpiler - INFO - Total Transpile Time - 4.48799 (ms)
[2026-05-28 19:51:46,101] qiskit.passmanager.base_tasks - INFO - Pass: ContainsInstruction - 0.00548 (ms)
[2026-05-28 19:51:46,101] qiskit.passmanager.base_tasks - INFO - Pass: UnitarySynthesis - 0.00429 (ms)
[2026-05-28 19:51:46,101] qiskit.passmanager.base_tasks - INFO - Pass: HighLevelSynthesis - 0.00429 (ms)
[2026-05-28 19:51:46,101] qiskit.passmanager.base_tasks - INFO - Pass: BasisTranslator - 0.03576 (ms)
[2026-05-28 19:51:46,101] qiskit.passmanager.base_tasks - INFO - Pass: ElidePermutations - 0.00429 (ms)
[2026-05-28 19:51:46,101] qiskit.passmanager.base_tasks - INFO - Pass: RemoveDiagonalGatesBeforeMeasure - 0.01168 (ms)
[2026-05-28 19:51:46,101] qiskit.passmanager.base_tasks - INFO - Pass: RemoveIdentityEquivalent - 0.00715 (ms)
[2026-05-28 19:51:46,101] qiskit.passmanager.base_tasks - INFO - Pass: InverseCancellation - 0.02360 (ms)
[2026-05-28 19:51:46,101] qiskit.passmanager.base_tasks - INFO - Pass: ContractIdleWiresInControlFlow - 0.00167 (ms)
[2026-05-28 19:51:46,101] qiskit.passmanager.base_tasks - INFO - Pass: CommutativeCancellation - 0.05317 (ms)
[2026-05-28 19:51:46,102] qiskit.passmanager.base_tasks - INFO - Pass: ConsolidateBlocks - 0.06866 (ms)
[2026-05-28 19:51:46,102] qiskit.passmanager.base_tasks - INFO - Pass: Split2QUnitaries - 0.00262 (ms)
[2026-05-28 19:51:46,102] qiskit.passmanager.base_tasks - INFO - Pass: UnitarySynthesis - 0.00381 (ms)
[2026-05-28 19:51:46,102] qiskit.passmanager.base_tasks - INFO - Pass: HighLevelSynthesis - 0.00548 (ms)
[2026-05-28 19:51:46,102] qiskit.passmanager.base_tasks - INFO - Pass: BasisTranslator - 0.27227 (ms)
[2026-05-28 19:51:46,102] qiskit.passmanager.base_tasks - INFO - Pass: ConsolidateBlocks - 0.05126 (ms)
[2026-05-28 19:51:46,102] qiskit.passmanager.base_tasks - INFO - Pass: UnitarySynthesis - 0.00238 (ms)
[2026-05-28 19:51:46,102] qiskit.passmanager.base_tasks - INFO - Pass: Size - 0.06247 (ms)
[2026-05-28 19:51:46,102] qiskit.passmanager.base_tasks - INFO - Pass: Depth - 0.00715 (ms)
[2026-05-28 19:51:46,102] qiskit.passmanager.base_tasks - INFO - Pass: FixedPoint - 0.00477 (ms)
[2026-05-28 19:51:46,102] qiskit.passmanager.base_tasks - INFO - Pass: FixedPoint - 0.00167 (ms)
[2026-05-28 19:51:46,102] qiskit.passmanager.base_tasks - INFO - Pass: RemoveIdentityEquivalent - 0.00548 (ms)
[2026-05-28 19:51:46,102] qiskit.passmanager.base_tasks - INFO - Pass: Optimize1qGatesDecomposition - 0.02623 (ms)
[2026-05-28 19:51:46,102] qiskit.passmanager.base_tasks - INFO - Pass: CommutativeCancellation - 0.01812 (ms)
[2026-05-28 19:51:46,102] qiskit.passmanager.base_tasks - INFO - Pass: ContractIdleWiresInControlFlow - 0.00072 (ms)
[2026-05-28 19:51:46,102] qiskit.passmanager.base_tasks - INFO - Pass: GatesInBasis - 0.00310 (ms)
[2026-05-28 19:51:46,102] qiskit.passmanager.base_tasks - INFO - Pass: Size - 0.00119 (ms)
[2026-05-28 19:51:46,102] qiskit.passmanager.base_tasks - INFO - Pass: Depth - 0.00429 (ms)
[2026-05-28 19:51:46,102] qiskit.passmanager.base_tasks - INFO - Pass: FixedPoint - 0.00215 (ms)
[2026-05-28 19:51:46,102] qiskit.passmanager.base_tasks - INFO - Pass: FixedPoint - 0.00119 (ms)
[2026-05-28 19:51:46,102] qiskit.passmanager.base_tasks - INFO - Pass: RemoveIdentityEquivalent - 0.00238 (ms)
[2026-05-28 19:51:46,102] qiskit.passmanager.base_tasks - INFO - Pass: Optimize1qGatesDecomposition - 0.01287 (ms)
[2026-05-28 19:51:46,102] qiskit.passmanager.base_tasks - INFO - Pass: CommutativeCancellation - 0.01311 (ms)
[2026-05-28 19:51:46,102] qiskit.passmanager.base_tasks - INFO - Pass: ContractIdleWiresInControlFlow - 0.00095 (ms)
[2026-05-28 19:51:46,102] qiskit.passmanager.base_tasks - INFO - Pass: GatesInBasis - 0.00167 (ms)
[2026-05-28 19:51:46,102] qiskit.passmanager.base_tasks - INFO - Pass: Size - 0.00072 (ms)
[2026-05-28 19:51:46,102] qiskit.passmanager.base_tasks - INFO - Pass: Depth - 0.00334 (ms)
[2026-05-28 19:51:46,102] qiskit.passmanager.base_tasks - INFO - Pass: FixedPoint - 0.00143 (ms)
[2026-05-28 19:51:46,102] qiskit.passmanager.base_tasks - INFO - Pass: FixedPoint - 0.00095 (ms)
[2026-05-28 19:51:46,102] qiskit.passmanager.base_tasks - INFO - Pass: ContainsInstruction - 0.00262 (ms)
[2026-05-28 19:51:46,103] qiskit.compiler.transpiler - INFO - Total Transpile Time - 4.71449 (ms)
[2026-05-28 19:52:06,390] qiskit.passmanager.base_tasks - INFO - Pass: ContainsInstruction - 0.00620 (ms)
[2026-05-28 19:52:06,390] qiskit.passmanager.base_tasks - INFO - Pass: UnitarySynthesis - 0.00477 (ms)
[2026-05-28 19:52:06,390] qiskit.passmanager.base_tasks - INFO - Pass: HighLevelSynthesis - 0.00381 (ms)
[2026-05-28 19:52:06,390] qiskit.passmanager.base_tasks - INFO - Pass: BasisTranslator - 0.01335 (ms)
[2026-05-28 19:52:06,390] qiskit.passmanager.base_tasks - INFO - Pass: ElidePermutations - 0.00405 (ms)
[2026-05-28 19:52:06,390] qiskit.passmanager.base_tasks - INFO - Pass: RemoveDiagonalGatesBeforeMeasure - 0.07892 (ms)
[2026-05-28 19:52:06,390] qiskit.passmanager.base_tasks - INFO - Pass: RemoveIdentityEquivalent - 0.00930 (ms)
[2026-05-28 19:52:06,390] qiskit.passmanager.base_tasks - INFO - Pass: InverseCancellation - 0.01454 (ms)
[2026-05-28 19:52:06,390] qiskit.passmanager.base_tasks - INFO - Pass: ContractIdleWiresInControlFlow - 0.00143 (ms)
[2026-05-28 19:52:06,390] qiskit.passmanager.base_tasks - INFO - Pass: CommutativeCancellation - 0.02766 (ms)
[2026-05-28 19:52:06,390] qiskit.passmanager.base_tasks - INFO - Pass: ConsolidateBlocks - 0.04697 (ms)
[2026-05-28 19:52:06,390] qiskit.passmanager.base_tasks - INFO - Pass: Split2QUnitaries - 0.00191 (ms)
[2026-05-28 19:52:06,390] qiskit.passmanager.base_tasks - INFO - Pass: UnitarySynthesis - 0.00310 (ms)
[2026-05-28 19:52:06,390] qiskit.passmanager.base_tasks - INFO - Pass: HighLevelSynthesis - 0.00596 (ms)
[2026-05-28 19:52:06,391] qiskit.passmanager.base_tasks - INFO - Pass: BasisTranslator - 0.29707 (ms)
[2026-05-28 19:52:06,391] qiskit.passmanager.base_tasks - INFO - Pass: ConsolidateBlocks - 0.09227 (ms)
[2026-05-28 19:52:06,391] qiskit.passmanager.base_tasks - INFO - Pass: UnitarySynthesis - 0.23007 (ms)
[2026-05-28 19:52:06,391] qiskit.passmanager.base_tasks - INFO - Pass: Size - 0.00334 (ms)
[2026-05-28 19:52:06,391] qiskit.passmanager.base_tasks - INFO - Pass: Depth - 0.00739 (ms)
[2026-05-28 19:52:06,391] qiskit.passmanager.base_tasks - INFO - Pass: FixedPoint - 0.00525 (ms)
[2026-05-28 19:52:06,391] qiskit.passmanager.base_tasks - INFO - Pass: FixedPoint - 0.00167 (ms)
[2026-05-28 19:52:06,391] qiskit.passmanager.base_tasks - INFO - Pass: RemoveIdentityEquivalent - 0.00525 (ms)
[2026-05-28 19:52:06,391] qiskit.passmanager.base_tasks - INFO - Pass: Optimize1qGatesDecomposition - 0.02789 (ms)
[2026-05-28 19:52:06,391] qiskit.passmanager.base_tasks - INFO - Pass: CommutativeCancellation - 0.02074 (ms)
[2026-05-28 19:52:06,391] qiskit.passmanager.base_tasks - INFO - Pass: ContractIdleWiresInControlFlow - 0.00143 (ms)
[2026-05-28 19:52:06,391] qiskit.passmanager.base_tasks - INFO - Pass: GatesInBasis - 0.00334 (ms)
[2026-05-28 19:52:06,391] qiskit.passmanager.base_tasks - INFO - Pass: Size - 0.00143 (ms)
[2026-05-28 19:52:06,391] qiskit.passmanager.base_tasks - INFO - Pass: Depth - 0.00453 (ms)
[2026-05-28 19:52:06,391] qiskit.passmanager.base_tasks - INFO - Pass: FixedPoint - 0.00238 (ms)
[2026-05-28 19:52:06,391] qiskit.passmanager.base_tasks - INFO - Pass: FixedPoint - 0.00143 (ms)
[2026-05-28 19:52:06,391] qiskit.passmanager.base_tasks - INFO - Pass: RemoveIdentityEquivalent - 0.00238 (ms)
[2026-05-28 19:52:06,391] qiskit.passmanager.base_tasks - INFO - Pass: Optimize1qGatesDecomposition - 0.01383 (ms)
[2026-05-28 19:52:06,392] qiskit.passmanager.base_tasks - INFO - Pass: CommutativeCancellation - 0.01335 (ms)
[2026-05-28 19:52:06,392] qiskit.passmanager.base_tasks - INFO - Pass: ContractIdleWiresInControlFlow - 0.00143 (ms)
[2026-05-28 19:52:06,392] qiskit.passmanager.base_tasks - INFO - Pass: GatesInBasis - 0.00191 (ms)
[2026-05-28 19:52:06,392] qiskit.passmanager.base_tasks - INFO - Pass: Size - 0.00119 (ms)
[2026-05-28 19:52:06,392] qiskit.passmanager.base_tasks - INFO - Pass: Depth - 0.00381 (ms)
[2026-05-28 19:52:06,392] qiskit.passmanager.base_tasks - INFO - Pass: FixedPoint - 0.00167 (ms)
[2026-05-28 19:52:06,392] qiskit.passmanager.base_tasks - INFO - Pass: FixedPoint - 0.00191 (ms)
[2026-05-28 19:52:06,392] qiskit.passmanager.base_tasks - INFO - Pass: ContainsInstruction - 0.00334 (ms)
[2026-05-28 19:52:06,392] qiskit.compiler.transpiler - INFO - Total Transpile Time - 5.74541 (ms)
[2026-05-28 19:52:28,506] qiskit.passmanager.base_tasks - INFO - Pass: ContainsInstruction - 0.00525 (ms)
[2026-05-28 19:52:28,506] qiskit.passmanager.base_tasks - INFO - Pass: UnitarySynthesis - 0.00453 (ms)
[2026-05-28 19:52:28,506] qiskit.passmanager.base_tasks - INFO - Pass: HighLevelSynthesis - 0.00429 (ms)
[2026-05-28 19:52:28,506] qiskit.passmanager.base_tasks - INFO - Pass: BasisTranslator - 0.01407 (ms)
[2026-05-28 19:52:28,506] qiskit.passmanager.base_tasks - INFO - Pass: ElidePermutations - 0.00334 (ms)
[2026-05-28 19:52:28,506] qiskit.passmanager.base_tasks - INFO - Pass: RemoveDiagonalGatesBeforeMeasure - 0.00453 (ms)
[2026-05-28 19:52:28,506] qiskit.passmanager.base_tasks - INFO - Pass: RemoveIdentityEquivalent - 0.00715 (ms)
[2026-05-28 19:52:28,506] qiskit.passmanager.base_tasks - INFO - Pass: InverseCancellation - 0.01144 (ms)
[2026-05-28 19:52:28,506] qiskit.passmanager.base_tasks - INFO - Pass: ContractIdleWiresInControlFlow - 0.00143 (ms)
[2026-05-28 19:52:28,506] qiskit.passmanager.base_tasks - INFO - Pass: CommutativeCancellation - 0.02265 (ms)
[2026-05-28 19:52:28,506] qiskit.passmanager.base_tasks - INFO - Pass: ConsolidateBlocks - 0.04268 (ms)
[2026-05-28 19:52:28,506] qiskit.passmanager.base_tasks - INFO - Pass: Split2QUnitaries - 0.00215 (ms)
[2026-05-28 19:52:28,506] qiskit.passmanager.base_tasks - INFO - Pass: UnitarySynthesis - 0.00215 (ms)
[2026-05-28 19:52:28,506] qiskit.passmanager.base_tasks - INFO - Pass: HighLevelSynthesis - 0.00501 (ms)
[2026-05-28 19:52:28,507] qiskit.passmanager.base_tasks - INFO - Pass: BasisTranslator - 0.26131 (ms)
[2026-05-28 19:52:28,507] qiskit.passmanager.base_tasks - INFO - Pass: ConsolidateBlocks - 0.05317 (ms)
[2026-05-28 19:52:28,507] qiskit.passmanager.base_tasks - INFO - Pass: UnitarySynthesis - 0.00262 (ms)
[2026-05-28 19:52:28,507] qiskit.passmanager.base_tasks - INFO - Pass: Size - 0.00286 (ms)
[2026-05-28 19:52:28,507] qiskit.passmanager.base_tasks - INFO - Pass: Depth - 0.00572 (ms)
[2026-05-28 19:52:28,507] qiskit.passmanager.base_tasks - INFO - Pass: FixedPoint - 0.00453 (ms)
[2026-05-28 19:52:28,507] qiskit.passmanager.base_tasks - INFO - Pass: FixedPoint - 0.00191 (ms)
[2026-05-28 19:52:28,507] qiskit.passmanager.base_tasks - INFO - Pass: RemoveIdentityEquivalent - 0.00429 (ms)
[2026-05-28 19:52:28,507] qiskit.passmanager.base_tasks - INFO - Pass: Optimize1qGatesDecomposition - 0.02670 (ms)
[2026-05-28 19:52:28,507] qiskit.passmanager.base_tasks - INFO - Pass: CommutativeCancellation - 0.01764 (ms)
[2026-05-28 19:52:28,507] qiskit.passmanager.base_tasks - INFO - Pass: ContractIdleWiresInControlFlow - 0.00119 (ms)
[2026-05-28 19:52:28,507] qiskit.passmanager.base_tasks - INFO - Pass: GatesInBasis - 0.00358 (ms)
[2026-05-28 19:52:28,507] qiskit.passmanager.base_tasks - INFO - Pass: Size - 0.00119 (ms)
[2026-05-28 19:52:28,507] qiskit.passmanager.base_tasks - INFO - Pass: Depth - 0.00501 (ms)
[2026-05-28 19:52:28,507] qiskit.passmanager.base_tasks - INFO - Pass: FixedPoint - 0.00215 (ms)
[2026-05-28 19:52:28,507] qiskit.passmanager.base_tasks - INFO - Pass: FixedPoint - 0.00215 (ms)
[2026-05-28 19:52:28,507] qiskit.passmanager.base_tasks - INFO - Pass: RemoveIdentityEquivalent - 0.00262 (ms)
[2026-05-28 19:52:28,507] qiskit.passmanager.base_tasks - INFO - Pass: Optimize1qGatesDecomposition - 0.01287 (ms)
[2026-05-28 19:52:28,507] qiskit.passmanager.base_tasks - INFO - Pass: CommutativeCancellation - 0.01359 (ms)
[2026-05-28 19:52:28,507] qiskit.passmanager.base_tasks - INFO - Pass: ContractIdleWiresInControlFlow - 0.00072 (ms)
[2026-05-28 19:52:28,507] qiskit.passmanager.base_tasks - INFO - Pass: GatesInBasis - 0.00191 (ms)
[2026-05-28 19:52:28,507] qiskit.passmanager.base_tasks - INFO - Pass: Size - 0.00072 (ms)
[2026-05-28 19:52:28,507] qiskit.passmanager.base_tasks - INFO - Pass: Depth - 0.00310 (ms)
[2026-05-28 19:52:28,507] qiskit.passmanager.base_tasks - INFO - Pass: FixedPoint - 0.00191 (ms)
[2026-05-28 19:52:28,507] qiskit.passmanager.base_tasks - INFO - Pass: FixedPoint - 0.00095 (ms)
[2026-05-28 19:52:28,507] qiskit.passmanager.base_tasks - INFO - Pass: ContainsInstruction - 0.00262 (ms)
[2026-05-28 19:52:28,508] qiskit.compiler.transpiler - INFO - Total Transpile Time - 4.70972 (ms)
[2026-05-28 19:52:52,256] qiskit.passmanager.base_tasks - INFO - Pass: ContainsInstruction - 0.01335 (ms)
[2026-05-28 19:52:52,256] qiskit.passmanager.base_tasks - INFO - Pass: UnitarySynthesis - 0.00429 (ms)
[2026-05-28 19:52:52,256] qiskit.passmanager.base_tasks - INFO - Pass: HighLevelSynthesis - 0.01597 (ms)
[2026-05-28 19:52:52,256] qiskit.passmanager.base_tasks - INFO - Pass: BasisTranslator - 0.03839 (ms)
[2026-05-28 19:52:52,256] qiskit.passmanager.base_tasks - INFO - Pass: ElidePermutations - 0.11826 (ms)
[2026-05-28 19:52:52,256] qiskit.passmanager.base_tasks - INFO - Pass: RemoveDiagonalGatesBeforeMeasure - 0.05460 (ms)
[2026-05-28 19:52:52,257] qiskit.passmanager.base_tasks - INFO - Pass: RemoveIdentityEquivalent - 0.04840 (ms)
[2026-05-28 19:52:52,257] qiskit.passmanager.base_tasks - INFO - Pass: InverseCancellation - 0.09704 (ms)
[2026-05-28 19:52:52,257] qiskit.passmanager.base_tasks - INFO - Pass: ContractIdleWiresInControlFlow - 0.00262 (ms)
[2026-05-28 19:52:52,257] qiskit.passmanager.base_tasks - INFO - Pass: CommutativeCancellation - 0.04649 (ms)
[2026-05-28 19:52:52,257] qiskit.passmanager.base_tasks - INFO - Pass: ConsolidateBlocks - 0.14734 (ms)
[2026-05-28 19:52:52,257] qiskit.passmanager.base_tasks - INFO - Pass: Split2QUnitaries - 0.01049 (ms)
[2026-05-28 19:52:52,257] qiskit.passmanager.base_tasks - INFO - Pass: UnitarySynthesis - 0.00453 (ms)
[2026-05-28 19:52:52,257] qiskit.passmanager.base_tasks - INFO - Pass: HighLevelSynthesis - 0.00572 (ms)
[2026-05-28 19:52:52,258] qiskit.passmanager.base_tasks - INFO - Pass: BasisTranslator - 0.51665 (ms)
[2026-05-28 19:52:52,258] qiskit.passmanager.base_tasks - INFO - Pass: ConsolidateBlocks - 0.05484 (ms)
[2026-05-28 19:52:52,258] qiskit.passmanager.base_tasks - INFO - Pass: UnitarySynthesis - 0.00262 (ms)
[2026-05-28 19:52:52,258] qiskit.passmanager.base_tasks - INFO - Pass: Size - 0.01025 (ms)
[2026-05-28 19:52:52,258] qiskit.passmanager.base_tasks - INFO - Pass: Depth - 0.00644 (ms)
[2026-05-28 19:52:52,258] qiskit.passmanager.base_tasks - INFO - Pass: FixedPoint - 0.00453 (ms)
[2026-05-28 19:52:52,258] qiskit.passmanager.base_tasks - INFO - Pass: FixedPoint - 0.00215 (ms)
[2026-05-28 19:52:52,258] qiskit.passmanager.base_tasks - INFO - Pass: RemoveIdentityEquivalent - 0.00381 (ms)
[2026-05-28 19:52:52,258] qiskit.passmanager.base_tasks - INFO - Pass: Optimize1qGatesDecomposition - 0.04578 (ms)
[2026-05-28 19:52:52,258] qiskit.passmanager.base_tasks - INFO - Pass: CommutativeCancellation - 0.01764 (ms)
[2026-05-28 19:52:52,258] qiskit.passmanager.base_tasks - INFO - Pass: ContractIdleWiresInControlFlow - 0.00095 (ms)
[2026-05-28 19:52:52,258] qiskit.passmanager.base_tasks - INFO - Pass: GatesInBasis - 0.00310 (ms)
[2026-05-28 19:52:52,258] qiskit.passmanager.base_tasks - INFO - Pass: Size - 0.00143 (ms)
[2026-05-28 19:52:52,258] qiskit.passmanager.base_tasks - INFO - Pass: Depth - 0.00405 (ms)
[2026-05-28 19:52:52,258] qiskit.passmanager.base_tasks - INFO - Pass: FixedPoint - 0.00191 (ms)
[2026-05-28 19:52:52,258] qiskit.passmanager.base_tasks - INFO - Pass: FixedPoint - 0.00119 (ms)
[2026-05-28 19:52:52,258] qiskit.passmanager.base_tasks - INFO - Pass: RemoveIdentityEquivalent - 0.00238 (ms)
[2026-05-28 19:52:52,258] qiskit.passmanager.base_tasks - INFO - Pass: Optimize1qGatesDecomposition - 0.01264 (ms)
[2026-05-28 19:52:52,258] qiskit.passmanager.base_tasks - INFO - Pass: CommutativeCancellation - 0.01311 (ms)
[2026-05-28 19:52:52,258] qiskit.passmanager.base_tasks - INFO - Pass: ContractIdleWiresInControlFlow - 0.00072 (ms)
[2026-05-28 19:52:52,258] qiskit.passmanager.base_tasks - INFO - Pass: GatesInBasis - 0.00191 (ms)
[2026-05-28 19:52:52,258] qiskit.passmanager.base_tasks - INFO - Pass: Size - 0.00095 (ms)
[2026-05-28 19:52:52,258] qiskit.passmanager.base_tasks - INFO - Pass: Depth - 0.00334 (ms)
[2026-05-28 19:52:52,258] qiskit.passmanager.base_tasks - INFO - Pass: FixedPoint - 0.00143 (ms)
[2026-05-28 19:52:52,258] qiskit.passmanager.base_tasks - INFO - Pass: FixedPoint - 0.00191 (ms)
[2026-05-28 19:52:52,258] qiskit.passmanager.base_tasks - INFO - Pass: ContainsInstruction - 0.00238 (ms)
[2026-05-28 19:52:52,258] qiskit.compiler.transpiler - INFO - Total Transpile Time - 6.60396 (ms)
[2026-05-28 19:53:12,160] qiskit.passmanager.base_tasks - INFO - Pass: ContainsInstruction - 0.00572 (ms)
[2026-05-28 19:53:12,160] qiskit.passmanager.base_tasks - INFO - Pass: UnitarySynthesis - 0.00429 (ms)
[2026-05-28 19:53:12,160] qiskit.passmanager.base_tasks - INFO - Pass: HighLevelSynthesis - 0.00358 (ms)
[2026-05-28 19:53:12,160] qiskit.passmanager.base_tasks - INFO - Pass: BasisTranslator - 0.01335 (ms)
[2026-05-28 19:53:12,160] qiskit.passmanager.base_tasks - INFO - Pass: ElidePermutations - 0.00429 (ms)
[2026-05-28 19:53:12,160] qiskit.passmanager.base_tasks - INFO - Pass: RemoveDiagonalGatesBeforeMeasure - 0.00572 (ms)
[2026-05-28 19:53:12,160] qiskit.passmanager.base_tasks - INFO - Pass: RemoveIdentityEquivalent - 0.00715 (ms)
[2026-05-28 19:53:12,160] qiskit.passmanager.base_tasks - INFO - Pass: InverseCancellation - 0.01240 (ms)
[2026-05-28 19:53:12,160] qiskit.passmanager.base_tasks - INFO - Pass: ContractIdleWiresInControlFlow - 0.00167 (ms)
[2026-05-28 19:53:12,160] qiskit.passmanager.base_tasks - INFO - Pass: CommutativeCancellation - 0.02408 (ms)
[2026-05-28 19:53:12,160] qiskit.passmanager.base_tasks - INFO - Pass: ConsolidateBlocks - 0.04172 (ms)
[2026-05-28 19:53:12,160] qiskit.passmanager.base_tasks - INFO - Pass: Split2QUnitaries - 0.00215 (ms)
[2026-05-28 19:53:12,160] qiskit.passmanager.base_tasks - INFO - Pass: UnitarySynthesis - 0.00262 (ms)
[2026-05-28 19:53:12,160] qiskit.passmanager.base_tasks - INFO - Pass: HighLevelSynthesis - 0.00596 (ms)
[2026-05-28 19:53:12,161] qiskit.passmanager.base_tasks - INFO - Pass: BasisTranslator - 0.26870 (ms)
[2026-05-28 19:53:12,161] qiskit.passmanager.base_tasks - INFO - Pass: ConsolidateBlocks - 0.05245 (ms)
[2026-05-28 19:53:12,161] qiskit.passmanager.base_tasks - INFO - Pass: UnitarySynthesis - 0.00262 (ms)
[2026-05-28 19:53:12,161] qiskit.passmanager.base_tasks - INFO - Pass: Size - 0.00262 (ms)
[2026-05-28 19:53:12,161] qiskit.passmanager.base_tasks - INFO - Pass: Depth - 0.00620 (ms)
[2026-05-28 19:53:12,161] qiskit.passmanager.base_tasks - INFO - Pass: FixedPoint - 0.00477 (ms)
[2026-05-28 19:53:12,161] qiskit.passmanager.base_tasks - INFO - Pass: FixedPoint - 0.00167 (ms)
[2026-05-28 19:53:12,161] qiskit.passmanager.base_tasks - INFO - Pass: RemoveIdentityEquivalent - 0.00572 (ms)
[2026-05-28 19:53:12,161] qiskit.passmanager.base_tasks - INFO - Pass: Optimize1qGatesDecomposition - 0.02742 (ms)
[2026-05-28 19:53:12,161] qiskit.passmanager.base_tasks - INFO - Pass: CommutativeCancellation - 0.01907 (ms)
[2026-05-28 19:53:12,161] qiskit.passmanager.base_tasks - INFO - Pass: ContractIdleWiresInControlFlow - 0.00119 (ms)
[2026-05-28 19:53:12,161] qiskit.passmanager.base_tasks - INFO - Pass: GatesInBasis - 0.00358 (ms)
[2026-05-28 19:53:12,161] qiskit.passmanager.base_tasks - INFO - Pass: Size - 0.00143 (ms)
[2026-05-28 19:53:12,161] qiskit.passmanager.base_tasks - INFO - Pass: Depth - 0.00453 (ms)
[2026-05-28 19:53:12,161] qiskit.passmanager.base_tasks - INFO - Pass: FixedPoint - 0.00191 (ms)
[2026-05-28 19:53:12,161] qiskit.passmanager.base_tasks - INFO - Pass: FixedPoint - 0.00143 (ms)
[2026-05-28 19:53:12,161] qiskit.passmanager.base_tasks - INFO - Pass: RemoveIdentityEquivalent - 0.00238 (ms)
[2026-05-28 19:53:12,161] qiskit.passmanager.base_tasks - INFO - Pass: Optimize1qGatesDecomposition - 0.03076 (ms)
[2026-05-28 19:53:12,161] qiskit.passmanager.base_tasks - INFO - Pass: CommutativeCancellation - 0.01431 (ms)
[2026-05-28 19:53:12,161] qiskit.passmanager.base_tasks - INFO - Pass: ContractIdleWiresInControlFlow - 0.00119 (ms)
[2026-05-28 19:53:12,161] qiskit.passmanager.base_tasks - INFO - Pass: GatesInBasis - 0.00191 (ms)
[2026-05-28 19:53:12,161] qiskit.passmanager.base_tasks - INFO - Pass: Size - 0.00167 (ms)
[2026-05-28 19:53:12,161] qiskit.passmanager.base_tasks - INFO - Pass: Depth - 0.00429 (ms)
[2026-05-28 19:53:12,161] qiskit.passmanager.base_tasks - INFO - Pass: FixedPoint - 0.00238 (ms)
[2026-05-28 19:53:12,161] qiskit.passmanager.base_tasks - INFO - Pass: FixedPoint - 0.00167 (ms)
[2026-05-28 19:53:12,161] qiskit.passmanager.base_tasks - INFO - Pass: ContainsInstruction - 0.00286 (ms)
[2026-05-28 19:53:12,161] qiskit.compiler.transpiler - INFO - Total Transpile Time - 4.47416 (ms)
[2026-05-28 19:53:34,356] qiskit.passmanager.base_tasks - INFO - Pass: ContainsInstruction - 0.00548 (ms)
[2026-05-28 19:53:34,356] qiskit.passmanager.base_tasks - INFO - Pass: UnitarySynthesis - 0.00405 (ms)
[2026-05-28 19:53:34,356] qiskit.passmanager.base_tasks - INFO - Pass: HighLevelSynthesis - 0.00286 (ms)
[2026-05-28 19:53:34,356] qiskit.passmanager.base_tasks - INFO - Pass: BasisTranslator - 0.01407 (ms)
[2026-05-28 19:53:34,356] qiskit.passmanager.base_tasks - INFO - Pass: ElidePermutations - 0.00358 (ms)
[2026-05-28 19:53:34,356] qiskit.passmanager.base_tasks - INFO - Pass: RemoveDiagonalGatesBeforeMeasure - 0.00453 (ms)
[2026-05-28 19:53:34,356] qiskit.passmanager.base_tasks - INFO - Pass: RemoveIdentityEquivalent - 0.00620 (ms)
[2026-05-28 19:53:34,356] qiskit.passmanager.base_tasks - INFO - Pass: InverseCancellation - 0.00715 (ms)
[2026-05-28 19:53:34,356] qiskit.passmanager.base_tasks - INFO - Pass: ContractIdleWiresInControlFlow - 0.00095 (ms)
[2026-05-28 19:53:34,356] qiskit.passmanager.base_tasks - INFO - Pass: CommutativeCancellation - 0.01788 (ms)
[2026-05-28 19:53:34,356] qiskit.passmanager.base_tasks - INFO - Pass: ConsolidateBlocks - 0.03958 (ms)
[2026-05-28 19:53:34,356] qiskit.passmanager.base_tasks - INFO - Pass: Split2QUnitaries - 0.00167 (ms)
[2026-05-28 19:53:34,356] qiskit.passmanager.base_tasks - INFO - Pass: UnitarySynthesis - 0.00191 (ms)
[2026-05-28 19:53:34,356] qiskit.passmanager.base_tasks - INFO - Pass: HighLevelSynthesis - 0.00381 (ms)
[2026-05-28 19:53:34,357] qiskit.passmanager.base_tasks - INFO - Pass: BasisTranslator - 0.23651 (ms)
[2026-05-28 19:53:34,357] qiskit.passmanager.base_tasks - INFO - Pass: ConsolidateBlocks - 0.04745 (ms)
[2026-05-28 19:53:34,357] qiskit.passmanager.base_tasks - INFO - Pass: UnitarySynthesis - 0.00238 (ms)
[2026-05-28 19:53:34,357] qiskit.passmanager.base_tasks - INFO - Pass: Size - 0.00238 (ms)
[2026-05-28 19:53:34,357] qiskit.passmanager.base_tasks - INFO - Pass: Depth - 0.00548 (ms)
[2026-05-28 19:53:34,357] qiskit.passmanager.base_tasks - INFO - Pass: FixedPoint - 0.00429 (ms)
[2026-05-28 19:53:34,357] qiskit.passmanager.base_tasks - INFO - Pass: FixedPoint - 0.00143 (ms)
[2026-05-28 19:53:34,357] qiskit.passmanager.base_tasks - INFO - Pass: RemoveIdentityEquivalent - 0.00334 (ms)
[2026-05-28 19:53:34,357] qiskit.passmanager.base_tasks - INFO - Pass: Optimize1qGatesDecomposition - 0.02313 (ms)
[2026-05-28 19:53:34,357] qiskit.passmanager.base_tasks - INFO - Pass: CommutativeCancellation - 0.01860 (ms)
[2026-05-28 19:53:34,357] qiskit.passmanager.base_tasks - INFO - Pass: ContractIdleWiresInControlFlow - 0.00119 (ms)
[2026-05-28 19:53:34,357] qiskit.passmanager.base_tasks - INFO - Pass: GatesInBasis - 0.00358 (ms)
[2026-05-28 19:53:34,357] qiskit.passmanager.base_tasks - INFO - Pass: Size - 0.00095 (ms)
[2026-05-28 19:53:34,357] qiskit.passmanager.base_tasks - INFO - Pass: Depth - 0.00405 (ms)
[2026-05-28 19:53:34,357] qiskit.passmanager.base_tasks - INFO - Pass: FixedPoint - 0.00191 (ms)
[2026-05-28 19:53:34,357] qiskit.passmanager.base_tasks - INFO - Pass: FixedPoint - 0.00119 (ms)
[2026-05-28 19:53:34,357] qiskit.passmanager.base_tasks - INFO - Pass: RemoveIdentityEquivalent - 0.00238 (ms)
[2026-05-28 19:53:34,357] qiskit.passmanager.base_tasks - INFO - Pass: Optimize1qGatesDecomposition - 0.01240 (ms)
[2026-05-28 19:53:34,357] qiskit.passmanager.base_tasks - INFO - Pass: CommutativeCancellation - 0.01335 (ms)
[2026-05-28 19:53:34,357] qiskit.passmanager.base_tasks - INFO - Pass: ContractIdleWiresInControlFlow - 0.00072 (ms)
[2026-05-28 19:53:34,357] qiskit.passmanager.base_tasks - INFO - Pass: GatesInBasis - 0.00167 (ms)
[2026-05-28 19:53:34,357] qiskit.passmanager.base_tasks - INFO - Pass: Size - 0.00095 (ms)
[2026-05-28 19:53:34,357] qiskit.passmanager.base_tasks - INFO - Pass: Depth - 0.00358 (ms)
[2026-05-28 19:53:34,357] qiskit.passmanager.base_tasks - INFO - Pass: FixedPoint - 0.00167 (ms)
[2026-05-28 19:53:34,357] qiskit.passmanager.base_tasks - INFO - Pass: FixedPoint - 0.00095 (ms)
[2026-05-28 19:53:34,357] qiskit.passmanager.base_tasks - INFO - Pass: ContainsInstruction - 0.00215 (ms)
[2026-05-28 19:53:34,357] qiskit.compiler.transpiler - INFO - Total Transpile Time - 4.00853 (ms)
[2026-05-28 19:53:54,897] qiskit.passmanager.base_tasks - INFO - Pass: ContainsInstruction - 0.00596 (ms)
[2026-05-28 19:53:54,897] qiskit.passmanager.base_tasks - INFO - Pass: UnitarySynthesis - 0.00429 (ms)
[2026-05-28 19:53:54,897] qiskit.passmanager.base_tasks - INFO - Pass: HighLevelSynthesis - 0.00381 (ms)
[2026-05-28 19:53:54,897] qiskit.passmanager.base_tasks - INFO - Pass: BasisTranslator - 0.01311 (ms)
[2026-05-28 19:53:54,897] qiskit.passmanager.base_tasks - INFO - Pass: ElidePermutations - 0.00453 (ms)
[2026-05-28 19:53:54,897] qiskit.passmanager.base_tasks - INFO - Pass: RemoveDiagonalGatesBeforeMeasure - 0.00453 (ms)
[2026-05-28 19:53:54,897] qiskit.passmanager.base_tasks - INFO - Pass: RemoveIdentityEquivalent - 0.00596 (ms)
[2026-05-28 19:53:54,897] qiskit.passmanager.base_tasks - INFO - Pass: InverseCancellation - 0.00930 (ms)
[2026-05-28 19:53:54,897] qiskit.passmanager.base_tasks - INFO - Pass: ContractIdleWiresInControlFlow - 0.00119 (ms)
[2026-05-28 19:53:54,897] qiskit.passmanager.base_tasks - INFO - Pass: CommutativeCancellation - 0.02241 (ms)
[2026-05-28 19:53:54,897] qiskit.passmanager.base_tasks - INFO - Pass: ConsolidateBlocks - 0.04315 (ms)
[2026-05-28 19:53:54,897] qiskit.passmanager.base_tasks - INFO - Pass: Split2QUnitaries - 0.00167 (ms)
[2026-05-28 19:53:54,897] qiskit.passmanager.base_tasks - INFO - Pass: UnitarySynthesis - 0.00262 (ms)
[2026-05-28 19:53:54,897] qiskit.passmanager.base_tasks - INFO - Pass: HighLevelSynthesis - 0.00501 (ms)
[2026-05-28 19:53:54,898] qiskit.passmanager.base_tasks - INFO - Pass: BasisTranslator - 0.30875 (ms)
[2026-05-28 19:53:54,898] qiskit.passmanager.base_tasks - INFO - Pass: ConsolidateBlocks - 0.23103 (ms)
[2026-05-28 19:53:54,898] qiskit.passmanager.base_tasks - INFO - Pass: UnitarySynthesis - 0.21935 (ms)
[2026-05-28 19:53:54,898] qiskit.passmanager.base_tasks - INFO - Pass: Size - 0.00358 (ms)
[2026-05-28 19:53:54,898] qiskit.passmanager.base_tasks - INFO - Pass: Depth - 0.00930 (ms)
[2026-05-28 19:53:54,898] qiskit.passmanager.base_tasks - INFO - Pass: FixedPoint - 0.00477 (ms)
[2026-05-28 19:53:54,898] qiskit.passmanager.base_tasks - INFO - Pass: FixedPoint - 0.00167 (ms)
[2026-05-28 19:53:54,898] qiskit.passmanager.base_tasks - INFO - Pass: RemoveIdentityEquivalent - 0.00453 (ms)
[2026-05-28 19:53:54,898] qiskit.passmanager.base_tasks - INFO - Pass: Optimize1qGatesDecomposition - 0.02480 (ms)
[2026-05-28 19:53:54,899] qiskit.passmanager.base_tasks - INFO - Pass: CommutativeCancellation - 0.01884 (ms)
[2026-05-28 19:53:54,899] qiskit.passmanager.base_tasks - INFO - Pass: ContractIdleWiresInControlFlow - 0.00167 (ms)
[2026-05-28 19:53:54,899] qiskit.passmanager.base_tasks - INFO - Pass: GatesInBasis - 0.00381 (ms)
[2026-05-28 19:53:54,899] qiskit.passmanager.base_tasks - INFO - Pass: Size - 0.00119 (ms)
[2026-05-28 19:53:54,899] qiskit.passmanager.base_tasks - INFO - Pass: Depth - 0.00453 (ms)
[2026-05-28 19:53:54,899] qiskit.passmanager.base_tasks - INFO - Pass: FixedPoint - 0.00215 (ms)
[2026-05-28 19:53:54,899] qiskit.passmanager.base_tasks - INFO - Pass: FixedPoint - 0.00167 (ms)
[2026-05-28 19:53:54,899] qiskit.passmanager.base_tasks - INFO - Pass: RemoveIdentityEquivalent - 0.00286 (ms)
[2026-05-28 19:53:54,899] qiskit.passmanager.base_tasks - INFO - Pass: Optimize1qGatesDecomposition - 0.01383 (ms)
[2026-05-28 19:53:54,899] qiskit.passmanager.base_tasks - INFO - Pass: CommutativeCancellation - 0.01287 (ms)
[2026-05-28 19:53:54,899] qiskit.passmanager.base_tasks - INFO - Pass: ContractIdleWiresInControlFlow - 0.00119 (ms)
[2026-05-28 19:53:54,899] qiskit.passmanager.base_tasks - INFO - Pass: GatesInBasis - 0.00215 (ms)
[2026-05-28 19:53:54,899] qiskit.passmanager.base_tasks - INFO - Pass: Size - 0.00095 (ms)
[2026-05-28 19:53:54,899] qiskit.passmanager.base_tasks - INFO - Pass: Depth - 0.00358 (ms)
[2026-05-28 19:53:54,899] qiskit.passmanager.base_tasks - INFO - Pass: FixedPoint - 0.00167 (ms)
[2026-05-28 19:53:54,899] qiskit.passmanager.base_tasks - INFO - Pass: FixedPoint - 0.00095 (ms)
[2026-05-28 19:53:54,899] qiskit.passmanager.base_tasks - INFO - Pass: ContainsInstruction - 0.00215 (ms)
[2026-05-28 19:53:54,899] qiskit.compiler.transpiler - INFO - Total Transpile Time - 5.02586 (ms)
[2026-05-28 19:54:18,652] qiskit.passmanager.base_tasks - INFO - Pass: ContainsInstruction - 0.00596 (ms)
[2026-05-28 19:54:18,652] qiskit.passmanager.base_tasks - INFO - Pass: UnitarySynthesis - 0.00453 (ms)
[2026-05-28 19:54:18,652] qiskit.passmanager.base_tasks - INFO - Pass: HighLevelSynthesis - 0.00381 (ms)
[2026-05-28 19:54:18,652] qiskit.passmanager.base_tasks - INFO - Pass: BasisTranslator - 0.01311 (ms)
[2026-05-28 19:54:18,652] qiskit.passmanager.base_tasks - INFO - Pass: ElidePermutations - 0.00381 (ms)
[2026-05-28 19:54:18,652] qiskit.passmanager.base_tasks - INFO - Pass: RemoveDiagonalGatesBeforeMeasure - 0.00501 (ms)
[2026-05-28 19:54:18,652] qiskit.passmanager.base_tasks - INFO - Pass: RemoveIdentityEquivalent - 0.00811 (ms)
[2026-05-28 19:54:18,652] qiskit.passmanager.base_tasks - INFO - Pass: InverseCancellation - 0.00978 (ms)
[2026-05-28 19:54:18,652] qiskit.passmanager.base_tasks - INFO - Pass: ContractIdleWiresInControlFlow - 0.00167 (ms)
[2026-05-28 19:54:18,652] qiskit.passmanager.base_tasks - INFO - Pass: CommutativeCancellation - 0.02122 (ms)
[2026-05-28 19:54:18,652] qiskit.passmanager.base_tasks - INFO - Pass: ConsolidateBlocks - 0.04220 (ms)
[2026-05-28 19:54:18,652] qiskit.passmanager.base_tasks - INFO - Pass: Split2QUnitaries - 0.00215 (ms)
[2026-05-28 19:54:18,652] qiskit.passmanager.base_tasks - INFO - Pass: UnitarySynthesis - 0.00238 (ms)
[2026-05-28 19:54:18,652] qiskit.passmanager.base_tasks - INFO - Pass: HighLevelSynthesis - 0.00596 (ms)
[2026-05-28 19:54:18,653] qiskit.passmanager.base_tasks - INFO - Pass: BasisTranslator - 0.27370 (ms)
[2026-05-28 19:54:18,653] qiskit.passmanager.base_tasks - INFO - Pass: ConsolidateBlocks - 0.05412 (ms)
[2026-05-28 19:54:18,653] qiskit.passmanager.base_tasks - INFO - Pass: UnitarySynthesis - 0.00238 (ms)
[2026-05-28 19:54:18,653] qiskit.passmanager.base_tasks - INFO - Pass: Size - 0.00262 (ms)
[2026-05-28 19:54:18,653] qiskit.passmanager.base_tasks - INFO - Pass: Depth - 0.00644 (ms)
[2026-05-28 19:54:18,653] qiskit.passmanager.base_tasks - INFO - Pass: FixedPoint - 0.00429 (ms)
[2026-05-28 19:54:18,653] qiskit.passmanager.base_tasks - INFO - Pass: FixedPoint - 0.00167 (ms)
[2026-05-28 19:54:18,653] qiskit.passmanager.base_tasks - INFO - Pass: RemoveIdentityEquivalent - 0.00501 (ms)
[2026-05-28 19:54:18,653] qiskit.passmanager.base_tasks - INFO - Pass: Optimize1qGatesDecomposition - 0.02766 (ms)
[2026-05-28 19:54:18,653] qiskit.passmanager.base_tasks - INFO - Pass: CommutativeCancellation - 0.01812 (ms)
[2026-05-28 19:54:18,653] qiskit.passmanager.base_tasks - INFO - Pass: ContractIdleWiresInControlFlow - 0.00119 (ms)
[2026-05-28 19:54:18,653] qiskit.passmanager.base_tasks - INFO - Pass: GatesInBasis - 0.00334 (ms)
[2026-05-28 19:54:18,653] qiskit.passmanager.base_tasks - INFO - Pass: Size - 0.00095 (ms)
[2026-05-28 19:54:18,653] qiskit.passmanager.base_tasks - INFO - Pass: Depth - 0.00429 (ms)
[2026-05-28 19:54:18,653] qiskit.passmanager.base_tasks - INFO - Pass: FixedPoint - 0.00191 (ms)
[2026-05-28 19:54:18,653] qiskit.passmanager.base_tasks - INFO - Pass: FixedPoint - 0.00143 (ms)
[2026-05-28 19:54:18,653] qiskit.passmanager.base_tasks - INFO - Pass: RemoveIdentityEquivalent - 0.00286 (ms)
[2026-05-28 19:54:18,653] qiskit.passmanager.base_tasks - INFO - Pass: Optimize1qGatesDecomposition - 0.01359 (ms)
[2026-05-28 19:54:18,653] qiskit.passmanager.base_tasks - INFO - Pass: CommutativeCancellation - 0.01359 (ms)
[2026-05-28 19:54:18,653] qiskit.passmanager.base_tasks - INFO - Pass: ContractIdleWiresInControlFlow - 0.00095 (ms)
[2026-05-28 19:54:18,653] qiskit.passmanager.base_tasks - INFO - Pass: GatesInBasis - 0.00215 (ms)
[2026-05-28 19:54:18,653] qiskit.passmanager.base_tasks - INFO - Pass: Size - 0.00095 (ms)
[2026-05-28 19:54:18,653] qiskit.passmanager.base_tasks - INFO - Pass: Depth - 0.00358 (ms)
[2026-05-28 19:54:18,653] qiskit.passmanager.base_tasks - INFO - Pass: FixedPoint - 0.00167 (ms)
[2026-05-28 19:54:18,653] qiskit.passmanager.base_tasks - INFO - Pass: FixedPoint - 0.00119 (ms)
[2026-05-28 19:54:18,653] qiskit.passmanager.base_tasks - INFO - Pass: ContainsInstruction - 0.00238 (ms)
[2026-05-28 19:54:18,653] qiskit.compiler.transpiler - INFO - Total Transpile Time - 4.43983 (ms)
[2026-05-28 19:54:37,986] qiskit.passmanager.base_tasks - INFO - Pass: ContainsInstruction - 0.00644 (ms)
[2026-05-28 19:54:37,986] qiskit.passmanager.base_tasks - INFO - Pass: UnitarySynthesis - 0.00477 (ms)
[2026-05-28 19:54:37,986] qiskit.passmanager.base_tasks - INFO - Pass: HighLevelSynthesis - 0.00477 (ms)
[2026-05-28 19:54:37,986] qiskit.passmanager.base_tasks - INFO - Pass: BasisTranslator - 0.01574 (ms)
[2026-05-28 19:54:37,986] qiskit.passmanager.base_tasks - INFO - Pass: ElidePermutations - 0.00405 (ms)
[2026-05-28 19:54:37,986] qiskit.passmanager.base_tasks - INFO - Pass: RemoveDiagonalGatesBeforeMeasure - 0.00501 (ms)
[2026-05-28 19:54:37,986] qiskit.passmanager.base_tasks - INFO - Pass: RemoveIdentityEquivalent - 0.00763 (ms)
[2026-05-28 19:54:37,986] qiskit.passmanager.base_tasks - INFO - Pass: InverseCancellation - 0.01144 (ms)
[2026-05-28 19:54:37,986] qiskit.passmanager.base_tasks - INFO - Pass: ContractIdleWiresInControlFlow - 0.00191 (ms)
[2026-05-28 19:54:37,986] qiskit.passmanager.base_tasks - INFO - Pass: CommutativeCancellation - 0.02503 (ms)
[2026-05-28 19:54:37,986] qiskit.passmanager.base_tasks - INFO - Pass: ConsolidateBlocks - 0.04768 (ms)
[2026-05-28 19:54:37,986] qiskit.passmanager.base_tasks - INFO - Pass: Split2QUnitaries - 0.00143 (ms)
[2026-05-28 19:54:37,986] qiskit.passmanager.base_tasks - INFO - Pass: UnitarySynthesis - 0.00238 (ms)
[2026-05-28 19:54:37,986] qiskit.passmanager.base_tasks - INFO - Pass: HighLevelSynthesis - 0.00596 (ms)
[2026-05-28 19:54:37,987] qiskit.passmanager.base_tasks - INFO - Pass: BasisTranslator - 0.34165 (ms)
[2026-05-28 19:54:37,987] qiskit.passmanager.base_tasks - INFO - Pass: ConsolidateBlocks - 0.06080 (ms)
[2026-05-28 19:54:37,987] qiskit.passmanager.base_tasks - INFO - Pass: UnitarySynthesis - 0.00286 (ms)
[2026-05-28 19:54:37,987] qiskit.passmanager.base_tasks - INFO - Pass: Size - 0.00238 (ms)
[2026-05-28 19:54:37,987] qiskit.passmanager.base_tasks - INFO - Pass: Depth - 0.00739 (ms)
[2026-05-28 19:54:37,987] qiskit.passmanager.base_tasks - INFO - Pass: FixedPoint - 0.00477 (ms)
[2026-05-28 19:54:37,987] qiskit.passmanager.base_tasks - INFO - Pass: FixedPoint - 0.00191 (ms)
[2026-05-28 19:54:37,987] qiskit.passmanager.base_tasks - INFO - Pass: RemoveIdentityEquivalent - 0.00405 (ms)
[2026-05-28 19:54:37,987] qiskit.passmanager.base_tasks - INFO - Pass: Optimize1qGatesDecomposition - 0.02670 (ms)
[2026-05-28 19:54:37,987] qiskit.passmanager.base_tasks - INFO - Pass: CommutativeCancellation - 0.01812 (ms)
[2026-05-28 19:54:37,987] qiskit.passmanager.base_tasks - INFO - Pass: ContractIdleWiresInControlFlow - 0.00143 (ms)
[2026-05-28 19:54:37,987] qiskit.passmanager.base_tasks - INFO - Pass: GatesInBasis - 0.00381 (ms)
[2026-05-28 19:54:37,987] qiskit.passmanager.base_tasks - INFO - Pass: Size - 0.00119 (ms)
[2026-05-28 19:54:37,987] qiskit.passmanager.base_tasks - INFO - Pass: Depth - 0.00453 (ms)
[2026-05-28 19:54:37,987] qiskit.passmanager.base_tasks - INFO - Pass: FixedPoint - 0.00238 (ms)
[2026-05-28 19:54:37,987] qiskit.passmanager.base_tasks - INFO - Pass: FixedPoint - 0.00143 (ms)
[2026-05-28 19:54:37,987] qiskit.passmanager.base_tasks - INFO - Pass: RemoveIdentityEquivalent - 0.00238 (ms)
[2026-05-28 19:54:37,987] qiskit.passmanager.base_tasks - INFO - Pass: Optimize1qGatesDecomposition - 0.01359 (ms)
[2026-05-28 19:54:37,987] qiskit.passmanager.base_tasks - INFO - Pass: CommutativeCancellation - 0.01359 (ms)
[2026-05-28 19:54:37,988] qiskit.passmanager.base_tasks - INFO - Pass: ContractIdleWiresInControlFlow - 0.00119 (ms)
[2026-05-28 19:54:37,988] qiskit.passmanager.base_tasks - INFO - Pass: GatesInBasis - 0.00215 (ms)
[2026-05-28 19:54:37,988] qiskit.passmanager.base_tasks - INFO - Pass: Size - 0.00143 (ms)
[2026-05-28 19:54:37,988] qiskit.passmanager.base_tasks - INFO - Pass: Depth - 0.00381 (ms)
[2026-05-28 19:54:37,988] qiskit.passmanager.base_tasks - INFO - Pass: FixedPoint - 0.00215 (ms)
[2026-05-28 19:54:37,988] qiskit.passmanager.base_tasks - INFO - Pass: FixedPoint - 0.00191 (ms)
[2026-05-28 19:54:37,988] qiskit.passmanager.base_tasks - INFO - Pass: ContainsInstruction - 0.00215 (ms)
[2026-05-28 19:54:37,988] qiskit.compiler.transpiler - INFO - Total Transpile Time - 6.24108 (ms)
[2026-05-28 19:55:01,772] qiskit.passmanager.base_tasks - INFO - Pass: ContainsInstruction - 0.00811 (ms)
[2026-05-28 19:55:01,773] qiskit.passmanager.base_tasks - INFO - Pass: UnitarySynthesis - 0.02146 (ms)
[2026-05-28 19:55:01,773] qiskit.passmanager.base_tasks - INFO - Pass: HighLevelSynthesis - 0.00477 (ms)
[2026-05-28 19:55:01,773] qiskit.passmanager.base_tasks - INFO - Pass: BasisTranslator - 0.01788 (ms)
[2026-05-28 19:55:01,773] qiskit.passmanager.base_tasks - INFO - Pass: ElidePermutations - 0.00644 (ms)
[2026-05-28 19:55:01,773] qiskit.passmanager.base_tasks - INFO - Pass: RemoveDiagonalGatesBeforeMeasure - 0.00620 (ms)
[2026-05-28 19:55:01,773] qiskit.passmanager.base_tasks - INFO - Pass: RemoveIdentityEquivalent - 0.00882 (ms)
[2026-05-28 19:55:01,773] qiskit.passmanager.base_tasks - INFO - Pass: InverseCancellation - 0.01335 (ms)
[2026-05-28 19:55:01,773] qiskit.passmanager.base_tasks - INFO - Pass: ContractIdleWiresInControlFlow - 0.00119 (ms)
[2026-05-28 19:55:01,773] qiskit.passmanager.base_tasks - INFO - Pass: CommutativeCancellation - 0.02956 (ms)
[2026-05-28 19:55:01,773] qiskit.passmanager.base_tasks - INFO - Pass: ConsolidateBlocks - 0.05698 (ms)
[2026-05-28 19:55:01,773] qiskit.passmanager.base_tasks - INFO - Pass: Split2QUnitaries - 0.00191 (ms)
[2026-05-28 19:55:01,773] qiskit.passmanager.base_tasks - INFO - Pass: UnitarySynthesis - 0.00286 (ms)
[2026-05-28 19:55:01,773] qiskit.passmanager.base_tasks - INFO - Pass: HighLevelSynthesis - 0.00668 (ms)
[2026-05-28 19:55:01,781] qiskit.passmanager.base_tasks - INFO - Pass: BasisTranslator - 8.50081 (ms)
[2026-05-28 19:55:01,782] qiskit.passmanager.base_tasks - INFO - Pass: ConsolidateBlocks - 0.11015 (ms)
[2026-05-28 19:55:01,782] qiskit.passmanager.base_tasks - INFO - Pass: UnitarySynthesis - 0.00525 (ms)
[2026-05-28 19:55:01,782] qiskit.passmanager.base_tasks - INFO - Pass: Size - 0.00477 (ms)
[2026-05-28 19:55:01,782] qiskit.passmanager.base_tasks - INFO - Pass: Depth - 0.00882 (ms)
[2026-05-28 19:55:01,782] qiskit.passmanager.base_tasks - INFO - Pass: FixedPoint - 0.00668 (ms)
[2026-05-28 19:55:01,782] qiskit.passmanager.base_tasks - INFO - Pass: FixedPoint - 0.00191 (ms)
[2026-05-28 19:55:01,782] qiskit.passmanager.base_tasks - INFO - Pass: RemoveIdentityEquivalent - 0.00644 (ms)
[2026-05-28 19:55:01,782] qiskit.passmanager.base_tasks - INFO - Pass: Optimize1qGatesDecomposition - 0.03743 (ms)
[2026-05-28 19:55:01,782] qiskit.passmanager.base_tasks - INFO - Pass: CommutativeCancellation - 0.02980 (ms)
[2026-05-28 19:55:01,782] qiskit.passmanager.base_tasks - INFO - Pass: ContractIdleWiresInControlFlow - 0.00167 (ms)
[2026-05-28 19:55:01,782] qiskit.passmanager.base_tasks - INFO - Pass: GatesInBasis - 0.00501 (ms)
[2026-05-28 19:55:01,782] qiskit.passmanager.base_tasks - INFO - Pass: Size - 0.00143 (ms)
[2026-05-28 19:55:01,782] qiskit.passmanager.base_tasks - INFO - Pass: Depth - 0.00620 (ms)
[2026-05-28 19:55:01,782] qiskit.passmanager.base_tasks - INFO - Pass: FixedPoint - 0.00286 (ms)
[2026-05-28 19:55:01,782] qiskit.passmanager.base_tasks - INFO - Pass: FixedPoint - 0.00238 (ms)
[2026-05-28 19:55:01,782] qiskit.passmanager.base_tasks - INFO - Pass: RemoveIdentityEquivalent - 0.00286 (ms)
[2026-05-28 19:55:01,782] qiskit.passmanager.base_tasks - INFO - Pass: Optimize1qGatesDecomposition - 0.01836 (ms)
[2026-05-28 19:55:01,782] qiskit.passmanager.base_tasks - INFO - Pass: CommutativeCancellation - 0.01812 (ms)
[2026-05-28 19:55:01,782] qiskit.passmanager.base_tasks - INFO - Pass: ContractIdleWiresInControlFlow - 0.00143 (ms)
[2026-05-28 19:55:01,782] qiskit.passmanager.base_tasks - INFO - Pass: GatesInBasis - 0.00262 (ms)
[2026-05-28 19:55:01,782] qiskit.passmanager.base_tasks - INFO - Pass: Size - 0.00119 (ms)
[2026-05-28 19:55:01,782] qiskit.passmanager.base_tasks - INFO - Pass: Depth - 0.00477 (ms)
[2026-05-28 19:55:01,782] qiskit.passmanager.base_tasks - INFO - Pass: FixedPoint - 0.00215 (ms)
[2026-05-28 19:55:01,782] qiskit.passmanager.base_tasks - INFO - Pass: FixedPoint - 0.00167 (ms)
[2026-05-28 19:55:01,782] qiskit.passmanager.base_tasks - INFO - Pass: ContainsInstruction - 0.00334 (ms)
[2026-05-28 19:55:01,782] qiskit.compiler.transpiler - INFO - Total Transpile Time - 14.63699 (ms)
[2026-05-28 19:55:23,768] qiskit.passmanager.base_tasks - INFO - Pass: ContainsInstruction - 0.00548 (ms)
[2026-05-28 19:55:23,768] qiskit.passmanager.base_tasks - INFO - Pass: UnitarySynthesis - 0.00453 (ms)
[2026-05-28 19:55:23,768] qiskit.passmanager.base_tasks - INFO - Pass: HighLevelSynthesis - 0.00310 (ms)
[2026-05-28 19:55:23,768] qiskit.passmanager.base_tasks - INFO - Pass: BasisTranslator - 0.01383 (ms)
[2026-05-28 19:55:23,768] qiskit.passmanager.base_tasks - INFO - Pass: ElidePermutations - 0.00334 (ms)
[2026-05-28 19:55:23,768] qiskit.passmanager.base_tasks - INFO - Pass: RemoveDiagonalGatesBeforeMeasure - 0.00453 (ms)
[2026-05-28 19:55:23,768] qiskit.passmanager.base_tasks - INFO - Pass: RemoveIdentityEquivalent - 0.00668 (ms)
[2026-05-28 19:55:23,768] qiskit.passmanager.base_tasks - INFO - Pass: InverseCancellation - 0.00787 (ms)
[2026-05-28 19:55:23,768] qiskit.passmanager.base_tasks - INFO - Pass: ContractIdleWiresInControlFlow - 0.00095 (ms)
[2026-05-28 19:55:23,768] qiskit.passmanager.base_tasks - INFO - Pass: CommutativeCancellation - 0.01836 (ms)
[2026-05-28 19:55:23,768] qiskit.passmanager.base_tasks - INFO - Pass: ConsolidateBlocks - 0.03982 (ms)
[2026-05-28 19:55:23,768] qiskit.passmanager.base_tasks - INFO - Pass: Split2QUnitaries - 0.00167 (ms)
[2026-05-28 19:55:23,768] qiskit.passmanager.base_tasks - INFO - Pass: UnitarySynthesis - 0.00238 (ms)
[2026-05-28 19:55:23,768] qiskit.passmanager.base_tasks - INFO - Pass: HighLevelSynthesis - 0.00381 (ms)
[2026-05-28 19:55:23,769] qiskit.passmanager.base_tasks - INFO - Pass: BasisTranslator - 0.24033 (ms)
[2026-05-28 19:55:23,769] qiskit.passmanager.base_tasks - INFO - Pass: ConsolidateBlocks - 0.05221 (ms)
[2026-05-28 19:55:23,769] qiskit.passmanager.base_tasks - INFO - Pass: UnitarySynthesis - 0.00286 (ms)
[2026-05-28 19:55:23,769] qiskit.passmanager.base_tasks - INFO - Pass: Size - 0.00191 (ms)
[2026-05-28 19:55:23,769] qiskit.passmanager.base_tasks - INFO - Pass: Depth - 0.00572 (ms)
[2026-05-28 19:55:23,769] qiskit.passmanager.base_tasks - INFO - Pass: FixedPoint - 0.00381 (ms)
[2026-05-28 19:55:23,769] qiskit.passmanager.base_tasks - INFO - Pass: FixedPoint - 0.00143 (ms)
[2026-05-28 19:55:23,769] qiskit.passmanager.base_tasks - INFO - Pass: RemoveIdentityEquivalent - 0.00405 (ms)
[2026-05-28 19:55:23,769] qiskit.passmanager.base_tasks - INFO - Pass: Optimize1qGatesDecomposition - 0.02575 (ms)
[2026-05-28 19:55:23,769] qiskit.passmanager.base_tasks - INFO - Pass: CommutativeCancellation - 0.02050 (ms)
[2026-05-28 19:55:23,769] qiskit.passmanager.base_tasks - INFO - Pass: ContractIdleWiresInControlFlow - 0.00119 (ms)
[2026-05-28 19:55:23,769] qiskit.passmanager.base_tasks - INFO - Pass: GatesInBasis - 0.00501 (ms)
[2026-05-28 19:55:23,769] qiskit.passmanager.base_tasks - INFO - Pass: Size - 0.00095 (ms)
[2026-05-28 19:55:23,769] qiskit.passmanager.base_tasks - INFO - Pass: Depth - 0.00429 (ms)
[2026-05-28 19:55:23,769] qiskit.passmanager.base_tasks - INFO - Pass: FixedPoint - 0.00215 (ms)
[2026-05-28 19:55:23,769] qiskit.passmanager.base_tasks - INFO - Pass: FixedPoint - 0.00119 (ms)
[2026-05-28 19:55:23,769] qiskit.passmanager.base_tasks - INFO - Pass: RemoveIdentityEquivalent - 0.00310 (ms)
[2026-05-28 19:55:23,769] qiskit.passmanager.base_tasks - INFO - Pass: Optimize1qGatesDecomposition - 0.01502 (ms)
[2026-05-28 19:55:23,769] qiskit.passmanager.base_tasks - INFO - Pass: CommutativeCancellation - 0.01431 (ms)
[2026-05-28 19:55:23,769] qiskit.passmanager.base_tasks - INFO - Pass: ContractIdleWiresInControlFlow - 0.00072 (ms)
[2026-05-28 19:55:23,769] qiskit.passmanager.base_tasks - INFO - Pass: GatesInBasis - 0.00262 (ms)
[2026-05-28 19:55:23,769] qiskit.passmanager.base_tasks - INFO - Pass: Size - 0.00072 (ms)
[2026-05-28 19:55:23,769] qiskit.passmanager.base_tasks - INFO - Pass: Depth - 0.00358 (ms)
[2026-05-28 19:55:23,769] qiskit.passmanager.base_tasks - INFO - Pass: FixedPoint - 0.00215 (ms)
[2026-05-28 19:55:23,769] qiskit.passmanager.base_tasks - INFO - Pass: FixedPoint - 0.00143 (ms)
[2026-05-28 19:55:23,769] qiskit.passmanager.base_tasks - INFO - Pass: ContainsInstruction - 0.00334 (ms)
[2026-05-28 19:55:23,769] qiskit.compiler.transpiler - INFO - Total Transpile Time - 4.31538 (ms)
[2026-05-28 19:55:43,723] qiskit.passmanager.base_tasks - INFO - Pass: ContainsInstruction - 0.01693 (ms)
[2026-05-28 19:55:43,723] qiskit.passmanager.base_tasks - INFO - Pass: UnitarySynthesis - 0.00429 (ms)
[2026-05-28 19:55:43,723] qiskit.passmanager.base_tasks - INFO - Pass: HighLevelSynthesis - 0.00381 (ms)
[2026-05-28 19:55:43,723] qiskit.passmanager.base_tasks - INFO - Pass: BasisTranslator - 0.01359 (ms)
[2026-05-28 19:55:43,723] qiskit.passmanager.base_tasks - INFO - Pass: ElidePermutations - 0.00405 (ms)
[2026-05-28 19:55:43,723] qiskit.passmanager.base_tasks - INFO - Pass: RemoveDiagonalGatesBeforeMeasure - 0.00477 (ms)
[2026-05-28 19:55:43,723] qiskit.passmanager.base_tasks - INFO - Pass: RemoveIdentityEquivalent - 0.00572 (ms)
[2026-05-28 19:55:43,723] qiskit.passmanager.base_tasks - INFO - Pass: InverseCancellation - 0.01025 (ms)
[2026-05-28 19:55:43,723] qiskit.passmanager.base_tasks - INFO - Pass: ContractIdleWiresInControlFlow - 0.00167 (ms)
[2026-05-28 19:55:43,723] qiskit.passmanager.base_tasks - INFO - Pass: CommutativeCancellation - 0.02241 (ms)
[2026-05-28 19:55:43,723] qiskit.passmanager.base_tasks - INFO - Pass: ConsolidateBlocks - 0.04148 (ms)
[2026-05-28 19:55:43,723] qiskit.passmanager.base_tasks - INFO - Pass: Split2QUnitaries - 0.00167 (ms)
[2026-05-28 19:55:43,723] qiskit.passmanager.base_tasks - INFO - Pass: UnitarySynthesis - 0.00238 (ms)
[2026-05-28 19:55:43,723] qiskit.passmanager.base_tasks - INFO - Pass: HighLevelSynthesis - 0.00620 (ms)
[2026-05-28 19:55:43,724] qiskit.passmanager.base_tasks - INFO - Pass: BasisTranslator - 0.24748 (ms)
[2026-05-28 19:55:43,724] qiskit.passmanager.base_tasks - INFO - Pass: ConsolidateBlocks - 0.05484 (ms)
[2026-05-28 19:55:43,724] qiskit.passmanager.base_tasks - INFO - Pass: UnitarySynthesis - 0.10014 (ms)
[2026-05-28 19:55:43,724] qiskit.passmanager.base_tasks - INFO - Pass: Size - 0.00286 (ms)
[2026-05-28 19:55:43,724] qiskit.passmanager.base_tasks - INFO - Pass: Depth - 0.00644 (ms)
[2026-05-28 19:55:43,724] qiskit.passmanager.base_tasks - INFO - Pass: FixedPoint - 0.00477 (ms)
[2026-05-28 19:55:43,724] qiskit.passmanager.base_tasks - INFO - Pass: FixedPoint - 0.00215 (ms)
[2026-05-28 19:55:43,724] qiskit.passmanager.base_tasks - INFO - Pass: RemoveIdentityEquivalent - 0.00429 (ms)
[2026-05-28 19:55:43,724] qiskit.passmanager.base_tasks - INFO - Pass: Optimize1qGatesDecomposition - 0.02289 (ms)
[2026-05-28 19:55:43,724] qiskit.passmanager.base_tasks - INFO - Pass: CommutativeCancellation - 0.01693 (ms)
[2026-05-28 19:55:43,724] qiskit.passmanager.base_tasks - INFO - Pass: ContractIdleWiresInControlFlow - 0.00119 (ms)
[2026-05-28 19:55:43,724] qiskit.passmanager.base_tasks - INFO - Pass: GatesInBasis - 0.00358 (ms)
[2026-05-28 19:55:43,724] qiskit.passmanager.base_tasks - INFO - Pass: Size - 0.00119 (ms)
[2026-05-28 19:55:43,724] qiskit.passmanager.base_tasks - INFO - Pass: Depth - 0.00501 (ms)
[2026-05-28 19:55:43,724] qiskit.passmanager.base_tasks - INFO - Pass: FixedPoint - 0.00215 (ms)
[2026-05-28 19:55:43,724] qiskit.passmanager.base_tasks - INFO - Pass: FixedPoint - 0.00191 (ms)
[2026-05-28 19:55:43,724] qiskit.passmanager.base_tasks - INFO - Pass: RemoveIdentityEquivalent - 0.00262 (ms)
[2026-05-28 19:55:43,724] qiskit.passmanager.base_tasks - INFO - Pass: Optimize1qGatesDecomposition - 0.01383 (ms)
[2026-05-28 19:55:43,724] qiskit.passmanager.base_tasks - INFO - Pass: CommutativeCancellation - 0.01335 (ms)
[2026-05-28 19:55:43,724] qiskit.passmanager.base_tasks - INFO - Pass: ContractIdleWiresInControlFlow - 0.00095 (ms)
[2026-05-28 19:55:43,724] qiskit.passmanager.base_tasks - INFO - Pass: GatesInBasis - 0.00191 (ms)
[2026-05-28 19:55:43,724] qiskit.passmanager.base_tasks - INFO - Pass: Size - 0.00095 (ms)
[2026-05-28 19:55:43,724] qiskit.passmanager.base_tasks - INFO - Pass: Depth - 0.00381 (ms)
[2026-05-28 19:55:43,724] qiskit.passmanager.base_tasks - INFO - Pass: FixedPoint - 0.00167 (ms)
[2026-05-28 19:55:43,724] qiskit.passmanager.base_tasks - INFO - Pass: FixedPoint - 0.00143 (ms)
[2026-05-28 19:55:43,724] qiskit.passmanager.base_tasks - INFO - Pass: ContainsInstruction - 0.00238 (ms)
[2026-05-28 19:55:43,724] qiskit.compiler.transpiler - INFO - Total Transpile Time - 4.40288 (ms)
[2026-05-28 19:56:07,548] qiskit.passmanager.base_tasks - INFO - Pass: ContainsInstruction - 0.00572 (ms)
[2026-05-28 19:56:07,548] qiskit.passmanager.base_tasks - INFO - Pass: UnitarySynthesis - 0.00310 (ms)
[2026-05-28 19:56:07,548] qiskit.passmanager.base_tasks - INFO - Pass: HighLevelSynthesis - 0.00334 (ms)
[2026-05-28 19:56:07,548] qiskit.passmanager.base_tasks - INFO - Pass: BasisTranslator - 0.01144 (ms)
[2026-05-28 19:56:07,548] qiskit.passmanager.base_tasks - INFO - Pass: ElidePermutations - 0.00334 (ms)
[2026-05-28 19:56:07,548] qiskit.passmanager.base_tasks - INFO - Pass: RemoveDiagonalGatesBeforeMeasure - 0.00381 (ms)
[2026-05-28 19:56:07,548] qiskit.passmanager.base_tasks - INFO - Pass: RemoveIdentityEquivalent - 0.00548 (ms)
[2026-05-28 19:56:07,548] qiskit.passmanager.base_tasks - INFO - Pass: InverseCancellation - 0.00858 (ms)
[2026-05-28 19:56:07,548] qiskit.passmanager.base_tasks - INFO - Pass: ContractIdleWiresInControlFlow - 0.00072 (ms)
[2026-05-28 19:56:07,548] qiskit.passmanager.base_tasks - INFO - Pass: CommutativeCancellation - 0.01836 (ms)
[2026-05-28 19:56:07,548] qiskit.passmanager.base_tasks - INFO - Pass: ConsolidateBlocks - 0.03576 (ms)
[2026-05-28 19:56:07,548] qiskit.passmanager.base_tasks - INFO - Pass: Split2QUnitaries - 0.00143 (ms)
[2026-05-28 19:56:07,548] qiskit.passmanager.base_tasks - INFO - Pass: UnitarySynthesis - 0.00215 (ms)
[2026-05-28 19:56:07,548] qiskit.passmanager.base_tasks - INFO - Pass: HighLevelSynthesis - 0.00453 (ms)
[2026-05-28 19:56:07,549] qiskit.passmanager.base_tasks - INFO - Pass: BasisTranslator - 0.26655 (ms)
[2026-05-28 19:56:07,549] qiskit.passmanager.base_tasks - INFO - Pass: ConsolidateBlocks - 0.04983 (ms)
[2026-05-28 19:56:07,549] qiskit.passmanager.base_tasks - INFO - Pass: UnitarySynthesis - 0.00238 (ms)
[2026-05-28 19:56:07,549] qiskit.passmanager.base_tasks - INFO - Pass: Size - 0.00215 (ms)
[2026-05-28 19:56:07,549] qiskit.passmanager.base_tasks - INFO - Pass: Depth - 0.00548 (ms)
[2026-05-28 19:56:07,549] qiskit.passmanager.base_tasks - INFO - Pass: FixedPoint - 0.00429 (ms)
[2026-05-28 19:56:07,549] qiskit.passmanager.base_tasks - INFO - Pass: FixedPoint - 0.00119 (ms)
[2026-05-28 19:56:07,549] qiskit.passmanager.base_tasks - INFO - Pass: RemoveIdentityEquivalent - 0.00381 (ms)
[2026-05-28 19:56:07,549] qiskit.passmanager.base_tasks - INFO - Pass: Optimize1qGatesDecomposition - 0.02480 (ms)
[2026-05-28 19:56:07,549] qiskit.passmanager.base_tasks - INFO - Pass: CommutativeCancellation - 0.01621 (ms)
[2026-05-28 19:56:07,549] qiskit.passmanager.base_tasks - INFO - Pass: ContractIdleWiresInControlFlow - 0.00072 (ms)
[2026-05-28 19:56:07,549] qiskit.passmanager.base_tasks - INFO - Pass: GatesInBasis - 0.00286 (ms)
[2026-05-28 19:56:07,549] qiskit.passmanager.base_tasks - INFO - Pass: Size - 0.00072 (ms)
[2026-05-28 19:56:07,549] qiskit.passmanager.base_tasks - INFO - Pass: Depth - 0.00453 (ms)
[2026-05-28 19:56:07,549] qiskit.passmanager.base_tasks - INFO - Pass: FixedPoint - 0.00167 (ms)
[2026-05-28 19:56:07,549] qiskit.passmanager.base_tasks - INFO - Pass: FixedPoint - 0.00095 (ms)
[2026-05-28 19:56:07,549] qiskit.passmanager.base_tasks - INFO - Pass: RemoveIdentityEquivalent - 0.00167 (ms)
[2026-05-28 19:56:07,549] qiskit.passmanager.base_tasks - INFO - Pass: Optimize1qGatesDecomposition - 0.01168 (ms)
[2026-05-28 19:56:07,549] qiskit.passmanager.base_tasks - INFO - Pass: CommutativeCancellation - 0.01168 (ms)
[2026-05-28 19:56:07,549] qiskit.passmanager.base_tasks - INFO - Pass: ContractIdleWiresInControlFlow - 0.00048 (ms)
[2026-05-28 19:56:07,549] qiskit.passmanager.base_tasks - INFO - Pass: GatesInBasis - 0.00191 (ms)
[2026-05-28 19:56:07,549] qiskit.passmanager.base_tasks - INFO - Pass: Size - 0.00072 (ms)
[2026-05-28 19:56:07,549] qiskit.passmanager.base_tasks - INFO - Pass: Depth - 0.00310 (ms)
[2026-05-28 19:56:07,549] qiskit.passmanager.base_tasks - INFO - Pass: FixedPoint - 0.00143 (ms)
[2026-05-28 19:56:07,549] qiskit.passmanager.base_tasks - INFO - Pass: FixedPoint - 0.00119 (ms)
[2026-05-28 19:56:07,549] qiskit.passmanager.base_tasks - INFO - Pass: ContainsInstruction - 0.00191 (ms)
[2026-05-28 19:56:07,549] qiskit.compiler.transpiler - INFO - Total Transpile Time - 3.73864 (ms)
[2026-05-28 19:56:30,038] qiskit.passmanager.base_tasks - INFO - Pass: ContainsInstruction - 0.00596 (ms)
[2026-05-28 19:56:30,038] qiskit.passmanager.base_tasks - INFO - Pass: UnitarySynthesis - 0.00477 (ms)
[2026-05-28 19:56:30,038] qiskit.passmanager.base_tasks - INFO - Pass: HighLevelSynthesis - 0.00358 (ms)
[2026-05-28 19:56:30,038] qiskit.passmanager.base_tasks - INFO - Pass: BasisTranslator - 0.01287 (ms)
[2026-05-28 19:56:30,038] qiskit.passmanager.base_tasks - INFO - Pass: ElidePermutations - 0.00358 (ms)
[2026-05-28 19:56:30,038] qiskit.passmanager.base_tasks - INFO - Pass: RemoveDiagonalGatesBeforeMeasure - 0.00572 (ms)
[2026-05-28 19:56:30,038] qiskit.passmanager.base_tasks - INFO - Pass: RemoveIdentityEquivalent - 0.00834 (ms)
[2026-05-28 19:56:30,038] qiskit.passmanager.base_tasks - INFO - Pass: InverseCancellation - 0.00930 (ms)
[2026-05-28 19:56:30,038] qiskit.passmanager.base_tasks - INFO - Pass: ContractIdleWiresInControlFlow - 0.00143 (ms)
[2026-05-28 19:56:30,038] qiskit.passmanager.base_tasks - INFO - Pass: CommutativeCancellation - 0.02456 (ms)
[2026-05-28 19:56:30,038] qiskit.passmanager.base_tasks - INFO - Pass: ConsolidateBlocks - 0.04411 (ms)
[2026-05-28 19:56:30,038] qiskit.passmanager.base_tasks - INFO - Pass: Split2QUnitaries - 0.00215 (ms)
[2026-05-28 19:56:30,038] qiskit.passmanager.base_tasks - INFO - Pass: UnitarySynthesis - 0.00238 (ms)
[2026-05-28 19:56:30,038] qiskit.passmanager.base_tasks - INFO - Pass: HighLevelSynthesis - 0.00572 (ms)
[2026-05-28 19:56:30,039] qiskit.passmanager.base_tasks - INFO - Pass: BasisTranslator - 0.28586 (ms)
[2026-05-28 19:56:30,039] qiskit.passmanager.base_tasks - INFO - Pass: ConsolidateBlocks - 0.05627 (ms)
[2026-05-28 19:56:30,039] qiskit.passmanager.base_tasks - INFO - Pass: UnitarySynthesis - 0.00358 (ms)
[2026-05-28 19:56:30,039] qiskit.passmanager.base_tasks - INFO - Pass: Size - 0.00286 (ms)
[2026-05-28 19:56:30,039] qiskit.passmanager.base_tasks - INFO - Pass: Depth - 0.00644 (ms)
[2026-05-28 19:56:30,039] qiskit.passmanager.base_tasks - INFO - Pass: FixedPoint - 0.00525 (ms)
[2026-05-28 19:56:30,039] qiskit.passmanager.base_tasks - INFO - Pass: FixedPoint - 0.00215 (ms)
[2026-05-28 19:56:30,039] qiskit.passmanager.base_tasks - INFO - Pass: RemoveIdentityEquivalent - 0.00429 (ms)
[2026-05-28 19:56:30,039] qiskit.passmanager.base_tasks - INFO - Pass: Optimize1qGatesDecomposition - 0.02646 (ms)
[2026-05-28 19:56:30,039] qiskit.passmanager.base_tasks - INFO - Pass: CommutativeCancellation - 0.01884 (ms)
[2026-05-28 19:56:30,039] qiskit.passmanager.base_tasks - INFO - Pass: ContractIdleWiresInControlFlow - 0.00072 (ms)
[2026-05-28 19:56:30,039] qiskit.passmanager.base_tasks - INFO - Pass: GatesInBasis - 0.00358 (ms)
[2026-05-28 19:56:30,039] qiskit.passmanager.base_tasks - INFO - Pass: Size - 0.00191 (ms)
[2026-05-28 19:56:30,039] qiskit.passmanager.base_tasks - INFO - Pass: Depth - 0.00453 (ms)
[2026-05-28 19:56:30,039] qiskit.passmanager.base_tasks - INFO - Pass: FixedPoint - 0.00191 (ms)
[2026-05-28 19:56:30,039] qiskit.passmanager.base_tasks - INFO - Pass: FixedPoint - 0.00143 (ms)
[2026-05-28 19:56:30,039] qiskit.passmanager.base_tasks - INFO - Pass: RemoveIdentityEquivalent - 0.00262 (ms)
[2026-05-28 19:56:30,039] qiskit.passmanager.base_tasks - INFO - Pass: Optimize1qGatesDecomposition - 0.01335 (ms)
[2026-05-28 19:56:30,039] qiskit.passmanager.base_tasks - INFO - Pass: CommutativeCancellation - 0.01359 (ms)
[2026-05-28 19:56:30,039] qiskit.passmanager.base_tasks - INFO - Pass: ContractIdleWiresInControlFlow - 0.00072 (ms)
[2026-05-28 19:56:30,039] qiskit.passmanager.base_tasks - INFO - Pass: GatesInBasis - 0.00191 (ms)
[2026-05-28 19:56:30,039] qiskit.passmanager.base_tasks - INFO - Pass: Size - 0.00072 (ms)
[2026-05-28 19:56:30,039] qiskit.passmanager.base_tasks - INFO - Pass: Depth - 0.00334 (ms)
[2026-05-28 19:56:30,039] qiskit.passmanager.base_tasks - INFO - Pass: FixedPoint - 0.00143 (ms)
[2026-05-28 19:56:30,039] qiskit.passmanager.base_tasks - INFO - Pass: FixedPoint - 0.00119 (ms)
[2026-05-28 19:56:30,039] qiskit.passmanager.base_tasks - INFO - Pass: ContainsInstruction - 0.00215 (ms)
[2026-05-28 19:56:30,039] qiskit.compiler.transpiler - INFO - Total Transpile Time - 4.34494 (ms)
[2026-05-28 19:56:51,622] qiskit.passmanager.base_tasks - INFO - Pass: ContainsInstruction - 0.00668 (ms)
[2026-05-28 19:56:51,622] qiskit.passmanager.base_tasks - INFO - Pass: UnitarySynthesis - 0.00525 (ms)
[2026-05-28 19:56:51,622] qiskit.passmanager.base_tasks - INFO - Pass: HighLevelSynthesis - 0.00381 (ms)
[2026-05-28 19:56:51,622] qiskit.passmanager.base_tasks - INFO - Pass: BasisTranslator - 0.01287 (ms)
[2026-05-28 19:56:51,622] qiskit.passmanager.base_tasks - INFO - Pass: ElidePermutations - 0.00405 (ms)
[2026-05-28 19:56:51,622] qiskit.passmanager.base_tasks - INFO - Pass: RemoveDiagonalGatesBeforeMeasure - 0.01240 (ms)
[2026-05-28 19:56:51,622] qiskit.passmanager.base_tasks - INFO - Pass: RemoveIdentityEquivalent - 0.00763 (ms)
[2026-05-28 19:56:51,622] qiskit.passmanager.base_tasks - INFO - Pass: InverseCancellation - 0.01144 (ms)
[2026-05-28 19:56:51,622] qiskit.passmanager.base_tasks - INFO - Pass: ContractIdleWiresInControlFlow - 0.00143 (ms)
[2026-05-28 19:56:51,622] qiskit.passmanager.base_tasks - INFO - Pass: CommutativeCancellation - 0.02193 (ms)
[2026-05-28 19:56:51,623] qiskit.passmanager.base_tasks - INFO - Pass: ConsolidateBlocks - 0.04029 (ms)
[2026-05-28 19:56:51,623] qiskit.passmanager.base_tasks - INFO - Pass: Split2QUnitaries - 0.00167 (ms)
[2026-05-28 19:56:51,623] qiskit.passmanager.base_tasks - INFO - Pass: UnitarySynthesis - 0.00286 (ms)
[2026-05-28 19:56:51,623] qiskit.passmanager.base_tasks - INFO - Pass: HighLevelSynthesis - 0.00477 (ms)
[2026-05-28 19:56:51,623] qiskit.passmanager.base_tasks - INFO - Pass: BasisTranslator - 0.31829 (ms)
[2026-05-28 19:56:51,623] qiskit.passmanager.base_tasks - INFO - Pass: ConsolidateBlocks - 0.05507 (ms)
[2026-05-28 19:56:51,623] qiskit.passmanager.base_tasks - INFO - Pass: UnitarySynthesis - 0.00310 (ms)
[2026-05-28 19:56:51,623] qiskit.passmanager.base_tasks - INFO - Pass: Size - 0.00310 (ms)
[2026-05-28 19:56:51,623] qiskit.passmanager.base_tasks - INFO - Pass: Depth - 0.00691 (ms)
[2026-05-28 19:56:51,623] qiskit.passmanager.base_tasks - INFO - Pass: FixedPoint - 0.00453 (ms)
[2026-05-28 19:56:51,623] qiskit.passmanager.base_tasks - INFO - Pass: FixedPoint - 0.00143 (ms)
[2026-05-28 19:56:51,623] qiskit.passmanager.base_tasks - INFO - Pass: RemoveIdentityEquivalent - 0.00405 (ms)
[2026-05-28 19:56:51,623] qiskit.passmanager.base_tasks - INFO - Pass: Optimize1qGatesDecomposition - 0.02742 (ms)
[2026-05-28 19:56:51,623] qiskit.passmanager.base_tasks - INFO - Pass: CommutativeCancellation - 0.01884 (ms)
[2026-05-28 19:56:51,623] qiskit.passmanager.base_tasks - INFO - Pass: ContractIdleWiresInControlFlow - 0.00119 (ms)
[2026-05-28 19:56:51,623] qiskit.passmanager.base_tasks - INFO - Pass: GatesInBasis - 0.00310 (ms)
[2026-05-28 19:56:51,623] qiskit.passmanager.base_tasks - INFO - Pass: Size - 0.00095 (ms)
[2026-05-28 19:56:51,623] qiskit.passmanager.base_tasks - INFO - Pass: Depth - 0.00429 (ms)
[2026-05-28 19:56:51,623] qiskit.passmanager.base_tasks - INFO - Pass: FixedPoint - 0.00238 (ms)
[2026-05-28 19:56:51,623] qiskit.passmanager.base_tasks - INFO - Pass: FixedPoint - 0.00143 (ms)
[2026-05-28 19:56:51,623] qiskit.passmanager.base_tasks - INFO - Pass: RemoveIdentityEquivalent - 0.00215 (ms)
[2026-05-28 19:56:51,623] qiskit.passmanager.base_tasks - INFO - Pass: Optimize1qGatesDecomposition - 0.01264 (ms)
[2026-05-28 19:56:51,623] qiskit.passmanager.base_tasks - INFO - Pass: CommutativeCancellation - 0.01216 (ms)
[2026-05-28 19:56:51,623] qiskit.passmanager.base_tasks - INFO - Pass: ContractIdleWiresInControlFlow - 0.00119 (ms)
[2026-05-28 19:56:51,623] qiskit.passmanager.base_tasks - INFO - Pass: GatesInBasis - 0.00215 (ms)
[2026-05-28 19:56:51,623] qiskit.passmanager.base_tasks - INFO - Pass: Size - 0.00095 (ms)
[2026-05-28 19:56:51,624] qiskit.passmanager.base_tasks - INFO - Pass: Depth - 0.00358 (ms)
[2026-05-28 19:56:51,624] qiskit.passmanager.base_tasks - INFO - Pass: FixedPoint - 0.00191 (ms)
[2026-05-28 19:56:51,624] qiskit.passmanager.base_tasks - INFO - Pass: FixedPoint - 0.00143 (ms)
[2026-05-28 19:56:51,624] qiskit.passmanager.base_tasks - INFO - Pass: ContainsInstruction - 0.00215 (ms)
[2026-05-28 19:56:51,624] qiskit.compiler.transpiler - INFO - Total Transpile Time - 4.95338 (ms)
[2026-05-28 19:57:13,207] qiskit.passmanager.base_tasks - INFO - Pass: ContainsInstruction - 0.00548 (ms)
[2026-05-28 19:57:13,207] qiskit.passmanager.base_tasks - INFO - Pass: UnitarySynthesis - 0.00381 (ms)
[2026-05-28 19:57:13,207] qiskit.passmanager.base_tasks - INFO - Pass: HighLevelSynthesis - 0.00477 (ms)
[2026-05-28 19:57:13,207] qiskit.passmanager.base_tasks - INFO - Pass: BasisTranslator - 0.01311 (ms)
[2026-05-28 19:57:13,207] qiskit.passmanager.base_tasks - INFO - Pass: ElidePermutations - 0.00381 (ms)
[2026-05-28 19:57:13,207] qiskit.passmanager.base_tasks - INFO - Pass: RemoveDiagonalGatesBeforeMeasure - 0.00525 (ms)
[2026-05-28 19:57:13,207] qiskit.passmanager.base_tasks - INFO - Pass: RemoveIdentityEquivalent - 0.00572 (ms)
[2026-05-28 19:57:13,207] qiskit.passmanager.base_tasks - INFO - Pass: InverseCancellation - 0.00763 (ms)
[2026-05-28 19:57:13,207] qiskit.passmanager.base_tasks - INFO - Pass: ContractIdleWiresInControlFlow - 0.00095 (ms)
[2026-05-28 19:57:13,207] qiskit.passmanager.base_tasks - INFO - Pass: CommutativeCancellation - 0.01740 (ms)
[2026-05-28 19:57:13,207] qiskit.passmanager.base_tasks - INFO - Pass: ConsolidateBlocks - 0.03695 (ms)
[2026-05-28 19:57:13,207] qiskit.passmanager.base_tasks - INFO - Pass: Split2QUnitaries - 0.00167 (ms)
[2026-05-28 19:57:13,207] qiskit.passmanager.base_tasks - INFO - Pass: UnitarySynthesis - 0.00215 (ms)
[2026-05-28 19:57:13,207] qiskit.passmanager.base_tasks - INFO - Pass: HighLevelSynthesis - 0.00358 (ms)
[2026-05-28 19:57:13,208] qiskit.passmanager.base_tasks - INFO - Pass: BasisTranslator - 0.24462 (ms)
[2026-05-28 19:57:13,208] qiskit.passmanager.base_tasks - INFO - Pass: ConsolidateBlocks - 0.04864 (ms)
[2026-05-28 19:57:13,208] qiskit.passmanager.base_tasks - INFO - Pass: UnitarySynthesis - 0.00238 (ms)
[2026-05-28 19:57:13,208] qiskit.passmanager.base_tasks - INFO - Pass: Size - 0.00238 (ms)
[2026-05-28 19:57:13,208] qiskit.passmanager.base_tasks - INFO - Pass: Depth - 0.00548 (ms)
[2026-05-28 19:57:13,208] qiskit.passmanager.base_tasks - INFO - Pass: FixedPoint - 0.00429 (ms)
[2026-05-28 19:57:13,208] qiskit.passmanager.base_tasks - INFO - Pass: FixedPoint - 0.00143 (ms)
[2026-05-28 19:57:13,208] qiskit.passmanager.base_tasks - INFO - Pass: RemoveIdentityEquivalent - 0.00381 (ms)
[2026-05-28 19:57:13,208] qiskit.passmanager.base_tasks - INFO - Pass: Optimize1qGatesDecomposition - 0.02265 (ms)
[2026-05-28 19:57:13,208] qiskit.passmanager.base_tasks - INFO - Pass: CommutativeCancellation - 0.01788 (ms)
[2026-05-28 19:57:13,208] qiskit.passmanager.base_tasks - INFO - Pass: ContractIdleWiresInControlFlow - 0.00143 (ms)
[2026-05-28 19:57:13,208] qiskit.passmanager.base_tasks - INFO - Pass: GatesInBasis - 0.00310 (ms)
[2026-05-28 19:57:13,208] qiskit.passmanager.base_tasks - INFO - Pass: Size - 0.00143 (ms)
[2026-05-28 19:57:13,208] qiskit.passmanager.base_tasks - INFO - Pass: Depth - 0.00405 (ms)
[2026-05-28 19:57:13,208] qiskit.passmanager.base_tasks - INFO - Pass: FixedPoint - 0.00238 (ms)
[2026-05-28 19:57:13,208] qiskit.passmanager.base_tasks - INFO - Pass: FixedPoint - 0.00191 (ms)
[2026-05-28 19:57:13,208] qiskit.passmanager.base_tasks - INFO - Pass: RemoveIdentityEquivalent - 0.00215 (ms)
[2026-05-28 19:57:13,208] qiskit.passmanager.base_tasks - INFO - Pass: Optimize1qGatesDecomposition - 0.01335 (ms)
[2026-05-28 19:57:13,208] qiskit.passmanager.base_tasks - INFO - Pass: CommutativeCancellation - 0.01287 (ms)
[2026-05-28 19:57:13,208] qiskit.passmanager.base_tasks - INFO - Pass: ContractIdleWiresInControlFlow - 0.00119 (ms)
[2026-05-28 19:57:13,208] qiskit.passmanager.base_tasks - INFO - Pass: GatesInBasis - 0.00191 (ms)
[2026-05-28 19:57:13,208] qiskit.passmanager.base_tasks - INFO - Pass: Size - 0.00095 (ms)
[2026-05-28 19:57:13,208] qiskit.passmanager.base_tasks - INFO - Pass: Depth - 0.00358 (ms)
[2026-05-28 19:57:13,208] qiskit.passmanager.base_tasks - INFO - Pass: FixedPoint - 0.00191 (ms)
[2026-05-28 19:57:13,208] qiskit.passmanager.base_tasks - INFO - Pass: FixedPoint - 0.00191 (ms)
[2026-05-28 19:57:13,208] qiskit.passmanager.base_tasks - INFO - Pass: ContainsInstruction - 0.00215 (ms)
[2026-05-28 19:57:13,208] qiskit.compiler.transpiler - INFO - Total Transpile Time - 4.32277 (ms)
[2026-05-28 19:57:33,375] qiskit.passmanager.base_tasks - INFO - Pass: ContainsInstruction - 0.00548 (ms)
[2026-05-28 19:57:33,375] qiskit.passmanager.base_tasks - INFO - Pass: UnitarySynthesis - 0.00525 (ms)
[2026-05-28 19:57:33,375] qiskit.passmanager.base_tasks - INFO - Pass: HighLevelSynthesis - 0.00358 (ms)
[2026-05-28 19:57:33,375] qiskit.passmanager.base_tasks - INFO - Pass: BasisTranslator - 0.01431 (ms)
[2026-05-28 19:57:33,376] qiskit.passmanager.base_tasks - INFO - Pass: ElidePermutations - 0.00405 (ms)
[2026-05-28 19:57:33,376] qiskit.passmanager.base_tasks - INFO - Pass: RemoveDiagonalGatesBeforeMeasure - 0.00620 (ms)
[2026-05-28 19:57:33,376] qiskit.passmanager.base_tasks - INFO - Pass: RemoveIdentityEquivalent - 0.00763 (ms)
[2026-05-28 19:57:33,376] qiskit.passmanager.base_tasks - INFO - Pass: InverseCancellation - 0.01097 (ms)
[2026-05-28 19:57:33,376] qiskit.passmanager.base_tasks - INFO - Pass: ContractIdleWiresInControlFlow - 0.00119 (ms)
[2026-05-28 19:57:33,376] qiskit.passmanager.base_tasks - INFO - Pass: CommutativeCancellation - 0.02384 (ms)
[2026-05-28 19:57:33,376] qiskit.passmanager.base_tasks - INFO - Pass: ConsolidateBlocks - 0.04506 (ms)
[2026-05-28 19:57:33,376] qiskit.passmanager.base_tasks - INFO - Pass: Split2QUnitaries - 0.00143 (ms)
[2026-05-28 19:57:33,376] qiskit.passmanager.base_tasks - INFO - Pass: UnitarySynthesis - 0.00238 (ms)
[2026-05-28 19:57:33,376] qiskit.passmanager.base_tasks - INFO - Pass: HighLevelSynthesis - 0.00525 (ms)
[2026-05-28 19:57:33,376] qiskit.passmanager.base_tasks - INFO - Pass: BasisTranslator - 0.26798 (ms)
[2026-05-28 19:57:33,376] qiskit.passmanager.base_tasks - INFO - Pass: ConsolidateBlocks - 0.09131 (ms)
[2026-05-28 19:57:33,376] qiskit.passmanager.base_tasks - INFO - Pass: UnitarySynthesis - 0.19813 (ms)
[2026-05-28 19:57:33,377] qiskit.passmanager.base_tasks - INFO - Pass: Size - 0.00358 (ms)
[2026-05-28 19:57:33,377] qiskit.passmanager.base_tasks - INFO - Pass: Depth - 0.00763 (ms)
[2026-05-28 19:57:33,377] qiskit.passmanager.base_tasks - INFO - Pass: FixedPoint - 0.00525 (ms)
[2026-05-28 19:57:33,377] qiskit.passmanager.base_tasks - INFO - Pass: FixedPoint - 0.00143 (ms)
[2026-05-28 19:57:33,377] qiskit.passmanager.base_tasks - INFO - Pass: RemoveIdentityEquivalent - 0.00596 (ms)
[2026-05-28 19:57:33,377] qiskit.passmanager.base_tasks - INFO - Pass: Optimize1qGatesDecomposition - 0.02861 (ms)
[2026-05-28 19:57:33,377] qiskit.passmanager.base_tasks - INFO - Pass: CommutativeCancellation - 0.02050 (ms)
[2026-05-28 19:57:33,377] qiskit.passmanager.base_tasks - INFO - Pass: ContractIdleWiresInControlFlow - 0.00143 (ms)
[2026-05-28 19:57:33,377] qiskit.passmanager.base_tasks - INFO - Pass: GatesInBasis - 0.00286 (ms)
[2026-05-28 19:57:33,377] qiskit.passmanager.base_tasks - INFO - Pass: Size - 0.00095 (ms)
[2026-05-28 19:57:33,377] qiskit.passmanager.base_tasks - INFO - Pass: Depth - 0.00429 (ms)
[2026-05-28 19:57:33,377] qiskit.passmanager.base_tasks - INFO - Pass: FixedPoint - 0.00191 (ms)
[2026-05-28 19:57:33,377] qiskit.passmanager.base_tasks - INFO - Pass: FixedPoint - 0.00215 (ms)
[2026-05-28 19:57:33,377] qiskit.passmanager.base_tasks - INFO - Pass: RemoveIdentityEquivalent - 0.00262 (ms)
[2026-05-28 19:57:33,377] qiskit.passmanager.base_tasks - INFO - Pass: Optimize1qGatesDecomposition - 0.01431 (ms)
[2026-05-28 19:57:33,377] qiskit.passmanager.base_tasks - INFO - Pass: CommutativeCancellation - 0.01383 (ms)
[2026-05-28 19:57:33,377] qiskit.passmanager.base_tasks - INFO - Pass: ContractIdleWiresInControlFlow - 0.00143 (ms)
[2026-05-28 19:57:33,377] qiskit.passmanager.base_tasks - INFO - Pass: GatesInBasis - 0.00191 (ms)
[2026-05-28 19:57:33,377] qiskit.passmanager.base_tasks - INFO - Pass: Size - 0.00072 (ms)
[2026-05-28 19:57:33,377] qiskit.passmanager.base_tasks - INFO - Pass: Depth - 0.00381 (ms)
[2026-05-28 19:57:33,377] qiskit.passmanager.base_tasks - INFO - Pass: FixedPoint - 0.00215 (ms)
[2026-05-28 19:57:33,377] qiskit.passmanager.base_tasks - INFO - Pass: FixedPoint - 0.00143 (ms)
[2026-05-28 19:57:33,377] qiskit.passmanager.base_tasks - INFO - Pass: ContainsInstruction - 0.00334 (ms)
[2026-05-28 19:57:33,377] qiskit.compiler.transpiler - INFO - Total Transpile Time - 4.86374 (ms)
[2026-05-28 19:57:57,060] qiskit.passmanager.base_tasks - INFO - Pass: ContainsInstruction - 0.01049 (ms)
[2026-05-28 19:57:57,061] qiskit.passmanager.base_tasks - INFO - Pass: UnitarySynthesis - 0.00668 (ms)
[2026-05-28 19:57:57,061] qiskit.passmanager.base_tasks - INFO - Pass: HighLevelSynthesis - 0.00501 (ms)
[2026-05-28 19:57:57,061] qiskit.passmanager.base_tasks - INFO - Pass: BasisTranslator - 0.01907 (ms)
[2026-05-28 19:57:57,061] qiskit.passmanager.base_tasks - INFO - Pass: ElidePermutations - 0.00596 (ms)
[2026-05-28 19:57:57,061] qiskit.passmanager.base_tasks - INFO - Pass: RemoveDiagonalGatesBeforeMeasure - 0.00644 (ms)
[2026-05-28 19:57:57,061] qiskit.passmanager.base_tasks - INFO - Pass: RemoveIdentityEquivalent - 0.00882 (ms)
[2026-05-28 19:57:57,061] qiskit.passmanager.base_tasks - INFO - Pass: InverseCancellation - 0.01335 (ms)
[2026-05-28 19:57:57,061] qiskit.passmanager.base_tasks - INFO - Pass: ContractIdleWiresInControlFlow - 0.00191 (ms)
[2026-05-28 19:57:57,061] qiskit.passmanager.base_tasks - INFO - Pass: CommutativeCancellation - 0.03076 (ms)
[2026-05-28 19:57:57,061] qiskit.passmanager.base_tasks - INFO - Pass: ConsolidateBlocks - 0.05722 (ms)
[2026-05-28 19:57:57,061] qiskit.passmanager.base_tasks - INFO - Pass: Split2QUnitaries - 0.00286 (ms)
[2026-05-28 19:57:57,061] qiskit.passmanager.base_tasks - INFO - Pass: UnitarySynthesis - 0.00381 (ms)
[2026-05-28 19:57:57,061] qiskit.passmanager.base_tasks - INFO - Pass: HighLevelSynthesis - 0.00644 (ms)
[2026-05-28 19:57:57,062] qiskit.passmanager.base_tasks - INFO - Pass: BasisTranslator - 0.33379 (ms)
[2026-05-28 19:57:57,062] qiskit.passmanager.base_tasks - INFO - Pass: ConsolidateBlocks - 0.10514 (ms)
[2026-05-28 19:57:57,062] qiskit.passmanager.base_tasks - INFO - Pass: UnitarySynthesis - 0.00429 (ms)
[2026-05-28 19:57:57,062] qiskit.passmanager.base_tasks - INFO - Pass: Size - 0.00286 (ms)
[2026-05-28 19:57:57,062] qiskit.passmanager.base_tasks - INFO - Pass: Depth - 0.00763 (ms)
[2026-05-28 19:57:57,062] qiskit.passmanager.base_tasks - INFO - Pass: FixedPoint - 0.00548 (ms)
[2026-05-28 19:57:57,062] qiskit.passmanager.base_tasks - INFO - Pass: FixedPoint - 0.00262 (ms)
[2026-05-28 19:57:57,062] qiskit.passmanager.base_tasks - INFO - Pass: RemoveIdentityEquivalent - 0.00620 (ms)
[2026-05-28 19:57:57,062] qiskit.passmanager.base_tasks - INFO - Pass: Optimize1qGatesDecomposition - 0.03529 (ms)
[2026-05-28 19:57:57,062] qiskit.passmanager.base_tasks - INFO - Pass: CommutativeCancellation - 0.02432 (ms)
[2026-05-28 19:57:57,062] qiskit.passmanager.base_tasks - INFO - Pass: ContractIdleWiresInControlFlow - 0.00167 (ms)
[2026-05-28 19:57:57,062] qiskit.passmanager.base_tasks - INFO - Pass: GatesInBasis - 0.00429 (ms)
[2026-05-28 19:57:57,062] qiskit.passmanager.base_tasks - INFO - Pass: Size - 0.00143 (ms)
[2026-05-28 19:57:57,062] qiskit.passmanager.base_tasks - INFO - Pass: Depth - 0.00525 (ms)
[2026-05-28 19:57:57,062] qiskit.passmanager.base_tasks - INFO - Pass: FixedPoint - 0.00310 (ms)
[2026-05-28 19:57:57,062] qiskit.passmanager.base_tasks - INFO - Pass: FixedPoint - 0.00167 (ms)
[2026-05-28 19:57:57,062] qiskit.passmanager.base_tasks - INFO - Pass: RemoveIdentityEquivalent - 0.00310 (ms)
[2026-05-28 19:57:57,062] qiskit.passmanager.base_tasks - INFO - Pass: Optimize1qGatesDecomposition - 0.01812 (ms)
[2026-05-28 19:57:57,062] qiskit.passmanager.base_tasks - INFO - Pass: CommutativeCancellation - 0.01669 (ms)
[2026-05-28 19:57:57,062] qiskit.passmanager.base_tasks - INFO - Pass: ContractIdleWiresInControlFlow - 0.00143 (ms)
[2026-05-28 19:57:57,062] qiskit.passmanager.base_tasks - INFO - Pass: GatesInBasis - 0.00238 (ms)
[2026-05-28 19:57:57,062] qiskit.passmanager.base_tasks - INFO - Pass: Size - 0.00167 (ms)
[2026-05-28 19:57:57,062] qiskit.passmanager.base_tasks - INFO - Pass: Depth - 0.00477 (ms)
[2026-05-28 19:57:57,062] qiskit.passmanager.base_tasks - INFO - Pass: FixedPoint - 0.00215 (ms)
[2026-05-28 19:57:57,062] qiskit.passmanager.base_tasks - INFO - Pass: FixedPoint - 0.00143 (ms)
[2026-05-28 19:57:57,062] qiskit.passmanager.base_tasks - INFO - Pass: ContainsInstruction - 0.00286 (ms)
[2026-05-28 19:57:57,063] qiskit.compiler.transpiler - INFO - Total Transpile Time - 8.90303 (ms)
[2026-05-28 19:58:19,202] qiskit.passmanager.base_tasks - INFO - Pass: ContainsInstruction - 0.00691 (ms)
[2026-05-28 19:58:19,202] qiskit.passmanager.base_tasks - INFO - Pass: UnitarySynthesis - 0.00453 (ms)
[2026-05-28 19:58:19,202] qiskit.passmanager.base_tasks - INFO - Pass: HighLevelSynthesis - 0.00453 (ms)
[2026-05-28 19:58:19,202] qiskit.passmanager.base_tasks - INFO - Pass: BasisTranslator - 0.01383 (ms)
[2026-05-28 19:58:19,202] qiskit.passmanager.base_tasks - INFO - Pass: ElidePermutations - 0.00358 (ms)
[2026-05-28 19:58:19,202] qiskit.passmanager.base_tasks - INFO - Pass: RemoveDiagonalGatesBeforeMeasure - 0.01454 (ms)
[2026-05-28 19:58:19,202] qiskit.passmanager.base_tasks - INFO - Pass: RemoveIdentityEquivalent - 0.00644 (ms)
[2026-05-28 19:58:19,202] qiskit.passmanager.base_tasks - INFO - Pass: InverseCancellation - 0.01216 (ms)
[2026-05-28 19:58:19,202] qiskit.passmanager.base_tasks - INFO - Pass: ContractIdleWiresInControlFlow - 0.00119 (ms)
[2026-05-28 19:58:19,202] qiskit.passmanager.base_tasks - INFO - Pass: CommutativeCancellation - 0.02623 (ms)
[2026-05-28 19:58:19,202] qiskit.passmanager.base_tasks - INFO - Pass: ConsolidateBlocks - 0.04625 (ms)
[2026-05-28 19:58:19,202] qiskit.passmanager.base_tasks - INFO - Pass: Split2QUnitaries - 0.00167 (ms)
[2026-05-28 19:58:19,202] qiskit.passmanager.base_tasks - INFO - Pass: UnitarySynthesis - 0.00286 (ms)
[2026-05-28 19:58:19,202] qiskit.passmanager.base_tasks - INFO - Pass: HighLevelSynthesis - 0.00501 (ms)
[2026-05-28 19:58:19,203] qiskit.passmanager.base_tasks - INFO - Pass: BasisTranslator - 0.44107 (ms)
[2026-05-28 19:58:19,203] qiskit.passmanager.base_tasks - INFO - Pass: ConsolidateBlocks - 0.06866 (ms)
[2026-05-28 19:58:19,203] qiskit.passmanager.base_tasks - INFO - Pass: UnitarySynthesis - 0.00429 (ms)
[2026-05-28 19:58:19,203] qiskit.passmanager.base_tasks - INFO - Pass: Size - 0.00262 (ms)
[2026-05-28 19:58:19,203] qiskit.passmanager.base_tasks - INFO - Pass: Depth - 0.00787 (ms)
[2026-05-28 19:58:19,203] qiskit.passmanager.base_tasks - INFO - Pass: FixedPoint - 0.00620 (ms)
[2026-05-28 19:58:19,203] qiskit.passmanager.base_tasks - INFO - Pass: FixedPoint - 0.00143 (ms)
[2026-05-28 19:58:19,203] qiskit.passmanager.base_tasks - INFO - Pass: RemoveIdentityEquivalent - 0.00429 (ms)
[2026-05-28 19:58:19,203] qiskit.passmanager.base_tasks - INFO - Pass: Optimize1qGatesDecomposition - 0.02599 (ms)
[2026-05-28 19:58:19,203] qiskit.passmanager.base_tasks - INFO - Pass: CommutativeCancellation - 0.01812 (ms)
[2026-05-28 19:58:19,203] qiskit.passmanager.base_tasks - INFO - Pass: ContractIdleWiresInControlFlow - 0.00072 (ms)
[2026-05-28 19:58:19,203] qiskit.passmanager.base_tasks - INFO - Pass: GatesInBasis - 0.00334 (ms)
[2026-05-28 19:58:19,203] qiskit.passmanager.base_tasks - INFO - Pass: Size - 0.00072 (ms)
[2026-05-28 19:58:19,203] qiskit.passmanager.base_tasks - INFO - Pass: Depth - 0.00381 (ms)
[2026-05-28 19:58:19,203] qiskit.passmanager.base_tasks - INFO - Pass: FixedPoint - 0.00191 (ms)
[2026-05-28 19:58:19,203] qiskit.passmanager.base_tasks - INFO - Pass: FixedPoint - 0.00119 (ms)
[2026-05-28 19:58:19,203] qiskit.passmanager.base_tasks - INFO - Pass: RemoveIdentityEquivalent - 0.00215 (ms)
[2026-05-28 19:58:19,203] qiskit.passmanager.base_tasks - INFO - Pass: Optimize1qGatesDecomposition - 0.01144 (ms)
[2026-05-28 19:58:19,203] qiskit.passmanager.base_tasks - INFO - Pass: CommutativeCancellation - 0.01168 (ms)
[2026-05-28 19:58:19,203] qiskit.passmanager.base_tasks - INFO - Pass: ContractIdleWiresInControlFlow - 0.00072 (ms)
[2026-05-28 19:58:19,203] qiskit.passmanager.base_tasks - INFO - Pass: GatesInBasis - 0.00143 (ms)
[2026-05-28 19:58:19,203] qiskit.passmanager.base_tasks - INFO - Pass: Size - 0.00072 (ms)
[2026-05-28 19:58:19,203] qiskit.passmanager.base_tasks - INFO - Pass: Depth - 0.00310 (ms)
[2026-05-28 19:58:19,203] qiskit.passmanager.base_tasks - INFO - Pass: FixedPoint - 0.00143 (ms)
[2026-05-28 19:58:19,203] qiskit.passmanager.base_tasks - INFO - Pass: FixedPoint - 0.00095 (ms)
[2026-05-28 19:58:19,203] qiskit.passmanager.base_tasks - INFO - Pass: ContainsInstruction - 0.00215 (ms)
[2026-05-28 19:58:19,203] qiskit.compiler.transpiler - INFO - Total Transpile Time - 9.31048 (ms)
[2026-05-28 19:58:41,390] qiskit.passmanager.base_tasks - INFO - Pass: ContainsInstruction - 0.00572 (ms)
[2026-05-28 19:58:41,391] qiskit.passmanager.base_tasks - INFO - Pass: UnitarySynthesis - 0.00501 (ms)
[2026-05-28 19:58:41,391] qiskit.passmanager.base_tasks - INFO - Pass: HighLevelSynthesis - 0.00429 (ms)
[2026-05-28 19:58:41,391] qiskit.passmanager.base_tasks - INFO - Pass: BasisTranslator - 0.01574 (ms)
[2026-05-28 19:58:41,391] qiskit.passmanager.base_tasks - INFO - Pass: ElidePermutations - 0.00381 (ms)
[2026-05-28 19:58:41,391] qiskit.passmanager.base_tasks - INFO - Pass: RemoveDiagonalGatesBeforeMeasure - 0.00548 (ms)
[2026-05-28 19:58:41,391] qiskit.passmanager.base_tasks - INFO - Pass: RemoveIdentityEquivalent - 0.00715 (ms)
[2026-05-28 19:58:41,391] qiskit.passmanager.base_tasks - INFO - Pass: InverseCancellation - 0.04578 (ms)
[2026-05-28 19:58:41,391] qiskit.passmanager.base_tasks - INFO - Pass: ContractIdleWiresInControlFlow - 0.00143 (ms)
[2026-05-28 19:58:41,391] qiskit.passmanager.base_tasks - INFO - Pass: CommutativeCancellation - 0.02313 (ms)
[2026-05-28 19:58:41,391] qiskit.passmanager.base_tasks - INFO - Pass: ConsolidateBlocks - 0.05007 (ms)
[2026-05-28 19:58:41,391] qiskit.passmanager.base_tasks - INFO - Pass: Split2QUnitaries - 0.00310 (ms)
[2026-05-28 19:58:41,391] qiskit.passmanager.base_tasks - INFO - Pass: UnitarySynthesis - 0.00262 (ms)
[2026-05-28 19:58:41,391] qiskit.passmanager.base_tasks - INFO - Pass: HighLevelSynthesis - 0.00596 (ms)
[2026-05-28 19:58:41,391] qiskit.passmanager.base_tasks - INFO - Pass: BasisTranslator - 0.30208 (ms)
[2026-05-28 19:58:41,391] qiskit.passmanager.base_tasks - INFO - Pass: ConsolidateBlocks - 0.05674 (ms)
[2026-05-28 19:58:41,391] qiskit.passmanager.base_tasks - INFO - Pass: UnitarySynthesis - 0.00310 (ms)
[2026-05-28 19:58:41,391] qiskit.passmanager.base_tasks - INFO - Pass: Size - 0.00310 (ms)
[2026-05-28 19:58:41,391] qiskit.passmanager.base_tasks - INFO - Pass: Depth - 0.00668 (ms)
[2026-05-28 19:58:41,391] qiskit.passmanager.base_tasks - INFO - Pass: FixedPoint - 0.00453 (ms)
[2026-05-28 19:58:41,391] qiskit.passmanager.base_tasks - INFO - Pass: FixedPoint - 0.00215 (ms)
[2026-05-28 19:58:41,392] qiskit.passmanager.base_tasks - INFO - Pass: RemoveIdentityEquivalent - 0.00548 (ms)
[2026-05-28 19:58:41,392] qiskit.passmanager.base_tasks - INFO - Pass: Optimize1qGatesDecomposition - 0.02861 (ms)
[2026-05-28 19:58:41,392] qiskit.passmanager.base_tasks - INFO - Pass: CommutativeCancellation - 0.02003 (ms)
[2026-05-28 19:58:41,392] qiskit.passmanager.base_tasks - INFO - Pass: ContractIdleWiresInControlFlow - 0.00095 (ms)
[2026-05-28 19:58:41,392] qiskit.passmanager.base_tasks - INFO - Pass: GatesInBasis - 0.00405 (ms)
[2026-05-28 19:58:41,392] qiskit.passmanager.base_tasks - INFO - Pass: Size - 0.00119 (ms)
[2026-05-28 19:58:41,392] qiskit.passmanager.base_tasks - INFO - Pass: Depth - 0.00453 (ms)
[2026-05-28 19:58:41,392] qiskit.passmanager.base_tasks - INFO - Pass: FixedPoint - 0.00215 (ms)
[2026-05-28 19:58:41,392] qiskit.passmanager.base_tasks - INFO - Pass: FixedPoint - 0.00191 (ms)
[2026-05-28 19:58:41,392] qiskit.passmanager.base_tasks - INFO - Pass: RemoveIdentityEquivalent - 0.00215 (ms)
[2026-05-28 19:58:41,392] qiskit.passmanager.base_tasks - INFO - Pass: Optimize1qGatesDecomposition - 0.01383 (ms)
[2026-05-28 19:58:41,392] qiskit.passmanager.base_tasks - INFO - Pass: CommutativeCancellation - 0.01407 (ms)
[2026-05-28 19:58:41,392] qiskit.passmanager.base_tasks - INFO - Pass: ContractIdleWiresInControlFlow - 0.00095 (ms)
[2026-05-28 19:58:41,392] qiskit.passmanager.base_tasks - INFO - Pass: GatesInBasis - 0.00238 (ms)
[2026-05-28 19:58:41,392] qiskit.passmanager.base_tasks - INFO - Pass: Size - 0.00119 (ms)
[2026-05-28 19:58:41,392] qiskit.passmanager.base_tasks - INFO - Pass: Depth - 0.00405 (ms)
[2026-05-28 19:58:41,392] qiskit.passmanager.base_tasks - INFO - Pass: FixedPoint - 0.00191 (ms)
[2026-05-28 19:58:41,392] qiskit.passmanager.base_tasks - INFO - Pass: FixedPoint - 0.00167 (ms)
[2026-05-28 19:58:41,392] qiskit.passmanager.base_tasks - INFO - Pass: ContainsInstruction - 0.00238 (ms)
[2026-05-28 19:58:41,392] qiskit.compiler.transpiler - INFO - Total Transpile Time - 4.58312 (ms)
[2026-05-28 19:59:01,361] qiskit.passmanager.base_tasks - INFO - Pass: ContainsInstruction - 0.00548 (ms)
[2026-05-28 19:59:01,361] qiskit.passmanager.base_tasks - INFO - Pass: UnitarySynthesis - 0.00381 (ms)
[2026-05-28 19:59:01,361] qiskit.passmanager.base_tasks - INFO - Pass: HighLevelSynthesis - 0.00358 (ms)
[2026-05-28 19:59:01,361] qiskit.passmanager.base_tasks - INFO - Pass: BasisTranslator - 0.01431 (ms)
[2026-05-28 19:59:01,361] qiskit.passmanager.base_tasks - INFO - Pass: ElidePermutations - 0.00381 (ms)
[2026-05-28 19:59:01,361] qiskit.passmanager.base_tasks - INFO - Pass: RemoveDiagonalGatesBeforeMeasure - 0.00477 (ms)
[2026-05-28 19:59:01,361] qiskit.passmanager.base_tasks - INFO - Pass: RemoveIdentityEquivalent - 0.00644 (ms)
[2026-05-28 19:59:01,361] qiskit.passmanager.base_tasks - INFO - Pass: InverseCancellation - 0.00739 (ms)
[2026-05-28 19:59:01,361] qiskit.passmanager.base_tasks - INFO - Pass: ContractIdleWiresInControlFlow - 0.00143 (ms)
[2026-05-28 19:59:01,361] qiskit.passmanager.base_tasks - INFO - Pass: CommutativeCancellation - 0.02003 (ms)
[2026-05-28 19:59:01,361] qiskit.passmanager.base_tasks - INFO - Pass: ConsolidateBlocks - 0.04411 (ms)
[2026-05-28 19:59:01,361] qiskit.passmanager.base_tasks - INFO - Pass: Split2QUnitaries - 0.00262 (ms)
[2026-05-28 19:59:01,361] qiskit.passmanager.base_tasks - INFO - Pass: UnitarySynthesis - 0.00215 (ms)
[2026-05-28 19:59:01,361] qiskit.passmanager.base_tasks - INFO - Pass: HighLevelSynthesis - 0.00381 (ms)
[2026-05-28 19:59:01,362] qiskit.passmanager.base_tasks - INFO - Pass: BasisTranslator - 0.25558 (ms)
[2026-05-28 19:59:01,362] qiskit.passmanager.base_tasks - INFO - Pass: ConsolidateBlocks - 0.05341 (ms)
[2026-05-28 19:59:01,362] qiskit.passmanager.base_tasks - INFO - Pass: UnitarySynthesis - 0.00262 (ms)
[2026-05-28 19:59:01,362] qiskit.passmanager.base_tasks - INFO - Pass: Size - 0.00238 (ms)
[2026-05-28 19:59:01,362] qiskit.passmanager.base_tasks - INFO - Pass: Depth - 0.00668 (ms)
[2026-05-28 19:59:01,362] qiskit.passmanager.base_tasks - INFO - Pass: FixedPoint - 0.00453 (ms)
[2026-05-28 19:59:01,362] qiskit.passmanager.base_tasks - INFO - Pass: FixedPoint - 0.00143 (ms)
[2026-05-28 19:59:01,362] qiskit.passmanager.base_tasks - INFO - Pass: RemoveIdentityEquivalent - 0.00429 (ms)
[2026-05-28 19:59:01,362] qiskit.passmanager.base_tasks - INFO - Pass: Optimize1qGatesDecomposition - 0.02551 (ms)
[2026-05-28 19:59:01,362] qiskit.passmanager.base_tasks - INFO - Pass: CommutativeCancellation - 0.01931 (ms)
[2026-05-28 19:59:01,362] qiskit.passmanager.base_tasks - INFO - Pass: ContractIdleWiresInControlFlow - 0.00119 (ms)
[2026-05-28 19:59:01,362] qiskit.passmanager.base_tasks - INFO - Pass: GatesInBasis - 0.00310 (ms)
[2026-05-28 19:59:01,362] qiskit.passmanager.base_tasks - INFO - Pass: Size - 0.00143 (ms)
[2026-05-28 19:59:01,362] qiskit.passmanager.base_tasks - INFO - Pass: Depth - 0.00429 (ms)
[2026-05-28 19:59:01,362] qiskit.passmanager.base_tasks - INFO - Pass: FixedPoint - 0.00215 (ms)
[2026-05-28 19:59:01,362] qiskit.passmanager.base_tasks - INFO - Pass: FixedPoint - 0.00119 (ms)
[2026-05-28 19:59:01,362] qiskit.passmanager.base_tasks - INFO - Pass: RemoveIdentityEquivalent - 0.00215 (ms)
[2026-05-28 19:59:01,362] qiskit.passmanager.base_tasks - INFO - Pass: Optimize1qGatesDecomposition - 0.01287 (ms)
[2026-05-28 19:59:01,362] qiskit.passmanager.base_tasks - INFO - Pass: CommutativeCancellation - 0.01311 (ms)
[2026-05-28 19:59:01,362] qiskit.passmanager.base_tasks - INFO - Pass: ContractIdleWiresInControlFlow - 0.00119 (ms)
[2026-05-28 19:59:01,362] qiskit.passmanager.base_tasks - INFO - Pass: GatesInBasis - 0.00238 (ms)
[2026-05-28 19:59:01,362] qiskit.passmanager.base_tasks - INFO - Pass: Size - 0.00119 (ms)
[2026-05-28 19:59:01,362] qiskit.passmanager.base_tasks - INFO - Pass: Depth - 0.00405 (ms)
[2026-05-28 19:59:01,362] qiskit.passmanager.base_tasks - INFO - Pass: FixedPoint - 0.00215 (ms)
[2026-05-28 19:59:01,362] qiskit.passmanager.base_tasks - INFO - Pass: FixedPoint - 0.00143 (ms)
[2026-05-28 19:59:01,362] qiskit.passmanager.base_tasks - INFO - Pass: ContainsInstruction - 0.00310 (ms)
[2026-05-28 19:59:01,362] qiskit.compiler.transpiler - INFO - Total Transpile Time - 4.41146 (ms)
[2026-05-28 19:59:25,207] qiskit.passmanager.base_tasks - INFO - Pass: ContainsInstruction - 0.00644 (ms)
[2026-05-28 19:59:25,207] qiskit.passmanager.base_tasks - INFO - Pass: UnitarySynthesis - 0.00453 (ms)
[2026-05-28 19:59:25,207] qiskit.passmanager.base_tasks - INFO - Pass: HighLevelSynthesis - 0.00405 (ms)
[2026-05-28 19:59:25,207] qiskit.passmanager.base_tasks - INFO - Pass: BasisTranslator - 0.01311 (ms)
[2026-05-28 19:59:25,207] qiskit.passmanager.base_tasks - INFO - Pass: ElidePermutations - 0.00429 (ms)
[2026-05-28 19:59:25,207] qiskit.passmanager.base_tasks - INFO - Pass: RemoveDiagonalGatesBeforeMeasure - 0.00477 (ms)
[2026-05-28 19:59:25,207] qiskit.passmanager.base_tasks - INFO - Pass: RemoveIdentityEquivalent - 0.00715 (ms)
[2026-05-28 19:59:25,207] qiskit.passmanager.base_tasks - INFO - Pass: InverseCancellation - 0.01216 (ms)
[2026-05-28 19:59:25,207] qiskit.passmanager.base_tasks - INFO - Pass: ContractIdleWiresInControlFlow - 0.00143 (ms)
[2026-05-28 19:59:25,207] qiskit.passmanager.base_tasks - INFO - Pass: CommutativeCancellation - 0.02122 (ms)
[2026-05-28 19:59:25,207] qiskit.passmanager.base_tasks - INFO - Pass: ConsolidateBlocks - 0.04697 (ms)
[2026-05-28 19:59:25,207] qiskit.passmanager.base_tasks - INFO - Pass: Split2QUnitaries - 0.00191 (ms)
[2026-05-28 19:59:25,207] qiskit.passmanager.base_tasks - INFO - Pass: UnitarySynthesis - 0.00286 (ms)
[2026-05-28 19:59:25,207] qiskit.passmanager.base_tasks - INFO - Pass: HighLevelSynthesis - 0.00501 (ms)
[2026-05-28 19:59:25,208] qiskit.passmanager.base_tasks - INFO - Pass: BasisTranslator - 0.30804 (ms)
[2026-05-28 19:59:25,208] qiskit.passmanager.base_tasks - INFO - Pass: ConsolidateBlocks - 0.05913 (ms)
[2026-05-28 19:59:25,208] qiskit.passmanager.base_tasks - INFO - Pass: UnitarySynthesis - 0.24939 (ms)
[2026-05-28 19:59:25,208] qiskit.passmanager.base_tasks - INFO - Pass: Size - 0.00334 (ms)
[2026-05-28 19:59:25,208] qiskit.passmanager.base_tasks - INFO - Pass: Depth - 0.00715 (ms)
[2026-05-28 19:59:25,208] qiskit.passmanager.base_tasks - INFO - Pass: FixedPoint - 0.00501 (ms)
[2026-05-28 19:59:25,208] qiskit.passmanager.base_tasks - INFO - Pass: FixedPoint - 0.00119 (ms)
[2026-05-28 19:59:25,208] qiskit.passmanager.base_tasks - INFO - Pass: RemoveIdentityEquivalent - 0.00572 (ms)
[2026-05-28 19:59:25,208] qiskit.passmanager.base_tasks - INFO - Pass: Optimize1qGatesDecomposition - 0.02885 (ms)
[2026-05-28 19:59:25,208] qiskit.passmanager.base_tasks - INFO - Pass: CommutativeCancellation - 0.02003 (ms)
[2026-05-28 19:59:25,208] qiskit.passmanager.base_tasks - INFO - Pass: ContractIdleWiresInControlFlow - 0.00119 (ms)
[2026-05-28 19:59:25,208] qiskit.passmanager.base_tasks - INFO - Pass: GatesInBasis - 0.00334 (ms)
[2026-05-28 19:59:25,208] qiskit.passmanager.base_tasks - INFO - Pass: Size - 0.00095 (ms)
[2026-05-28 19:59:25,208] qiskit.passmanager.base_tasks - INFO - Pass: Depth - 0.00453 (ms)
[2026-05-28 19:59:25,208] qiskit.passmanager.base_tasks - INFO - Pass: FixedPoint - 0.00238 (ms)
[2026-05-28 19:59:25,208] qiskit.passmanager.base_tasks - INFO - Pass: FixedPoint - 0.00167 (ms)
[2026-05-28 19:59:25,208] qiskit.passmanager.base_tasks - INFO - Pass: RemoveIdentityEquivalent - 0.00262 (ms)
[2026-05-28 19:59:25,209] qiskit.passmanager.base_tasks - INFO - Pass: Optimize1qGatesDecomposition - 0.01383 (ms)
[2026-05-28 19:59:25,209] qiskit.passmanager.base_tasks - INFO - Pass: CommutativeCancellation - 0.01383 (ms)
[2026-05-28 19:59:25,209] qiskit.passmanager.base_tasks - INFO - Pass: ContractIdleWiresInControlFlow - 0.00095 (ms)
[2026-05-28 19:59:25,209] qiskit.passmanager.base_tasks - INFO - Pass: GatesInBasis - 0.00215 (ms)
[2026-05-28 19:59:25,209] qiskit.passmanager.base_tasks - INFO - Pass: Size - 0.00143 (ms)
[2026-05-28 19:59:25,209] qiskit.passmanager.base_tasks - INFO - Pass: Depth - 0.00358 (ms)
[2026-05-28 19:59:25,209] qiskit.passmanager.base_tasks - INFO - Pass: FixedPoint - 0.00191 (ms)
[2026-05-28 19:59:25,209] qiskit.passmanager.base_tasks - INFO - Pass: FixedPoint - 0.00215 (ms)
[2026-05-28 19:59:25,209] qiskit.passmanager.base_tasks - INFO - Pass: ContainsInstruction - 0.00310 (ms)
[2026-05-28 19:59:25,209] qiskit.compiler.transpiler - INFO - Total Transpile Time - 4.95291 (ms)
[2026-05-28 19:59:44,547] qiskit.passmanager.base_tasks - INFO - Pass: ContainsInstruction - 0.00596 (ms)
[2026-05-28 19:59:44,547] qiskit.passmanager.base_tasks - INFO - Pass: UnitarySynthesis - 0.00525 (ms)
[2026-05-28 19:59:44,547] qiskit.passmanager.base_tasks - INFO - Pass: HighLevelSynthesis - 0.00381 (ms)
[2026-05-28 19:59:44,548] qiskit.passmanager.base_tasks - INFO - Pass: BasisTranslator - 0.01645 (ms)
[2026-05-28 19:59:44,548] qiskit.passmanager.base_tasks - INFO - Pass: ElidePermutations - 0.00334 (ms)
[2026-05-28 19:59:44,548] qiskit.passmanager.base_tasks - INFO - Pass: RemoveDiagonalGatesBeforeMeasure - 0.00596 (ms)
[2026-05-28 19:59:44,548] qiskit.passmanager.base_tasks - INFO - Pass: RemoveIdentityEquivalent - 0.00739 (ms)
[2026-05-28 19:59:44,548] qiskit.passmanager.base_tasks - INFO - Pass: InverseCancellation - 0.01073 (ms)
[2026-05-28 19:59:44,548] qiskit.passmanager.base_tasks - INFO - Pass: ContractIdleWiresInControlFlow - 0.00167 (ms)
[2026-05-28 19:59:44,548] qiskit.passmanager.base_tasks - INFO - Pass: CommutativeCancellation - 0.02384 (ms)
[2026-05-28 19:59:44,548] qiskit.passmanager.base_tasks - INFO - Pass: ConsolidateBlocks - 0.04554 (ms)
[2026-05-28 19:59:44,548] qiskit.passmanager.base_tasks - INFO - Pass: Split2QUnitaries - 0.00191 (ms)
[2026-05-28 19:59:44,548] qiskit.passmanager.base_tasks - INFO - Pass: UnitarySynthesis - 0.00262 (ms)
[2026-05-28 19:59:44,548] qiskit.passmanager.base_tasks - INFO - Pass: HighLevelSynthesis - 0.00572 (ms)
[2026-05-28 19:59:44,548] qiskit.passmanager.base_tasks - INFO - Pass: BasisTranslator - 0.29373 (ms)
[2026-05-28 19:59:44,548] qiskit.passmanager.base_tasks - INFO - Pass: ConsolidateBlocks - 0.05460 (ms)
[2026-05-28 19:59:44,548] qiskit.passmanager.base_tasks - INFO - Pass: UnitarySynthesis - 0.00262 (ms)
[2026-05-28 19:59:44,548] qiskit.passmanager.base_tasks - INFO - Pass: Size - 0.00215 (ms)
[2026-05-28 19:59:44,548] qiskit.passmanager.base_tasks - INFO - Pass: Depth - 0.00691 (ms)
[2026-05-28 19:59:44,548] qiskit.passmanager.base_tasks - INFO - Pass: FixedPoint - 0.00525 (ms)
[2026-05-28 19:59:44,548] qiskit.passmanager.base_tasks - INFO - Pass: FixedPoint - 0.00119 (ms)
[2026-05-28 19:59:44,548] qiskit.passmanager.base_tasks - INFO - Pass: RemoveIdentityEquivalent - 0.00477 (ms)
[2026-05-28 19:59:44,548] qiskit.passmanager.base_tasks - INFO - Pass: Optimize1qGatesDecomposition - 0.02718 (ms)
[2026-05-28 19:59:44,548] qiskit.passmanager.base_tasks - INFO - Pass: CommutativeCancellation - 0.01812 (ms)
[2026-05-28 19:59:44,549] qiskit.passmanager.base_tasks - INFO - Pass: ContractIdleWiresInControlFlow - 0.00119 (ms)
[2026-05-28 19:59:44,549] qiskit.passmanager.base_tasks - INFO - Pass: GatesInBasis - 0.00358 (ms)
[2026-05-28 19:59:44,549] qiskit.passmanager.base_tasks - INFO - Pass: Size - 0.00119 (ms)
[2026-05-28 19:59:44,549] qiskit.passmanager.base_tasks - INFO - Pass: Depth - 0.00477 (ms)
[2026-05-28 19:59:44,549] qiskit.passmanager.base_tasks - INFO - Pass: FixedPoint - 0.00262 (ms)
[2026-05-28 19:59:44,549] qiskit.passmanager.base_tasks - INFO - Pass: FixedPoint - 0.00191 (ms)
[2026-05-28 19:59:44,549] qiskit.passmanager.base_tasks - INFO - Pass: RemoveIdentityEquivalent - 0.00215 (ms)
[2026-05-28 19:59:44,549] qiskit.passmanager.base_tasks - INFO - Pass: Optimize1qGatesDecomposition - 0.01359 (ms)
[2026-05-28 19:59:44,549] qiskit.passmanager.base_tasks - INFO - Pass: CommutativeCancellation - 0.01383 (ms)
[2026-05-28 19:59:44,549] qiskit.passmanager.base_tasks - INFO - Pass: ContractIdleWiresInControlFlow - 0.00095 (ms)
[2026-05-28 19:59:44,549] qiskit.passmanager.base_tasks - INFO - Pass: GatesInBasis - 0.00191 (ms)
[2026-05-28 19:59:44,549] qiskit.passmanager.base_tasks - INFO - Pass: Size - 0.00119 (ms)
[2026-05-28 19:59:44,549] qiskit.passmanager.base_tasks - INFO - Pass: Depth - 0.00358 (ms)
[2026-05-28 19:59:44,549] qiskit.passmanager.base_tasks - INFO - Pass: FixedPoint - 0.00215 (ms)
[2026-05-28 19:59:44,549] qiskit.passmanager.base_tasks - INFO - Pass: FixedPoint - 0.00167 (ms)
[2026-05-28 19:59:44,549] qiskit.passmanager.base_tasks - INFO - Pass: ContainsInstruction - 0.00262 (ms)
[2026-05-28 19:59:44,549] qiskit.compiler.transpiler - INFO - Total Transpile Time - 4.54926 (ms)
[2026-05-28 20:00:08,520] qiskit.passmanager.base_tasks - INFO - Pass: ContainsInstruction - 0.00739 (ms)
[2026-05-28 20:00:08,520] qiskit.passmanager.base_tasks - INFO - Pass: UnitarySynthesis - 0.00405 (ms)
[2026-05-28 20:00:08,520] qiskit.passmanager.base_tasks - INFO - Pass: HighLevelSynthesis - 0.00334 (ms)
[2026-05-28 20:00:08,520] qiskit.passmanager.base_tasks - INFO - Pass: BasisTranslator - 0.01383 (ms)
[2026-05-28 20:00:08,520] qiskit.passmanager.base_tasks - INFO - Pass: ElidePermutations - 0.00310 (ms)
[2026-05-28 20:00:08,520] qiskit.passmanager.base_tasks - INFO - Pass: RemoveDiagonalGatesBeforeMeasure - 0.00501 (ms)
[2026-05-28 20:00:08,520] qiskit.passmanager.base_tasks - INFO - Pass: RemoveIdentityEquivalent - 0.00644 (ms)
[2026-05-28 20:00:08,520] qiskit.passmanager.base_tasks - INFO - Pass: InverseCancellation - 0.00978 (ms)
[2026-05-28 20:00:08,520] qiskit.passmanager.base_tasks - INFO - Pass: ContractIdleWiresInControlFlow - 0.00167 (ms)
[2026-05-28 20:00:08,520] qiskit.passmanager.base_tasks - INFO - Pass: CommutativeCancellation - 0.02122 (ms)
[2026-05-28 20:00:08,520] qiskit.passmanager.base_tasks - INFO - Pass: ConsolidateBlocks - 0.04268 (ms)
[2026-05-28 20:00:08,520] qiskit.passmanager.base_tasks - INFO - Pass: Split2QUnitaries - 0.00215 (ms)
[2026-05-28 20:00:08,520] qiskit.passmanager.base_tasks - INFO - Pass: UnitarySynthesis - 0.00238 (ms)
[2026-05-28 20:00:08,520] qiskit.passmanager.base_tasks - INFO - Pass: HighLevelSynthesis - 0.00620 (ms)
[2026-05-28 20:00:08,521] qiskit.passmanager.base_tasks - INFO - Pass: BasisTranslator - 0.29182 (ms)
[2026-05-28 20:00:08,521] qiskit.passmanager.base_tasks - INFO - Pass: ConsolidateBlocks - 0.05674 (ms)
[2026-05-28 20:00:08,521] qiskit.passmanager.base_tasks - INFO - Pass: UnitarySynthesis - 0.00286 (ms)
[2026-05-28 20:00:08,521] qiskit.passmanager.base_tasks - INFO - Pass: Size - 0.00286 (ms)
[2026-05-28 20:00:08,521] qiskit.passmanager.base_tasks - INFO - Pass: Depth - 0.00620 (ms)
[2026-05-28 20:00:08,521] qiskit.passmanager.base_tasks - INFO - Pass: FixedPoint - 0.00501 (ms)
[2026-05-28 20:00:08,521] qiskit.passmanager.base_tasks - INFO - Pass: FixedPoint - 0.00143 (ms)
[2026-05-28 20:00:08,521] qiskit.passmanager.base_tasks - INFO - Pass: RemoveIdentityEquivalent - 0.00501 (ms)
[2026-05-28 20:00:08,521] qiskit.passmanager.base_tasks - INFO - Pass: Optimize1qGatesDecomposition - 0.02718 (ms)
[2026-05-28 20:00:08,521] qiskit.passmanager.base_tasks - INFO - Pass: CommutativeCancellation - 0.01907 (ms)
[2026-05-28 20:00:08,521] qiskit.passmanager.base_tasks - INFO - Pass: ContractIdleWiresInControlFlow - 0.00119 (ms)
[2026-05-28 20:00:08,521] qiskit.passmanager.base_tasks - INFO - Pass: GatesInBasis - 0.00310 (ms)
[2026-05-28 20:00:08,521] qiskit.passmanager.base_tasks - INFO - Pass: Size - 0.00095 (ms)
[2026-05-28 20:00:08,521] qiskit.passmanager.base_tasks - INFO - Pass: Depth - 0.00429 (ms)
[2026-05-28 20:00:08,521] qiskit.passmanager.base_tasks - INFO - Pass: FixedPoint - 0.00262 (ms)
[2026-05-28 20:00:08,521] qiskit.passmanager.base_tasks - INFO - Pass: FixedPoint - 0.00191 (ms)
[2026-05-28 20:00:08,521] qiskit.passmanager.base_tasks - INFO - Pass: RemoveIdentityEquivalent - 0.00191 (ms)
[2026-05-28 20:00:08,521] qiskit.passmanager.base_tasks - INFO - Pass: Optimize1qGatesDecomposition - 0.01335 (ms)
[2026-05-28 20:00:08,521] qiskit.passmanager.base_tasks - INFO - Pass: CommutativeCancellation - 0.01335 (ms)
[2026-05-28 20:00:08,521] qiskit.passmanager.base_tasks - INFO - Pass: ContractIdleWiresInControlFlow - 0.00072 (ms)
[2026-05-28 20:00:08,521] qiskit.passmanager.base_tasks - INFO - Pass: GatesInBasis - 0.00167 (ms)
[2026-05-28 20:00:08,521] qiskit.passmanager.base_tasks - INFO - Pass: Size - 0.00143 (ms)
[2026-05-28 20:00:08,521] qiskit.passmanager.base_tasks - INFO - Pass: Depth - 0.00381 (ms)
[2026-05-28 20:00:08,521] qiskit.passmanager.base_tasks - INFO - Pass: FixedPoint - 0.00191 (ms)
[2026-05-28 20:00:08,521] qiskit.passmanager.base_tasks - INFO - Pass: FixedPoint - 0.00119 (ms)
[2026-05-28 20:00:08,521] qiskit.passmanager.base_tasks - INFO - Pass: ContainsInstruction - 0.00262 (ms)
[2026-05-28 20:00:08,521] qiskit.compiler.transpiler - INFO - Total Transpile Time - 4.43840 (ms)
[2026-05-28 20:00:30,741] qiskit.passmanager.base_tasks - INFO - Pass: ContainsInstruction - 0.00668 (ms)
[2026-05-28 20:00:30,741] qiskit.passmanager.base_tasks - INFO - Pass: UnitarySynthesis - 0.01121 (ms)
[2026-05-28 20:00:30,741] qiskit.passmanager.base_tasks - INFO - Pass: HighLevelSynthesis - 0.00405 (ms)
[2026-05-28 20:00:30,741] qiskit.passmanager.base_tasks - INFO - Pass: BasisTranslator - 0.02909 (ms)
[2026-05-28 20:00:30,741] qiskit.passmanager.base_tasks - INFO - Pass: ElidePermutations - 0.01049 (ms)
[2026-05-28 20:00:30,741] qiskit.passmanager.base_tasks - INFO - Pass: RemoveDiagonalGatesBeforeMeasure - 0.01168 (ms)
[2026-05-28 20:00:30,741] qiskit.passmanager.base_tasks - INFO - Pass: RemoveIdentityEquivalent - 0.01359 (ms)
[2026-05-28 20:00:30,741] qiskit.passmanager.base_tasks - INFO - Pass: InverseCancellation - 0.01812 (ms)
[2026-05-28 20:00:30,742] qiskit.passmanager.base_tasks - INFO - Pass: ContractIdleWiresInControlFlow - 0.00119 (ms)
[2026-05-28 20:00:30,742] qiskit.passmanager.base_tasks - INFO - Pass: CommutativeCancellation - 0.08821 (ms)
[2026-05-28 20:00:30,742] qiskit.passmanager.base_tasks - INFO - Pass: ConsolidateBlocks - 0.07057 (ms)
[2026-05-28 20:00:30,742] qiskit.passmanager.base_tasks - INFO - Pass: Split2QUnitaries - 0.00286 (ms)
[2026-05-28 20:00:30,742] qiskit.passmanager.base_tasks - INFO - Pass: UnitarySynthesis - 0.00525 (ms)
[2026-05-28 20:00:30,742] qiskit.passmanager.base_tasks - INFO - Pass: HighLevelSynthesis - 0.00739 (ms)
[2026-05-28 20:00:30,742] qiskit.passmanager.base_tasks - INFO - Pass: BasisTranslator - 0.45586 (ms)
[2026-05-28 20:00:30,743] qiskit.passmanager.base_tasks - INFO - Pass: ConsolidateBlocks - 0.05770 (ms)
[2026-05-28 20:00:30,743] qiskit.passmanager.base_tasks - INFO - Pass: UnitarySynthesis - 0.00310 (ms)
[2026-05-28 20:00:30,743] qiskit.passmanager.base_tasks - INFO - Pass: Size - 0.01168 (ms)
[2026-05-28 20:00:30,743] qiskit.passmanager.base_tasks - INFO - Pass: Depth - 0.00668 (ms)
[2026-05-28 20:00:30,743] qiskit.passmanager.base_tasks - INFO - Pass: FixedPoint - 0.00453 (ms)
[2026-05-28 20:00:30,743] qiskit.passmanager.base_tasks - INFO - Pass: FixedPoint - 0.00143 (ms)
[2026-05-28 20:00:30,743] qiskit.passmanager.base_tasks - INFO - Pass: RemoveIdentityEquivalent - 0.00477 (ms)
[2026-05-28 20:00:30,743] qiskit.passmanager.base_tasks - INFO - Pass: Optimize1qGatesDecomposition - 0.02646 (ms)
[2026-05-28 20:00:30,743] qiskit.passmanager.base_tasks - INFO - Pass: CommutativeCancellation - 0.01860 (ms)
[2026-05-28 20:00:30,743] qiskit.passmanager.base_tasks - INFO - Pass: ContractIdleWiresInControlFlow - 0.00167 (ms)
[2026-05-28 20:00:30,743] qiskit.passmanager.base_tasks - INFO - Pass: GatesInBasis - 0.00334 (ms)
[2026-05-28 20:00:30,743] qiskit.passmanager.base_tasks - INFO - Pass: Size - 0.00095 (ms)
[2026-05-28 20:00:30,743] qiskit.passmanager.base_tasks - INFO - Pass: Depth - 0.00548 (ms)
[2026-05-28 20:00:30,743] qiskit.passmanager.base_tasks - INFO - Pass: FixedPoint - 0.00215 (ms)
[2026-05-28 20:00:30,743] qiskit.passmanager.base_tasks - INFO - Pass: FixedPoint - 0.00143 (ms)
[2026-05-28 20:00:30,743] qiskit.passmanager.base_tasks - INFO - Pass: RemoveIdentityEquivalent - 0.00238 (ms)
[2026-05-28 20:00:30,743] qiskit.passmanager.base_tasks - INFO - Pass: Optimize1qGatesDecomposition - 0.01478 (ms)
[2026-05-28 20:00:30,743] qiskit.passmanager.base_tasks - INFO - Pass: CommutativeCancellation - 0.01431 (ms)
[2026-05-28 20:00:30,743] qiskit.passmanager.base_tasks - INFO - Pass: ContractIdleWiresInControlFlow - 0.00072 (ms)
[2026-05-28 20:00:30,743] qiskit.passmanager.base_tasks - INFO - Pass: GatesInBasis - 0.00191 (ms)
[2026-05-28 20:00:30,743] qiskit.passmanager.base_tasks - INFO - Pass: Size - 0.00095 (ms)
[2026-05-28 20:00:30,743] qiskit.passmanager.base_tasks - INFO - Pass: Depth - 0.00381 (ms)
[2026-05-28 20:00:30,743] qiskit.passmanager.base_tasks - INFO - Pass: FixedPoint - 0.00143 (ms)
[2026-05-28 20:00:30,743] qiskit.passmanager.base_tasks - INFO - Pass: FixedPoint - 0.00095 (ms)
[2026-05-28 20:00:30,743] qiskit.passmanager.base_tasks - INFO - Pass: ContainsInstruction - 0.00262 (ms)
[2026-05-28 20:00:30,743] qiskit.compiler.transpiler - INFO - Total Transpile Time - 7.91478 (ms)
[2026-05-28 20:00:50,726] qiskit.passmanager.base_tasks - INFO - Pass: ContainsInstruction - 0.00691 (ms)
[2026-05-28 20:00:50,726] qiskit.passmanager.base_tasks - INFO - Pass: UnitarySynthesis - 0.00429 (ms)
[2026-05-28 20:00:50,726] qiskit.passmanager.base_tasks - INFO - Pass: HighLevelSynthesis - 0.00453 (ms)
[2026-05-28 20:00:50,726] qiskit.passmanager.base_tasks - INFO - Pass: BasisTranslator - 0.01764 (ms)
[2026-05-28 20:00:50,726] qiskit.passmanager.base_tasks - INFO - Pass: ElidePermutations - 0.00453 (ms)
[2026-05-28 20:00:50,726] qiskit.passmanager.base_tasks - INFO - Pass: RemoveDiagonalGatesBeforeMeasure - 0.00477 (ms)
[2026-05-28 20:00:50,726] qiskit.passmanager.base_tasks - INFO - Pass: RemoveIdentityEquivalent - 0.00739 (ms)
[2026-05-28 20:00:50,726] qiskit.passmanager.base_tasks - INFO - Pass: InverseCancellation - 0.00858 (ms)
[2026-05-28 20:00:50,726] qiskit.passmanager.base_tasks - INFO - Pass: ContractIdleWiresInControlFlow - 0.00119 (ms)
[2026-05-28 20:00:50,726] qiskit.passmanager.base_tasks - INFO - Pass: CommutativeCancellation - 0.02193 (ms)
[2026-05-28 20:00:50,726] qiskit.passmanager.base_tasks - INFO - Pass: ConsolidateBlocks - 0.04411 (ms)
[2026-05-28 20:00:50,726] qiskit.passmanager.base_tasks - INFO - Pass: Split2QUnitaries - 0.00143 (ms)
[2026-05-28 20:00:50,726] qiskit.passmanager.base_tasks - INFO - Pass: UnitarySynthesis - 0.00238 (ms)
[2026-05-28 20:00:50,726] qiskit.passmanager.base_tasks - INFO - Pass: HighLevelSynthesis - 0.00381 (ms)
[2026-05-28 20:00:50,727] qiskit.passmanager.base_tasks - INFO - Pass: BasisTranslator - 0.27156 (ms)
[2026-05-28 20:00:50,727] qiskit.passmanager.base_tasks - INFO - Pass: ConsolidateBlocks - 0.05245 (ms)
[2026-05-28 20:00:50,727] qiskit.passmanager.base_tasks - INFO - Pass: UnitarySynthesis - 0.00215 (ms)
[2026-05-28 20:00:50,727] qiskit.passmanager.base_tasks - INFO - Pass: Size - 0.00310 (ms)
[2026-05-28 20:00:50,727] qiskit.passmanager.base_tasks - INFO - Pass: Depth - 0.00644 (ms)
[2026-05-28 20:00:50,727] qiskit.passmanager.base_tasks - INFO - Pass: FixedPoint - 0.00525 (ms)
[2026-05-28 20:00:50,727] qiskit.passmanager.base_tasks - INFO - Pass: FixedPoint - 0.00167 (ms)
[2026-05-28 20:00:50,727] qiskit.passmanager.base_tasks - INFO - Pass: RemoveIdentityEquivalent - 0.00501 (ms)
[2026-05-28 20:00:50,727] qiskit.passmanager.base_tasks - INFO - Pass: Optimize1qGatesDecomposition - 0.02742 (ms)
[2026-05-28 20:00:50,727] qiskit.passmanager.base_tasks - INFO - Pass: CommutativeCancellation - 0.02027 (ms)
[2026-05-28 20:00:50,727] qiskit.passmanager.base_tasks - INFO - Pass: ContractIdleWiresInControlFlow - 0.00095 (ms)
[2026-05-28 20:00:50,727] qiskit.passmanager.base_tasks - INFO - Pass: GatesInBasis - 0.00429 (ms)
[2026-05-28 20:00:50,727] qiskit.passmanager.base_tasks - INFO - Pass: Size - 0.00095 (ms)
[2026-05-28 20:00:50,727] qiskit.passmanager.base_tasks - INFO - Pass: Depth - 0.00477 (ms)
[2026-05-28 20:00:50,727] qiskit.passmanager.base_tasks - INFO - Pass: FixedPoint - 0.00238 (ms)
[2026-05-28 20:00:50,727] qiskit.passmanager.base_tasks - INFO - Pass: FixedPoint - 0.00143 (ms)
[2026-05-28 20:00:50,727] qiskit.passmanager.base_tasks - INFO - Pass: RemoveIdentityEquivalent - 0.00215 (ms)
[2026-05-28 20:00:50,727] qiskit.passmanager.base_tasks - INFO - Pass: Optimize1qGatesDecomposition - 0.01383 (ms)
[2026-05-28 20:00:50,727] qiskit.passmanager.base_tasks - INFO - Pass: CommutativeCancellation - 0.01526 (ms)
[2026-05-28 20:00:50,727] qiskit.passmanager.base_tasks - INFO - Pass: ContractIdleWiresInControlFlow - 0.00072 (ms)
[2026-05-28 20:00:50,727] qiskit.passmanager.base_tasks - INFO - Pass: GatesInBasis - 0.00191 (ms)
[2026-05-28 20:00:50,727] qiskit.passmanager.base_tasks - INFO - Pass: Size - 0.00095 (ms)
[2026-05-28 20:00:50,727] qiskit.passmanager.base_tasks - INFO - Pass: Depth - 0.00405 (ms)
[2026-05-28 20:00:50,727] qiskit.passmanager.base_tasks - INFO - Pass: FixedPoint - 0.00167 (ms)
[2026-05-28 20:00:50,727] qiskit.passmanager.base_tasks - INFO - Pass: FixedPoint - 0.00119 (ms)
[2026-05-28 20:00:50,727] qiskit.passmanager.base_tasks - INFO - Pass: ContainsInstruction - 0.00286 (ms)
[2026-05-28 20:00:50,727] qiskit.compiler.transpiler - INFO - Total Transpile Time - 9.10091 (ms)
[2026-05-28 20:01:14,534] qiskit.passmanager.base_tasks - INFO - Pass: ContainsInstruction - 0.00596 (ms)
[2026-05-28 20:01:14,534] qiskit.passmanager.base_tasks - INFO - Pass: UnitarySynthesis - 0.00429 (ms)
[2026-05-28 20:01:14,534] qiskit.passmanager.base_tasks - INFO - Pass: HighLevelSynthesis - 0.00477 (ms)
[2026-05-28 20:01:14,534] qiskit.passmanager.base_tasks - INFO - Pass: BasisTranslator - 0.01287 (ms)
[2026-05-28 20:01:14,534] qiskit.passmanager.base_tasks - INFO - Pass: ElidePermutations - 0.00453 (ms)
[2026-05-28 20:01:14,534] qiskit.passmanager.base_tasks - INFO - Pass: RemoveDiagonalGatesBeforeMeasure - 0.00548 (ms)
[2026-05-28 20:01:14,535] qiskit.passmanager.base_tasks - INFO - Pass: RemoveIdentityEquivalent - 0.00834 (ms)
[2026-05-28 20:01:14,535] qiskit.passmanager.base_tasks - INFO - Pass: InverseCancellation - 0.01097 (ms)
[2026-05-28 20:01:14,535] qiskit.passmanager.base_tasks - INFO - Pass: ContractIdleWiresInControlFlow - 0.00191 (ms)
[2026-05-28 20:01:14,535] qiskit.passmanager.base_tasks - INFO - Pass: CommutativeCancellation - 0.02360 (ms)
[2026-05-28 20:01:14,535] qiskit.passmanager.base_tasks - INFO - Pass: ConsolidateBlocks - 0.04220 (ms)
[2026-05-28 20:01:14,535] qiskit.passmanager.base_tasks - INFO - Pass: Split2QUnitaries - 0.00191 (ms)
[2026-05-28 20:01:14,535] qiskit.passmanager.base_tasks - INFO - Pass: UnitarySynthesis - 0.00262 (ms)
[2026-05-28 20:01:14,535] qiskit.passmanager.base_tasks - INFO - Pass: HighLevelSynthesis - 0.00525 (ms)
[2026-05-28 20:01:14,535] qiskit.passmanager.base_tasks - INFO - Pass: BasisTranslator - 0.32330 (ms)
[2026-05-28 20:01:14,535] qiskit.passmanager.base_tasks - INFO - Pass: ConsolidateBlocks - 0.06056 (ms)
[2026-05-28 20:01:14,535] qiskit.passmanager.base_tasks - INFO - Pass: UnitarySynthesis - 0.20790 (ms)
[2026-05-28 20:01:14,536] qiskit.passmanager.base_tasks - INFO - Pass: Size - 0.00286 (ms)
[2026-05-28 20:01:14,536] qiskit.passmanager.base_tasks - INFO - Pass: Depth - 0.00715 (ms)
[2026-05-28 20:01:14,536] qiskit.passmanager.base_tasks - INFO - Pass: FixedPoint - 0.00477 (ms)
[2026-05-28 20:01:14,536] qiskit.passmanager.base_tasks - INFO - Pass: FixedPoint - 0.00167 (ms)
[2026-05-28 20:01:14,536] qiskit.passmanager.base_tasks - INFO - Pass: RemoveIdentityEquivalent - 0.00548 (ms)
[2026-05-28 20:01:14,536] qiskit.passmanager.base_tasks - INFO - Pass: Optimize1qGatesDecomposition - 0.02789 (ms)
[2026-05-28 20:01:14,536] qiskit.passmanager.base_tasks - INFO - Pass: CommutativeCancellation - 0.01955 (ms)
[2026-05-28 20:01:14,536] qiskit.passmanager.base_tasks - INFO - Pass: ContractIdleWiresInControlFlow - 0.00143 (ms)
[2026-05-28 20:01:14,536] qiskit.passmanager.base_tasks - INFO - Pass: GatesInBasis - 0.00334 (ms)
[2026-05-28 20:01:14,536] qiskit.passmanager.base_tasks - INFO - Pass: Size - 0.00072 (ms)
[2026-05-28 20:01:14,536] qiskit.passmanager.base_tasks - INFO - Pass: Depth - 0.00429 (ms)
[2026-05-28 20:01:14,536] qiskit.passmanager.base_tasks - INFO - Pass: FixedPoint - 0.00215 (ms)
[2026-05-28 20:01:14,536] qiskit.passmanager.base_tasks - INFO - Pass: FixedPoint - 0.00191 (ms)
[2026-05-28 20:01:14,536] qiskit.passmanager.base_tasks - INFO - Pass: RemoveIdentityEquivalent - 0.00262 (ms)
[2026-05-28 20:01:14,536] qiskit.passmanager.base_tasks - INFO - Pass: Optimize1qGatesDecomposition - 0.01359 (ms)
[2026-05-28 20:01:14,536] qiskit.passmanager.base_tasks - INFO - Pass: CommutativeCancellation - 0.01359 (ms)
[2026-05-28 20:01:14,536] qiskit.passmanager.base_tasks - INFO - Pass: ContractIdleWiresInControlFlow - 0.00095 (ms)
[2026-05-28 20:01:14,536] qiskit.passmanager.base_tasks - INFO - Pass: GatesInBasis - 0.00215 (ms)
[2026-05-28 20:01:14,536] qiskit.passmanager.base_tasks - INFO - Pass: Size - 0.00095 (ms)
[2026-05-28 20:01:14,536] qiskit.passmanager.base_tasks - INFO - Pass: Depth - 0.00381 (ms)
[2026-05-28 20:01:14,536] qiskit.passmanager.base_tasks - INFO - Pass: FixedPoint - 0.00191 (ms)
[2026-05-28 20:01:14,536] qiskit.passmanager.base_tasks - INFO - Pass: FixedPoint - 0.00095 (ms)
[2026-05-28 20:01:14,536] qiskit.passmanager.base_tasks - INFO - Pass: ContainsInstruction - 0.00286 (ms)
[2026-05-28 20:01:14,536] qiskit.compiler.transpiler - INFO - Total Transpile Time - 4.76027 (ms)
[2026-05-28 20:01:33,773] qiskit.passmanager.base_tasks - INFO - Pass: ContainsInstruction - 0.00787 (ms)
[2026-05-28 20:01:33,773] qiskit.passmanager.base_tasks - INFO - Pass: UnitarySynthesis - 0.00429 (ms)
[2026-05-28 20:01:33,773] qiskit.passmanager.base_tasks - INFO - Pass: HighLevelSynthesis - 0.01240 (ms)
[2026-05-28 20:01:33,773] qiskit.passmanager.base_tasks - INFO - Pass: BasisTranslator - 0.02193 (ms)
[2026-05-28 20:01:33,773] qiskit.passmanager.base_tasks - INFO - Pass: ElidePermutations - 0.00381 (ms)
[2026-05-28 20:01:33,773] qiskit.passmanager.base_tasks - INFO - Pass: RemoveDiagonalGatesBeforeMeasure - 0.01121 (ms)
[2026-05-28 20:01:33,773] qiskit.passmanager.base_tasks - INFO - Pass: RemoveIdentityEquivalent - 0.00906 (ms)
[2026-05-28 20:01:33,773] qiskit.passmanager.base_tasks - INFO - Pass: InverseCancellation - 0.02003 (ms)
[2026-05-28 20:01:33,773] qiskit.passmanager.base_tasks - INFO - Pass: ContractIdleWiresInControlFlow - 0.00143 (ms)
[2026-05-28 20:01:33,773] qiskit.passmanager.base_tasks - INFO - Pass: CommutativeCancellation - 0.04578 (ms)
[2026-05-28 20:01:33,773] qiskit.passmanager.base_tasks - INFO - Pass: ConsolidateBlocks - 0.06056 (ms)
[2026-05-28 20:01:33,773] qiskit.passmanager.base_tasks - INFO - Pass: Split2QUnitaries - 0.00215 (ms)
[2026-05-28 20:01:33,773] qiskit.passmanager.base_tasks - INFO - Pass: UnitarySynthesis - 0.00262 (ms)
[2026-05-28 20:01:33,773] qiskit.passmanager.base_tasks - INFO - Pass: HighLevelSynthesis - 0.00739 (ms)
[2026-05-28 20:01:33,774] qiskit.passmanager.base_tasks - INFO - Pass: BasisTranslator - 0.39268 (ms)
[2026-05-28 20:01:33,774] qiskit.passmanager.base_tasks - INFO - Pass: ConsolidateBlocks - 0.05507 (ms)
[2026-05-28 20:01:33,774] qiskit.passmanager.base_tasks - INFO - Pass: UnitarySynthesis - 0.00262 (ms)
[2026-05-28 20:01:33,774] qiskit.passmanager.base_tasks - INFO - Pass: Size - 0.00358 (ms)
[2026-05-28 20:01:33,774] qiskit.passmanager.base_tasks - INFO - Pass: Depth - 0.00763 (ms)
[2026-05-28 20:01:33,774] qiskit.passmanager.base_tasks - INFO - Pass: FixedPoint - 0.00620 (ms)
[2026-05-28 20:01:33,774] qiskit.passmanager.base_tasks - INFO - Pass: FixedPoint - 0.00143 (ms)
[2026-05-28 20:01:33,774] qiskit.passmanager.base_tasks - INFO - Pass: RemoveIdentityEquivalent - 0.00596 (ms)
[2026-05-28 20:01:33,774] qiskit.passmanager.base_tasks - INFO - Pass: Optimize1qGatesDecomposition - 0.03004 (ms)
[2026-05-28 20:01:33,774] qiskit.passmanager.base_tasks - INFO - Pass: CommutativeCancellation - 0.02003 (ms)
[2026-05-28 20:01:33,774] qiskit.passmanager.base_tasks - INFO - Pass: ContractIdleWiresInControlFlow - 0.00119 (ms)
[2026-05-28 20:01:33,774] qiskit.passmanager.base_tasks - INFO - Pass: GatesInBasis - 0.00381 (ms)
[2026-05-28 20:01:33,774] qiskit.passmanager.base_tasks - INFO - Pass: Size - 0.00095 (ms)
[2026-05-28 20:01:33,774] qiskit.passmanager.base_tasks - INFO - Pass: Depth - 0.00429 (ms)
[2026-05-28 20:01:33,774] qiskit.passmanager.base_tasks - INFO - Pass: FixedPoint - 0.00238 (ms)
[2026-05-28 20:01:33,774] qiskit.passmanager.base_tasks - INFO - Pass: FixedPoint - 0.00167 (ms)
[2026-05-28 20:01:33,774] qiskit.passmanager.base_tasks - INFO - Pass: RemoveIdentityEquivalent - 0.00262 (ms)
[2026-05-28 20:01:33,774] qiskit.passmanager.base_tasks - INFO - Pass: Optimize1qGatesDecomposition - 0.01407 (ms)
[2026-05-28 20:01:33,774] qiskit.passmanager.base_tasks - INFO - Pass: CommutativeCancellation - 0.01311 (ms)
[2026-05-28 20:01:33,774] qiskit.passmanager.base_tasks - INFO - Pass: ContractIdleWiresInControlFlow - 0.00095 (ms)
[2026-05-28 20:01:33,774] qiskit.passmanager.base_tasks - INFO - Pass: GatesInBasis - 0.00167 (ms)
[2026-05-28 20:01:33,774] qiskit.passmanager.base_tasks - INFO - Pass: Size - 0.00095 (ms)
[2026-05-28 20:01:33,774] qiskit.passmanager.base_tasks - INFO - Pass: Depth - 0.00358 (ms)
[2026-05-28 20:01:33,774] qiskit.passmanager.base_tasks - INFO - Pass: FixedPoint - 0.00167 (ms)
[2026-05-28 20:01:33,774] qiskit.passmanager.base_tasks - INFO - Pass: FixedPoint - 0.00191 (ms)
[2026-05-28 20:01:33,775] qiskit.passmanager.base_tasks - INFO - Pass: ContainsInstruction - 0.00286 (ms)
[2026-05-28 20:01:33,775] qiskit.compiler.transpiler - INFO - Total Transpile Time - 5.72133 (ms)
[2026-05-28 20:01:57,574] qiskit.passmanager.base_tasks - INFO - Pass: ContainsInstruction - 0.00501 (ms)
[2026-05-28 20:01:57,574] qiskit.passmanager.base_tasks - INFO - Pass: UnitarySynthesis - 0.00405 (ms)
[2026-05-28 20:01:57,574] qiskit.passmanager.base_tasks - INFO - Pass: HighLevelSynthesis - 0.00334 (ms)
[2026-05-28 20:01:57,574] qiskit.passmanager.base_tasks - INFO - Pass: BasisTranslator - 0.01335 (ms)
[2026-05-28 20:01:57,574] qiskit.passmanager.base_tasks - INFO - Pass: ElidePermutations - 0.00334 (ms)
[2026-05-28 20:01:57,575] qiskit.passmanager.base_tasks - INFO - Pass: RemoveDiagonalGatesBeforeMeasure - 0.00429 (ms)
[2026-05-28 20:01:57,575] qiskit.passmanager.base_tasks - INFO - Pass: RemoveIdentityEquivalent - 0.00715 (ms)
[2026-05-28 20:01:57,575] qiskit.passmanager.base_tasks - INFO - Pass: InverseCancellation - 0.00882 (ms)
[2026-05-28 20:01:57,575] qiskit.passmanager.base_tasks - INFO - Pass: ContractIdleWiresInControlFlow - 0.00143 (ms)
[2026-05-28 20:01:57,575] qiskit.passmanager.base_tasks - INFO - Pass: CommutativeCancellation - 0.02217 (ms)
[2026-05-28 20:01:57,575] qiskit.passmanager.base_tasks - INFO - Pass: ConsolidateBlocks - 0.04053 (ms)
[2026-05-28 20:01:57,575] qiskit.passmanager.base_tasks - INFO - Pass: Split2QUnitaries - 0.00167 (ms)
[2026-05-28 20:01:57,575] qiskit.passmanager.base_tasks - INFO - Pass: UnitarySynthesis - 0.00238 (ms)
[2026-05-28 20:01:57,575] qiskit.passmanager.base_tasks - INFO - Pass: HighLevelSynthesis - 0.01311 (ms)
[2026-05-28 20:01:57,575] qiskit.passmanager.base_tasks - INFO - Pass: BasisTranslator - 0.25082 (ms)
[2026-05-28 20:01:57,575] qiskit.passmanager.base_tasks - INFO - Pass: ConsolidateBlocks - 0.05364 (ms)
[2026-05-28 20:01:57,575] qiskit.passmanager.base_tasks - INFO - Pass: UnitarySynthesis - 0.00262 (ms)
[2026-05-28 20:01:57,575] qiskit.passmanager.base_tasks - INFO - Pass: Size - 0.00262 (ms)
[2026-05-28 20:01:57,575] qiskit.passmanager.base_tasks - INFO - Pass: Depth - 0.00644 (ms)
[2026-05-28 20:01:57,575] qiskit.passmanager.base_tasks - INFO - Pass: FixedPoint - 0.00429 (ms)
[2026-05-28 20:01:57,575] qiskit.passmanager.base_tasks - INFO - Pass: FixedPoint - 0.00191 (ms)
[2026-05-28 20:01:57,575] qiskit.passmanager.base_tasks - INFO - Pass: RemoveIdentityEquivalent - 0.00453 (ms)
[2026-05-28 20:01:57,575] qiskit.passmanager.base_tasks - INFO - Pass: Optimize1qGatesDecomposition - 0.02670 (ms)
[2026-05-28 20:01:57,575] qiskit.passmanager.base_tasks - INFO - Pass: CommutativeCancellation - 0.01764 (ms)
[2026-05-28 20:01:57,575] qiskit.passmanager.base_tasks - INFO - Pass: ContractIdleWiresInControlFlow - 0.00095 (ms)
[2026-05-28 20:01:57,575] qiskit.passmanager.base_tasks - INFO - Pass: GatesInBasis - 0.00381 (ms)
[2026-05-28 20:01:57,575] qiskit.passmanager.base_tasks - INFO - Pass: Size - 0.00119 (ms)
[2026-05-28 20:01:57,575] qiskit.passmanager.base_tasks - INFO - Pass: Depth - 0.00453 (ms)
[2026-05-28 20:01:57,575] qiskit.passmanager.base_tasks - INFO - Pass: FixedPoint - 0.00167 (ms)
[2026-05-28 20:01:57,575] qiskit.passmanager.base_tasks - INFO - Pass: FixedPoint - 0.00167 (ms)
[2026-05-28 20:01:57,575] qiskit.passmanager.base_tasks - INFO - Pass: RemoveIdentityEquivalent - 0.00238 (ms)
[2026-05-28 20:01:57,576] qiskit.passmanager.base_tasks - INFO - Pass: Optimize1qGatesDecomposition - 0.01359 (ms)
[2026-05-28 20:01:57,576] qiskit.passmanager.base_tasks - INFO - Pass: CommutativeCancellation - 0.01311 (ms)
[2026-05-28 20:01:57,576] qiskit.passmanager.base_tasks - INFO - Pass: ContractIdleWiresInControlFlow - 0.00143 (ms)
[2026-05-28 20:01:57,576] qiskit.passmanager.base_tasks - INFO - Pass: GatesInBasis - 0.00191 (ms)
[2026-05-28 20:01:57,576] qiskit.passmanager.base_tasks - INFO - Pass: Size - 0.00095 (ms)
[2026-05-28 20:01:57,576] qiskit.passmanager.base_tasks - INFO - Pass: Depth - 0.00381 (ms)
[2026-05-28 20:01:57,576] qiskit.passmanager.base_tasks - INFO - Pass: FixedPoint - 0.00191 (ms)
[2026-05-28 20:01:57,576] qiskit.passmanager.base_tasks - INFO - Pass: FixedPoint - 0.00119 (ms)
[2026-05-28 20:01:57,576] qiskit.passmanager.base_tasks - INFO - Pass: ContainsInstruction - 0.00262 (ms)
[2026-05-28 20:01:57,576] qiskit.compiler.transpiler - INFO - Total Transpile Time - 4.21810 (ms)
[2026-05-28 20:02:19,917] qiskit.passmanager.base_tasks - INFO - Pass: ContainsInstruction - 0.00882 (ms)
[2026-05-28 20:02:19,918] qiskit.passmanager.base_tasks - INFO - Pass: UnitarySynthesis - 0.00572 (ms)
[2026-05-28 20:02:19,918] qiskit.passmanager.base_tasks - INFO - Pass: HighLevelSynthesis - 0.00620 (ms)
[2026-05-28 20:02:19,918] qiskit.passmanager.base_tasks - INFO - Pass: BasisTranslator - 0.02527 (ms)
[2026-05-28 20:02:19,918] qiskit.passmanager.base_tasks - INFO - Pass: ElidePermutations - 0.00715 (ms)
[2026-05-28 20:02:19,918] qiskit.passmanager.base_tasks - INFO - Pass: RemoveDiagonalGatesBeforeMeasure - 0.00739 (ms)
[2026-05-28 20:02:19,918] qiskit.passmanager.base_tasks - INFO - Pass: RemoveIdentityEquivalent - 0.01001 (ms)
[2026-05-28 20:02:19,918] qiskit.passmanager.base_tasks - INFO - Pass: InverseCancellation - 0.01264 (ms)
[2026-05-28 20:02:19,918] qiskit.passmanager.base_tasks - INFO - Pass: ContractIdleWiresInControlFlow - 0.00191 (ms)
[2026-05-28 20:02:19,918] qiskit.passmanager.base_tasks - INFO - Pass: CommutativeCancellation - 0.03028 (ms)
[2026-05-28 20:02:19,918] qiskit.passmanager.base_tasks - INFO - Pass: ConsolidateBlocks - 0.06342 (ms)
[2026-05-28 20:02:19,918] qiskit.passmanager.base_tasks - INFO - Pass: Split2QUnitaries - 0.00286 (ms)
[2026-05-28 20:02:19,918] qiskit.passmanager.base_tasks - INFO - Pass: UnitarySynthesis - 0.00310 (ms)
[2026-05-28 20:02:19,918] qiskit.passmanager.base_tasks - INFO - Pass: HighLevelSynthesis - 0.00715 (ms)
[2026-05-28 20:02:19,918] qiskit.passmanager.base_tasks - INFO - Pass: BasisTranslator - 0.36740 (ms)
[2026-05-28 20:02:19,918] qiskit.passmanager.base_tasks - INFO - Pass: ConsolidateBlocks - 0.06676 (ms)
[2026-05-28 20:02:19,919] qiskit.passmanager.base_tasks - INFO - Pass: UnitarySynthesis - 0.00334 (ms)
[2026-05-28 20:02:19,919] qiskit.passmanager.base_tasks - INFO - Pass: Size - 0.00310 (ms)
[2026-05-28 20:02:19,919] qiskit.passmanager.base_tasks - INFO - Pass: Depth - 0.01264 (ms)
[2026-05-28 20:02:19,919] qiskit.passmanager.base_tasks - INFO - Pass: FixedPoint - 0.00668 (ms)
[2026-05-28 20:02:19,919] qiskit.passmanager.base_tasks - INFO - Pass: FixedPoint - 0.00167 (ms)
[2026-05-28 20:02:19,919] qiskit.passmanager.base_tasks - INFO - Pass: RemoveIdentityEquivalent - 0.00787 (ms)
[2026-05-28 20:02:19,919] qiskit.passmanager.base_tasks - INFO - Pass: Optimize1qGatesDecomposition - 0.09847 (ms)
[2026-05-28 20:02:19,919] qiskit.passmanager.base_tasks - INFO - Pass: CommutativeCancellation - 0.20361 (ms)
[2026-05-28 20:02:19,919] qiskit.passmanager.base_tasks - INFO - Pass: ContractIdleWiresInControlFlow - 0.00358 (ms)
[2026-05-28 20:02:19,919] qiskit.passmanager.base_tasks - INFO - Pass: GatesInBasis - 0.00954 (ms)
[2026-05-28 20:02:19,919] qiskit.passmanager.base_tasks - INFO - Pass: Size - 0.04244 (ms)
[2026-05-28 20:02:19,920] qiskit.passmanager.base_tasks - INFO - Pass: Depth - 0.01907 (ms)
[2026-05-28 20:02:19,920] qiskit.passmanager.base_tasks - INFO - Pass: FixedPoint - 0.00691 (ms)
[2026-05-28 20:02:19,920] qiskit.passmanager.base_tasks - INFO - Pass: FixedPoint - 0.00405 (ms)
[2026-05-28 20:02:19,920] qiskit.passmanager.base_tasks - INFO - Pass: RemoveIdentityEquivalent - 0.00930 (ms)
[2026-05-28 20:02:19,920] qiskit.passmanager.base_tasks - INFO - Pass: Optimize1qGatesDecomposition - 0.07629 (ms)
[2026-05-28 20:02:19,920] qiskit.passmanager.base_tasks - INFO - Pass: CommutativeCancellation - 0.03362 (ms)
[2026-05-28 20:02:19,920] qiskit.passmanager.base_tasks - INFO - Pass: ContractIdleWiresInControlFlow - 0.00310 (ms)
[2026-05-28 20:02:19,920] qiskit.passmanager.base_tasks - INFO - Pass: GatesInBasis - 0.00525 (ms)
[2026-05-28 20:02:19,921] qiskit.passmanager.base_tasks - INFO - Pass: Size - 0.02551 (ms)
[2026-05-28 20:02:19,921] qiskit.passmanager.base_tasks - INFO - Pass: Depth - 0.00763 (ms)
[2026-05-28 20:02:19,921] qiskit.passmanager.base_tasks - INFO - Pass: FixedPoint - 0.00334 (ms)
[2026-05-28 20:02:19,921] qiskit.passmanager.base_tasks - INFO - Pass: FixedPoint - 0.00191 (ms)
[2026-05-28 20:02:19,921] qiskit.passmanager.base_tasks - INFO - Pass: ContainsInstruction - 0.02742 (ms)
[2026-05-28 20:02:19,921] qiskit.compiler.transpiler - INFO - Total Transpile Time - 10.90693 (ms)
[2026-05-28 20:02:42,108] qiskit.passmanager.base_tasks - INFO - Pass: ContainsInstruction - 0.00548 (ms)
[2026-05-28 20:02:42,108] qiskit.passmanager.base_tasks - INFO - Pass: UnitarySynthesis - 0.00453 (ms)
[2026-05-28 20:02:42,108] qiskit.passmanager.base_tasks - INFO - Pass: HighLevelSynthesis - 0.00429 (ms)
[2026-05-28 20:02:42,108] qiskit.passmanager.base_tasks - INFO - Pass: BasisTranslator - 0.01597 (ms)
[2026-05-28 20:02:42,108] qiskit.passmanager.base_tasks - INFO - Pass: ElidePermutations - 0.00334 (ms)
[2026-05-28 20:02:42,108] qiskit.passmanager.base_tasks - INFO - Pass: RemoveDiagonalGatesBeforeMeasure - 0.00477 (ms)
[2026-05-28 20:02:42,108] qiskit.passmanager.base_tasks - INFO - Pass: RemoveIdentityEquivalent - 0.00668 (ms)
[2026-05-28 20:02:42,108] qiskit.passmanager.base_tasks - INFO - Pass: InverseCancellation - 0.00787 (ms)
[2026-05-28 20:02:42,108] qiskit.passmanager.base_tasks - INFO - Pass: ContractIdleWiresInControlFlow - 0.00119 (ms)
[2026-05-28 20:02:42,108] qiskit.passmanager.base_tasks - INFO - Pass: CommutativeCancellation - 0.01907 (ms)
[2026-05-28 20:02:42,108] qiskit.passmanager.base_tasks - INFO - Pass: ConsolidateBlocks - 0.04244 (ms)
[2026-05-28 20:02:42,108] qiskit.passmanager.base_tasks - INFO - Pass: Split2QUnitaries - 0.00238 (ms)
[2026-05-28 20:02:42,108] qiskit.passmanager.base_tasks - INFO - Pass: UnitarySynthesis - 0.00191 (ms)
[2026-05-28 20:02:42,108] qiskit.passmanager.base_tasks - INFO - Pass: HighLevelSynthesis - 0.00453 (ms)
[2026-05-28 20:02:42,108] qiskit.passmanager.base_tasks - INFO - Pass: BasisTranslator - 0.24652 (ms)
[2026-05-28 20:02:42,108] qiskit.passmanager.base_tasks - INFO - Pass: ConsolidateBlocks - 0.05245 (ms)
[2026-05-28 20:02:42,108] qiskit.passmanager.base_tasks - INFO - Pass: UnitarySynthesis - 0.00262 (ms)
[2026-05-28 20:02:42,108] qiskit.passmanager.base_tasks - INFO - Pass: Size - 0.00381 (ms)
[2026-05-28 20:02:42,108] qiskit.passmanager.base_tasks - INFO - Pass: Depth - 0.00572 (ms)
[2026-05-28 20:02:42,108] qiskit.passmanager.base_tasks - INFO - Pass: FixedPoint - 0.00453 (ms)
[2026-05-28 20:02:42,109] qiskit.passmanager.base_tasks - INFO - Pass: FixedPoint - 0.00215 (ms)
[2026-05-28 20:02:42,109] qiskit.passmanager.base_tasks - INFO - Pass: RemoveIdentityEquivalent - 0.00405 (ms)
[2026-05-28 20:02:42,109] qiskit.passmanager.base_tasks - INFO - Pass: Optimize1qGatesDecomposition - 0.02623 (ms)
[2026-05-28 20:02:42,109] qiskit.passmanager.base_tasks - INFO - Pass: CommutativeCancellation - 0.01860 (ms)
[2026-05-28 20:02:42,109] qiskit.passmanager.base_tasks - INFO - Pass: ContractIdleWiresInControlFlow - 0.00095 (ms)
[2026-05-28 20:02:42,109] qiskit.passmanager.base_tasks - INFO - Pass: GatesInBasis - 0.00358 (ms)
[2026-05-28 20:02:42,109] qiskit.passmanager.base_tasks - INFO - Pass: Size - 0.00143 (ms)
[2026-05-28 20:02:42,109] qiskit.passmanager.base_tasks - INFO - Pass: Depth - 0.00453 (ms)
[2026-05-28 20:02:42,109] qiskit.passmanager.base_tasks - INFO - Pass: FixedPoint - 0.00238 (ms)
[2026-05-28 20:02:42,109] qiskit.passmanager.base_tasks - INFO - Pass: FixedPoint - 0.00143 (ms)
[2026-05-28 20:02:42,109] qiskit.passmanager.base_tasks - INFO - Pass: RemoveIdentityEquivalent - 0.00238 (ms)
[2026-05-28 20:02:42,109] qiskit.passmanager.base_tasks - INFO - Pass: Optimize1qGatesDecomposition - 0.01359 (ms)
[2026-05-28 20:02:42,109] qiskit.passmanager.base_tasks - INFO - Pass: CommutativeCancellation - 0.01431 (ms)
[2026-05-28 20:02:42,109] qiskit.passmanager.base_tasks - INFO - Pass: ContractIdleWiresInControlFlow - 0.00095 (ms)
[2026-05-28 20:02:42,109] qiskit.passmanager.base_tasks - INFO - Pass: GatesInBasis - 0.00167 (ms)
[2026-05-28 20:02:42,109] qiskit.passmanager.base_tasks - INFO - Pass: Size - 0.00143 (ms)
[2026-05-28 20:02:42,109] qiskit.passmanager.base_tasks - INFO - Pass: Depth - 0.00358 (ms)
[2026-05-28 20:02:42,109] qiskit.passmanager.base_tasks - INFO - Pass: FixedPoint - 0.00167 (ms)
[2026-05-28 20:02:42,109] qiskit.passmanager.base_tasks - INFO - Pass: FixedPoint - 0.00143 (ms)
[2026-05-28 20:02:42,109] qiskit.passmanager.base_tasks - INFO - Pass: ContainsInstruction - 0.00238 (ms)
[2026-05-28 20:02:42,109] qiskit.compiler.transpiler - INFO - Total Transpile Time - 4.37450 (ms)
[2026-05-28 20:03:02,372] qiskit.passmanager.base_tasks - INFO - Pass: ContainsInstruction - 0.00596 (ms)
[2026-05-28 20:03:02,372] qiskit.passmanager.base_tasks - INFO - Pass: UnitarySynthesis - 0.00405 (ms)
[2026-05-28 20:03:02,372] qiskit.passmanager.base_tasks - INFO - Pass: HighLevelSynthesis - 0.00405 (ms)
[2026-05-28 20:03:02,372] qiskit.passmanager.base_tasks - INFO - Pass: BasisTranslator - 0.01240 (ms)
[2026-05-28 20:03:02,372] qiskit.passmanager.base_tasks - INFO - Pass: ElidePermutations - 0.00477 (ms)
[2026-05-28 20:03:02,372] qiskit.passmanager.base_tasks - INFO - Pass: RemoveDiagonalGatesBeforeMeasure - 0.00477 (ms)
[2026-05-28 20:03:02,372] qiskit.passmanager.base_tasks - INFO - Pass: RemoveIdentityEquivalent - 0.00644 (ms)
[2026-05-28 20:03:02,372] qiskit.passmanager.base_tasks - INFO - Pass: InverseCancellation - 0.01049 (ms)
[2026-05-28 20:03:02,372] qiskit.passmanager.base_tasks - INFO - Pass: ContractIdleWiresInControlFlow - 0.00143 (ms)
[2026-05-28 20:03:02,372] qiskit.passmanager.base_tasks - INFO - Pass: CommutativeCancellation - 0.02170 (ms)
[2026-05-28 20:03:02,372] qiskit.passmanager.base_tasks - INFO - Pass: ConsolidateBlocks - 0.03743 (ms)
[2026-05-28 20:03:02,372] qiskit.passmanager.base_tasks - INFO - Pass: Split2QUnitaries - 0.00191 (ms)
[2026-05-28 20:03:02,372] qiskit.passmanager.base_tasks - INFO - Pass: UnitarySynthesis - 0.00238 (ms)
[2026-05-28 20:03:02,372] qiskit.passmanager.base_tasks - INFO - Pass: HighLevelSynthesis - 0.00548 (ms)
[2026-05-28 20:03:02,373] qiskit.passmanager.base_tasks - INFO - Pass: BasisTranslator - 0.24819 (ms)
[2026-05-28 20:03:02,373] qiskit.passmanager.base_tasks - INFO - Pass: ConsolidateBlocks - 0.05627 (ms)
[2026-05-28 20:03:02,373] qiskit.passmanager.base_tasks - INFO - Pass: UnitarySynthesis - 0.18334 (ms)
[2026-05-28 20:03:02,373] qiskit.passmanager.base_tasks - INFO - Pass: Size - 0.00405 (ms)
[2026-05-28 20:03:02,373] qiskit.passmanager.base_tasks - INFO - Pass: Depth - 0.00644 (ms)
[2026-05-28 20:03:02,373] qiskit.passmanager.base_tasks - INFO - Pass: FixedPoint - 0.00477 (ms)
[2026-05-28 20:03:02,373] qiskit.passmanager.base_tasks - INFO - Pass: FixedPoint - 0.00191 (ms)
[2026-05-28 20:03:02,373] qiskit.passmanager.base_tasks - INFO - Pass: RemoveIdentityEquivalent - 0.00620 (ms)
[2026-05-28 20:03:02,373] qiskit.passmanager.base_tasks - INFO - Pass: Optimize1qGatesDecomposition - 0.02575 (ms)
[2026-05-28 20:03:02,373] qiskit.passmanager.base_tasks - INFO - Pass: CommutativeCancellation - 0.01836 (ms)
[2026-05-28 20:03:02,373] qiskit.passmanager.base_tasks - INFO - Pass: ContractIdleWiresInControlFlow - 0.00072 (ms)
[2026-05-28 20:03:02,373] qiskit.passmanager.base_tasks - INFO - Pass: GatesInBasis - 0.00358 (ms)
[2026-05-28 20:03:02,373] qiskit.passmanager.base_tasks - INFO - Pass: Size - 0.00095 (ms)
[2026-05-28 20:03:02,373] qiskit.passmanager.base_tasks - INFO - Pass: Depth - 0.00381 (ms)
[2026-05-28 20:03:02,373] qiskit.passmanager.base_tasks - INFO - Pass: FixedPoint - 0.00191 (ms)
[2026-05-28 20:03:02,373] qiskit.passmanager.base_tasks - INFO - Pass: FixedPoint - 0.00119 (ms)
[2026-05-28 20:03:02,373] qiskit.passmanager.base_tasks - INFO - Pass: RemoveIdentityEquivalent - 0.00262 (ms)
[2026-05-28 20:03:02,373] qiskit.passmanager.base_tasks - INFO - Pass: Optimize1qGatesDecomposition - 0.01287 (ms)
[2026-05-28 20:03:02,373] qiskit.passmanager.base_tasks - INFO - Pass: CommutativeCancellation - 0.01240 (ms)
[2026-05-28 20:03:02,373] qiskit.passmanager.base_tasks - INFO - Pass: ContractIdleWiresInControlFlow - 0.00072 (ms)
[2026-05-28 20:03:02,374] qiskit.passmanager.base_tasks - INFO - Pass: GatesInBasis - 0.00191 (ms)
[2026-05-28 20:03:02,374] qiskit.passmanager.base_tasks - INFO - Pass: Size - 0.00119 (ms)
[2026-05-28 20:03:02,374] qiskit.passmanager.base_tasks - INFO - Pass: Depth - 0.00310 (ms)
[2026-05-28 20:03:02,374] qiskit.passmanager.base_tasks - INFO - Pass: FixedPoint - 0.00191 (ms)
[2026-05-28 20:03:02,374] qiskit.passmanager.base_tasks - INFO - Pass: FixedPoint - 0.00143 (ms)
[2026-05-28 20:03:02,374] qiskit.passmanager.base_tasks - INFO - Pass: ContainsInstruction - 0.00310 (ms)
[2026-05-28 20:03:02,374] qiskit.compiler.transpiler - INFO - Total Transpile Time - 4.40836 (ms)
[2026-05-28 20:03:26,277] qiskit.passmanager.base_tasks - INFO - Pass: ContainsInstruction - 0.00644 (ms)
[2026-05-28 20:03:26,277] qiskit.passmanager.base_tasks - INFO - Pass: UnitarySynthesis - 0.00405 (ms)
[2026-05-28 20:03:26,277] qiskit.passmanager.base_tasks - INFO - Pass: HighLevelSynthesis - 0.00453 (ms)
[2026-05-28 20:03:26,277] qiskit.passmanager.base_tasks - INFO - Pass: BasisTranslator - 0.01383 (ms)
[2026-05-28 20:03:26,277] qiskit.passmanager.base_tasks - INFO - Pass: ElidePermutations - 0.00405 (ms)
[2026-05-28 20:03:26,277] qiskit.passmanager.base_tasks - INFO - Pass: RemoveDiagonalGatesBeforeMeasure - 0.00453 (ms)
[2026-05-28 20:03:26,277] qiskit.passmanager.base_tasks - INFO - Pass: RemoveIdentityEquivalent - 0.00811 (ms)
[2026-05-28 20:03:26,277] qiskit.passmanager.base_tasks - INFO - Pass: InverseCancellation - 0.01168 (ms)
[2026-05-28 20:03:26,277] qiskit.passmanager.base_tasks - INFO - Pass: ContractIdleWiresInControlFlow - 0.00143 (ms)
[2026-05-28 20:03:26,277] qiskit.passmanager.base_tasks - INFO - Pass: CommutativeCancellation - 0.02098 (ms)
[2026-05-28 20:03:26,277] qiskit.passmanager.base_tasks - INFO - Pass: ConsolidateBlocks - 0.04172 (ms)
[2026-05-28 20:03:26,277] qiskit.passmanager.base_tasks - INFO - Pass: Split2QUnitaries - 0.00167 (ms)
[2026-05-28 20:03:26,277] qiskit.passmanager.base_tasks - INFO - Pass: UnitarySynthesis - 0.00238 (ms)
[2026-05-28 20:03:26,277] qiskit.passmanager.base_tasks - INFO - Pass: HighLevelSynthesis - 0.00477 (ms)
[2026-05-28 20:03:26,278] qiskit.passmanager.base_tasks - INFO - Pass: BasisTranslator - 0.29087 (ms)
[2026-05-28 20:03:26,278] qiskit.passmanager.base_tasks - INFO - Pass: ConsolidateBlocks - 0.05198 (ms)
[2026-05-28 20:03:26,278] qiskit.passmanager.base_tasks - INFO - Pass: UnitarySynthesis - 0.00238 (ms)
[2026-05-28 20:03:26,278] qiskit.passmanager.base_tasks - INFO - Pass: Size - 0.00215 (ms)
[2026-05-28 20:03:26,278] qiskit.passmanager.base_tasks - INFO - Pass: Depth - 0.00691 (ms)
[2026-05-28 20:03:26,278] qiskit.passmanager.base_tasks - INFO - Pass: FixedPoint - 0.00429 (ms)
[2026-05-28 20:03:26,278] qiskit.passmanager.base_tasks - INFO - Pass: FixedPoint - 0.00215 (ms)
[2026-05-28 20:03:26,278] qiskit.passmanager.base_tasks - INFO - Pass: RemoveIdentityEquivalent - 0.00358 (ms)
[2026-05-28 20:03:26,278] qiskit.passmanager.base_tasks - INFO - Pass: Optimize1qGatesDecomposition - 0.02599 (ms)
[2026-05-28 20:03:26,278] qiskit.passmanager.base_tasks - INFO - Pass: CommutativeCancellation - 0.01645 (ms)
[2026-05-28 20:03:26,278] qiskit.passmanager.base_tasks - INFO - Pass: ContractIdleWiresInControlFlow - 0.00143 (ms)
[2026-05-28 20:03:26,278] qiskit.passmanager.base_tasks - INFO - Pass: GatesInBasis - 0.00310 (ms)
[2026-05-28 20:03:26,278] qiskit.passmanager.base_tasks - INFO - Pass: Size - 0.00143 (ms)
[2026-05-28 20:03:26,278] qiskit.passmanager.base_tasks - INFO - Pass: Depth - 0.00453 (ms)
[2026-05-28 20:03:26,278] qiskit.passmanager.base_tasks - INFO - Pass: FixedPoint - 0.00238 (ms)
[2026-05-28 20:03:26,278] qiskit.passmanager.base_tasks - INFO - Pass: FixedPoint - 0.00167 (ms)
[2026-05-28 20:03:26,278] qiskit.passmanager.base_tasks - INFO - Pass: RemoveIdentityEquivalent - 0.00238 (ms)
[2026-05-28 20:03:26,278] qiskit.passmanager.base_tasks - INFO - Pass: Optimize1qGatesDecomposition - 0.01311 (ms)
[2026-05-28 20:03:26,278] qiskit.passmanager.base_tasks - INFO - Pass: CommutativeCancellation - 0.01264 (ms)
[2026-05-28 20:03:26,278] qiskit.passmanager.base_tasks - INFO - Pass: ContractIdleWiresInControlFlow - 0.00095 (ms)
[2026-05-28 20:03:26,278] qiskit.passmanager.base_tasks - INFO - Pass: GatesInBasis - 0.00191 (ms)
[2026-05-28 20:03:26,278] qiskit.passmanager.base_tasks - INFO - Pass: Size - 0.00119 (ms)
[2026-05-28 20:03:26,278] qiskit.passmanager.base_tasks - INFO - Pass: Depth - 0.00358 (ms)
[2026-05-28 20:03:26,278] qiskit.passmanager.base_tasks - INFO - Pass: FixedPoint - 0.00191 (ms)
[2026-05-28 20:03:26,278] qiskit.passmanager.base_tasks - INFO - Pass: FixedPoint - 0.00167 (ms)
[2026-05-28 20:03:26,278] qiskit.passmanager.base_tasks - INFO - Pass: ContainsInstruction - 0.00262 (ms)
[2026-05-28 20:03:26,278] qiskit.compiler.transpiler - INFO - Total Transpile Time - 4.46177 (ms)
[2026-05-28 20:03:48,396] qiskit.passmanager.base_tasks - INFO - Pass: ContainsInstruction - 0.00548 (ms)
[2026-05-28 20:03:48,396] qiskit.passmanager.base_tasks - INFO - Pass: UnitarySynthesis - 0.00429 (ms)
[2026-05-28 20:03:48,396] qiskit.passmanager.base_tasks - INFO - Pass: HighLevelSynthesis - 0.00429 (ms)
[2026-05-28 20:03:48,396] qiskit.passmanager.base_tasks - INFO - Pass: BasisTranslator - 0.01359 (ms)
[2026-05-28 20:03:48,396] qiskit.passmanager.base_tasks - INFO - Pass: ElidePermutations - 0.00429 (ms)
[2026-05-28 20:03:48,396] qiskit.passmanager.base_tasks - INFO - Pass: RemoveDiagonalGatesBeforeMeasure - 0.00501 (ms)
[2026-05-28 20:03:48,396] qiskit.passmanager.base_tasks - INFO - Pass: RemoveIdentityEquivalent - 0.00882 (ms)
[2026-05-28 20:03:48,396] qiskit.passmanager.base_tasks - INFO - Pass: InverseCancellation - 0.01025 (ms)
[2026-05-28 20:03:48,396] qiskit.passmanager.base_tasks - INFO - Pass: ContractIdleWiresInControlFlow - 0.00143 (ms)
[2026-05-28 20:03:48,396] qiskit.passmanager.base_tasks - INFO - Pass: CommutativeCancellation - 0.02193 (ms)
[2026-05-28 20:03:48,396] qiskit.passmanager.base_tasks - INFO - Pass: ConsolidateBlocks - 0.04435 (ms)
[2026-05-28 20:03:48,396] qiskit.passmanager.base_tasks - INFO - Pass: Split2QUnitaries - 0.00238 (ms)
[2026-05-28 20:03:48,396] qiskit.passmanager.base_tasks - INFO - Pass: UnitarySynthesis - 0.00262 (ms)
[2026-05-28 20:03:48,396] qiskit.passmanager.base_tasks - INFO - Pass: HighLevelSynthesis - 0.00572 (ms)
[2026-05-28 20:03:48,396] qiskit.passmanager.base_tasks - INFO - Pass: BasisTranslator - 0.27633 (ms)
[2026-05-28 20:03:48,396] qiskit.passmanager.base_tasks - INFO - Pass: ConsolidateBlocks - 0.05507 (ms)
[2026-05-28 20:03:48,397] qiskit.passmanager.base_tasks - INFO - Pass: UnitarySynthesis - 0.00286 (ms)
[2026-05-28 20:03:48,397] qiskit.passmanager.base_tasks - INFO - Pass: Size - 0.00262 (ms)
[2026-05-28 20:03:48,397] qiskit.passmanager.base_tasks - INFO - Pass: Depth - 0.00668 (ms)
[2026-05-28 20:03:48,397] qiskit.passmanager.base_tasks - INFO - Pass: FixedPoint - 0.00477 (ms)
[2026-05-28 20:03:48,397] qiskit.passmanager.base_tasks - INFO - Pass: FixedPoint - 0.00215 (ms)
[2026-05-28 20:03:48,397] qiskit.passmanager.base_tasks - INFO - Pass: RemoveIdentityEquivalent - 0.00453 (ms)
[2026-05-28 20:03:48,397] qiskit.passmanager.base_tasks - INFO - Pass: Optimize1qGatesDecomposition - 0.02742 (ms)
[2026-05-28 20:03:48,397] qiskit.passmanager.base_tasks - INFO - Pass: CommutativeCancellation - 0.01979 (ms)
[2026-05-28 20:03:48,397] qiskit.passmanager.base_tasks - INFO - Pass: ContractIdleWiresInControlFlow - 0.00095 (ms)
[2026-05-28 20:03:48,397] qiskit.passmanager.base_tasks - INFO - Pass: GatesInBasis - 0.00310 (ms)
[2026-05-28 20:03:48,397] qiskit.passmanager.base_tasks - INFO - Pass: Size - 0.00143 (ms)
[2026-05-28 20:03:48,397] qiskit.passmanager.base_tasks - INFO - Pass: Depth - 0.00429 (ms)
[2026-05-28 20:03:48,397] qiskit.passmanager.base_tasks - INFO - Pass: FixedPoint - 0.00262 (ms)
[2026-05-28 20:03:48,397] qiskit.passmanager.base_tasks - INFO - Pass: FixedPoint - 0.00143 (ms)
[2026-05-28 20:03:48,397] qiskit.passmanager.base_tasks - INFO - Pass: RemoveIdentityEquivalent - 0.00262 (ms)
[2026-05-28 20:03:48,397] qiskit.passmanager.base_tasks - INFO - Pass: Optimize1qGatesDecomposition - 0.01359 (ms)
[2026-05-28 20:03:48,397] qiskit.passmanager.base_tasks - INFO - Pass: CommutativeCancellation - 0.01478 (ms)
[2026-05-28 20:03:48,397] qiskit.passmanager.base_tasks - INFO - Pass: ContractIdleWiresInControlFlow - 0.00143 (ms)
[2026-05-28 20:03:48,397] qiskit.passmanager.base_tasks - INFO - Pass: GatesInBasis - 0.00191 (ms)
[2026-05-28 20:03:48,397] qiskit.passmanager.base_tasks - INFO - Pass: Size - 0.00143 (ms)
[2026-05-28 20:03:48,397] qiskit.passmanager.base_tasks - INFO - Pass: Depth - 0.00334 (ms)
[2026-05-28 20:03:48,397] qiskit.passmanager.base_tasks - INFO - Pass: FixedPoint - 0.00143 (ms)
[2026-05-28 20:03:48,397] qiskit.passmanager.base_tasks - INFO - Pass: FixedPoint - 0.00215 (ms)
[2026-05-28 20:03:48,397] qiskit.passmanager.base_tasks - INFO - Pass: ContainsInstruction - 0.00238 (ms)
[2026-05-28 20:03:48,397] qiskit.compiler.transpiler - INFO - Total Transpile Time - 4.63367 (ms)
[2026-05-28 20:04:10,100] qiskit.passmanager.base_tasks - INFO - Pass: ContainsInstruction - 0.00811 (ms)
[2026-05-28 20:04:10,100] qiskit.passmanager.base_tasks - INFO - Pass: UnitarySynthesis - 0.00596 (ms)
[2026-05-28 20:04:10,101] qiskit.passmanager.base_tasks - INFO - Pass: HighLevelSynthesis - 0.00477 (ms)
[2026-05-28 20:04:10,101] qiskit.passmanager.base_tasks - INFO - Pass: BasisTranslator - 0.01669 (ms)
[2026-05-28 20:04:10,101] qiskit.passmanager.base_tasks - INFO - Pass: ElidePermutations - 0.00525 (ms)
[2026-05-28 20:04:10,101] qiskit.passmanager.base_tasks - INFO - Pass: RemoveDiagonalGatesBeforeMeasure - 0.00739 (ms)
[2026-05-28 20:04:10,101] qiskit.passmanager.base_tasks - INFO - Pass: RemoveIdentityEquivalent - 0.00834 (ms)
[2026-05-28 20:04:10,101] qiskit.passmanager.base_tasks - INFO - Pass: InverseCancellation - 0.01478 (ms)
[2026-05-28 20:04:10,101] qiskit.passmanager.base_tasks - INFO - Pass: ContractIdleWiresInControlFlow - 0.00191 (ms)
[2026-05-28 20:04:10,101] qiskit.passmanager.base_tasks - INFO - Pass: CommutativeCancellation - 0.02980 (ms)
[2026-05-28 20:04:10,101] qiskit.passmanager.base_tasks - INFO - Pass: ConsolidateBlocks - 0.05960 (ms)
[2026-05-28 20:04:10,101] qiskit.passmanager.base_tasks - INFO - Pass: Split2QUnitaries - 0.00191 (ms)
[2026-05-28 20:04:10,101] qiskit.passmanager.base_tasks - INFO - Pass: UnitarySynthesis - 0.00405 (ms)
[2026-05-28 20:04:10,101] qiskit.passmanager.base_tasks - INFO - Pass: HighLevelSynthesis - 0.00691 (ms)
[2026-05-28 20:04:10,101] qiskit.passmanager.base_tasks - INFO - Pass: BasisTranslator - 0.44322 (ms)
[2026-05-28 20:04:10,102] qiskit.passmanager.base_tasks - INFO - Pass: ConsolidateBlocks - 0.08273 (ms)
[2026-05-28 20:04:10,102] qiskit.passmanager.base_tasks - INFO - Pass: UnitarySynthesis - 0.00405 (ms)
[2026-05-28 20:04:10,102] qiskit.passmanager.base_tasks - INFO - Pass: Size - 0.00334 (ms)
[2026-05-28 20:04:10,102] qiskit.passmanager.base_tasks - INFO - Pass: Depth - 0.01025 (ms)
[2026-05-28 20:04:10,102] qiskit.passmanager.base_tasks - INFO - Pass: FixedPoint - 0.00477 (ms)
[2026-05-28 20:04:10,102] qiskit.passmanager.base_tasks - INFO - Pass: FixedPoint - 0.00286 (ms)
[2026-05-28 20:04:10,102] qiskit.passmanager.base_tasks - INFO - Pass: RemoveIdentityEquivalent - 0.00525 (ms)
[2026-05-28 20:04:10,102] qiskit.passmanager.base_tasks - INFO - Pass: Optimize1qGatesDecomposition - 0.04053 (ms)
[2026-05-28 20:04:10,102] qiskit.passmanager.base_tasks - INFO - Pass: CommutativeCancellation - 0.02670 (ms)
[2026-05-28 20:04:10,102] qiskit.passmanager.base_tasks - INFO - Pass: ContractIdleWiresInControlFlow - 0.00191 (ms)
[2026-05-28 20:04:10,102] qiskit.passmanager.base_tasks - INFO - Pass: GatesInBasis - 0.00620 (ms)
[2026-05-28 20:04:10,102] qiskit.passmanager.base_tasks - INFO - Pass: Size - 0.00215 (ms)
[2026-05-28 20:04:10,102] qiskit.passmanager.base_tasks - INFO - Pass: Depth - 0.00715 (ms)
[2026-05-28 20:04:10,102] qiskit.passmanager.base_tasks - INFO - Pass: FixedPoint - 0.00310 (ms)
[2026-05-28 20:04:10,102] qiskit.passmanager.base_tasks - INFO - Pass: FixedPoint - 0.00262 (ms)
[2026-05-28 20:04:10,102] qiskit.passmanager.base_tasks - INFO - Pass: RemoveIdentityEquivalent - 0.00405 (ms)
[2026-05-28 20:04:10,102] qiskit.passmanager.base_tasks - INFO - Pass: Optimize1qGatesDecomposition - 0.02337 (ms)
[2026-05-28 20:04:10,102] qiskit.passmanager.base_tasks - INFO - Pass: CommutativeCancellation - 0.02241 (ms)
[2026-05-28 20:04:10,102] qiskit.passmanager.base_tasks - INFO - Pass: ContractIdleWiresInControlFlow - 0.00167 (ms)
[2026-05-28 20:04:10,102] qiskit.passmanager.base_tasks - INFO - Pass: GatesInBasis - 0.00358 (ms)
[2026-05-28 20:04:10,102] qiskit.passmanager.base_tasks - INFO - Pass: Size - 0.00215 (ms)
[2026-05-28 20:04:10,102] qiskit.passmanager.base_tasks - INFO - Pass: Depth - 0.00691 (ms)
[2026-05-28 20:04:10,102] qiskit.passmanager.base_tasks - INFO - Pass: FixedPoint - 0.00286 (ms)
[2026-05-28 20:04:10,102] qiskit.passmanager.base_tasks - INFO - Pass: FixedPoint - 0.00262 (ms)
[2026-05-28 20:04:10,102] qiskit.passmanager.base_tasks - INFO - Pass: ContainsInstruction - 0.00358 (ms)
[2026-05-28 20:04:10,107] qiskit.compiler.transpiler - INFO - Total Transpile Time - 15.15865 (ms)
[2026-05-28 20:04:31,620] qiskit.passmanager.base_tasks - INFO - Pass: ContainsInstruction - 0.00572 (ms)
[2026-05-28 20:04:31,620] qiskit.passmanager.base_tasks - INFO - Pass: UnitarySynthesis - 0.00477 (ms)
[2026-05-28 20:04:31,621] qiskit.passmanager.base_tasks - INFO - Pass: HighLevelSynthesis - 0.00381 (ms)
[2026-05-28 20:04:31,621] qiskit.passmanager.base_tasks - INFO - Pass: BasisTranslator - 0.01454 (ms)
[2026-05-28 20:04:31,621] qiskit.passmanager.base_tasks - INFO - Pass: ElidePermutations - 0.00477 (ms)
[2026-05-28 20:04:31,621] qiskit.passmanager.base_tasks - INFO - Pass: RemoveDiagonalGatesBeforeMeasure - 0.00525 (ms)
[2026-05-28 20:04:31,621] qiskit.passmanager.base_tasks - INFO - Pass: RemoveIdentityEquivalent - 0.00739 (ms)
[2026-05-28 20:04:31,621] qiskit.passmanager.base_tasks - INFO - Pass: InverseCancellation - 0.00787 (ms)
[2026-05-28 20:04:31,621] qiskit.passmanager.base_tasks - INFO - Pass: ContractIdleWiresInControlFlow - 0.00119 (ms)
[2026-05-28 20:04:31,621] qiskit.passmanager.base_tasks - INFO - Pass: CommutativeCancellation - 0.02122 (ms)
[2026-05-28 20:04:31,621] qiskit.passmanager.base_tasks - INFO - Pass: ConsolidateBlocks - 0.04315 (ms)
[2026-05-28 20:04:31,621] qiskit.passmanager.base_tasks - INFO - Pass: Split2QUnitaries - 0.00167 (ms)
[2026-05-28 20:04:31,621] qiskit.passmanager.base_tasks - INFO - Pass: UnitarySynthesis - 0.00215 (ms)
[2026-05-28 20:04:31,621] qiskit.passmanager.base_tasks - INFO - Pass: HighLevelSynthesis - 0.00453 (ms)
[2026-05-28 20:04:31,621] qiskit.passmanager.base_tasks - INFO - Pass: BasisTranslator - 0.25702 (ms)
[2026-05-28 20:04:31,621] qiskit.passmanager.base_tasks - INFO - Pass: ConsolidateBlocks - 0.04959 (ms)
[2026-05-28 20:04:31,621] qiskit.passmanager.base_tasks - INFO - Pass: UnitarySynthesis - 0.00238 (ms)
[2026-05-28 20:04:31,621] qiskit.passmanager.base_tasks - INFO - Pass: Size - 0.00238 (ms)
[2026-05-28 20:04:31,621] qiskit.passmanager.base_tasks - INFO - Pass: Depth - 0.00525 (ms)
[2026-05-28 20:04:31,621] qiskit.passmanager.base_tasks - INFO - Pass: FixedPoint - 0.00501 (ms)
[2026-05-28 20:04:31,621] qiskit.passmanager.base_tasks - INFO - Pass: FixedPoint - 0.00191 (ms)
[2026-05-28 20:04:31,621] qiskit.passmanager.base_tasks - INFO - Pass: RemoveIdentityEquivalent - 0.00429 (ms)
[2026-05-28 20:04:31,621] qiskit.passmanager.base_tasks - INFO - Pass: Optimize1qGatesDecomposition - 0.02480 (ms)
[2026-05-28 20:04:31,621] qiskit.passmanager.base_tasks - INFO - Pass: CommutativeCancellation - 0.04244 (ms)
[2026-05-28 20:04:31,621] qiskit.passmanager.base_tasks - INFO - Pass: ContractIdleWiresInControlFlow - 0.00119 (ms)
[2026-05-28 20:04:31,621] qiskit.passmanager.base_tasks - INFO - Pass: GatesInBasis - 0.00310 (ms)
[2026-05-28 20:04:31,621] qiskit.passmanager.base_tasks - INFO - Pass: Size - 0.00167 (ms)
[2026-05-28 20:04:31,621] qiskit.passmanager.base_tasks - INFO - Pass: Depth - 0.00429 (ms)
[2026-05-28 20:04:31,622] qiskit.passmanager.base_tasks - INFO - Pass: FixedPoint - 0.00215 (ms)
[2026-05-28 20:04:31,622] qiskit.passmanager.base_tasks - INFO - Pass: FixedPoint - 0.00167 (ms)
[2026-05-28 20:04:31,622] qiskit.passmanager.base_tasks - INFO - Pass: RemoveIdentityEquivalent - 0.00238 (ms)
[2026-05-28 20:04:31,622] qiskit.passmanager.base_tasks - INFO - Pass: Optimize1qGatesDecomposition - 0.01311 (ms)
[2026-05-28 20:04:31,622] qiskit.passmanager.base_tasks - INFO - Pass: CommutativeCancellation - 0.01431 (ms)
[2026-05-28 20:04:31,622] qiskit.passmanager.base_tasks - INFO - Pass: ContractIdleWiresInControlFlow - 0.00095 (ms)
[2026-05-28 20:04:31,622] qiskit.passmanager.base_tasks - INFO - Pass: GatesInBasis - 0.00167 (ms)
[2026-05-28 20:04:31,622] qiskit.passmanager.base_tasks - INFO - Pass: Size - 0.00119 (ms)
[2026-05-28 20:04:31,622] qiskit.passmanager.base_tasks - INFO - Pass: Depth - 0.00405 (ms)
[2026-05-28 20:04:31,622] qiskit.passmanager.base_tasks - INFO - Pass: FixedPoint - 0.00167 (ms)
[2026-05-28 20:04:31,622] qiskit.passmanager.base_tasks - INFO - Pass: FixedPoint - 0.00167 (ms)
[2026-05-28 20:04:31,622] qiskit.passmanager.base_tasks - INFO - Pass: ContainsInstruction - 0.00262 (ms)
[2026-05-28 20:04:31,622] qiskit.compiler.transpiler - INFO - Total Transpile Time - 4.74572 (ms)
[2026-05-28 20:04:51,621] qiskit.passmanager.base_tasks - INFO - Pass: ContainsInstruction - 0.00763 (ms)
[2026-05-28 20:04:51,621] qiskit.passmanager.base_tasks - INFO - Pass: UnitarySynthesis - 0.00525 (ms)
[2026-05-28 20:04:51,621] qiskit.passmanager.base_tasks - INFO - Pass: HighLevelSynthesis - 0.00405 (ms)
[2026-05-28 20:04:51,621] qiskit.passmanager.base_tasks - INFO - Pass: BasisTranslator - 0.01574 (ms)
[2026-05-28 20:04:51,621] qiskit.passmanager.base_tasks - INFO - Pass: ElidePermutations - 0.01335 (ms)
[2026-05-28 20:04:51,621] qiskit.passmanager.base_tasks - INFO - Pass: RemoveDiagonalGatesBeforeMeasure - 0.01287 (ms)
[2026-05-28 20:04:51,622] qiskit.passmanager.base_tasks - INFO - Pass: RemoveIdentityEquivalent - 0.05269 (ms)
[2026-05-28 20:04:51,622] qiskit.passmanager.base_tasks - INFO - Pass: InverseCancellation - 0.03028 (ms)
[2026-05-28 20:04:51,622] qiskit.passmanager.base_tasks - INFO - Pass: ContractIdleWiresInControlFlow - 0.00167 (ms)
[2026-05-28 20:04:51,622] qiskit.passmanager.base_tasks - INFO - Pass: CommutativeCancellation - 0.04053 (ms)
[2026-05-28 20:04:51,622] qiskit.passmanager.base_tasks - INFO - Pass: ConsolidateBlocks - 0.07391 (ms)
[2026-05-28 20:04:51,622] qiskit.passmanager.base_tasks - INFO - Pass: Split2QUnitaries - 0.00191 (ms)
[2026-05-28 20:04:51,622] qiskit.passmanager.base_tasks - INFO - Pass: UnitarySynthesis - 0.00310 (ms)
[2026-05-28 20:04:51,622] qiskit.passmanager.base_tasks - INFO - Pass: HighLevelSynthesis - 0.00572 (ms)
[2026-05-28 20:04:51,622] qiskit.passmanager.base_tasks - INFO - Pass: BasisTranslator - 0.45538 (ms)
[2026-05-28 20:04:51,622] qiskit.passmanager.base_tasks - INFO - Pass: ConsolidateBlocks - 0.06795 (ms)
[2026-05-28 20:04:51,623] qiskit.passmanager.base_tasks - INFO - Pass: UnitarySynthesis - 0.20480 (ms)
[2026-05-28 20:04:51,623] qiskit.passmanager.base_tasks - INFO - Pass: Size - 0.00930 (ms)
[2026-05-28 20:04:51,623] qiskit.passmanager.base_tasks - INFO - Pass: Depth - 0.00787 (ms)
[2026-05-28 20:04:51,623] qiskit.passmanager.base_tasks - INFO - Pass: FixedPoint - 0.00525 (ms)
[2026-05-28 20:04:51,623] qiskit.passmanager.base_tasks - INFO - Pass: FixedPoint - 0.00143 (ms)
[2026-05-28 20:04:51,623] qiskit.passmanager.base_tasks - INFO - Pass: RemoveIdentityEquivalent - 0.00620 (ms)
[2026-05-28 20:04:51,623] qiskit.passmanager.base_tasks - INFO - Pass: Optimize1qGatesDecomposition - 0.02575 (ms)
[2026-05-28 20:04:51,623] qiskit.passmanager.base_tasks - INFO - Pass: CommutativeCancellation - 0.01836 (ms)
[2026-05-28 20:04:51,623] qiskit.passmanager.base_tasks - INFO - Pass: ContractIdleWiresInControlFlow - 0.00143 (ms)
[2026-05-28 20:04:51,623] qiskit.passmanager.base_tasks - INFO - Pass: GatesInBasis - 0.00334 (ms)
[2026-05-28 20:04:51,623] qiskit.passmanager.base_tasks - INFO - Pass: Size - 0.00119 (ms)
[2026-05-28 20:04:51,623] qiskit.passmanager.base_tasks - INFO - Pass: Depth - 0.00477 (ms)
[2026-05-28 20:04:51,623] qiskit.passmanager.base_tasks - INFO - Pass: FixedPoint - 0.00215 (ms)
[2026-05-28 20:04:51,623] qiskit.passmanager.base_tasks - INFO - Pass: FixedPoint - 0.00167 (ms)
[2026-05-28 20:04:51,623] qiskit.passmanager.base_tasks - INFO - Pass: RemoveIdentityEquivalent - 0.00262 (ms)
[2026-05-28 20:04:51,623] qiskit.passmanager.base_tasks - INFO - Pass: Optimize1qGatesDecomposition - 0.01359 (ms)
[2026-05-28 20:04:51,623] qiskit.passmanager.base_tasks - INFO - Pass: CommutativeCancellation - 0.01287 (ms)
[2026-05-28 20:04:51,623] qiskit.passmanager.base_tasks - INFO - Pass: ContractIdleWiresInControlFlow - 0.00095 (ms)
[2026-05-28 20:04:51,623] qiskit.passmanager.base_tasks - INFO - Pass: GatesInBasis - 0.00191 (ms)
[2026-05-28 20:04:51,623] qiskit.passmanager.base_tasks - INFO - Pass: Size - 0.00095 (ms)
[2026-05-28 20:04:51,623] qiskit.passmanager.base_tasks - INFO - Pass: Depth - 0.00405 (ms)
[2026-05-28 20:04:51,623] qiskit.passmanager.base_tasks - INFO - Pass: FixedPoint - 0.00167 (ms)
[2026-05-28 20:04:51,623] qiskit.passmanager.base_tasks - INFO - Pass: FixedPoint - 0.00143 (ms)
[2026-05-28 20:04:51,623] qiskit.passmanager.base_tasks - INFO - Pass: ContainsInstruction - 0.00310 (ms)
[2026-05-28 20:04:51,623] qiskit.compiler.transpiler - INFO - Total Transpile Time - 6.84643 (ms)
[2026-05-28 20:05:15,428] qiskit.passmanager.base_tasks - INFO - Pass: ContainsInstruction - 0.00572 (ms)
[2026-05-28 20:05:15,428] qiskit.passmanager.base_tasks - INFO - Pass: UnitarySynthesis - 0.00429 (ms)
[2026-05-28 20:05:15,428] qiskit.passmanager.base_tasks - INFO - Pass: HighLevelSynthesis - 0.00405 (ms)
[2026-05-28 20:05:15,428] qiskit.passmanager.base_tasks - INFO - Pass: BasisTranslator - 0.01431 (ms)
[2026-05-28 20:05:15,428] qiskit.passmanager.base_tasks - INFO - Pass: ElidePermutations - 0.00453 (ms)
[2026-05-28 20:05:15,428] qiskit.passmanager.base_tasks - INFO - Pass: RemoveDiagonalGatesBeforeMeasure - 0.00548 (ms)
[2026-05-28 20:05:15,428] qiskit.passmanager.base_tasks - INFO - Pass: RemoveIdentityEquivalent - 0.00787 (ms)
[2026-05-28 20:05:15,428] qiskit.passmanager.base_tasks - INFO - Pass: InverseCancellation - 0.01025 (ms)
[2026-05-28 20:05:15,428] qiskit.passmanager.base_tasks - INFO - Pass: ContractIdleWiresInControlFlow - 0.00167 (ms)
[2026-05-28 20:05:15,428] qiskit.passmanager.base_tasks - INFO - Pass: CommutativeCancellation - 0.02265 (ms)
[2026-05-28 20:05:15,428] qiskit.passmanager.base_tasks - INFO - Pass: ConsolidateBlocks - 0.04578 (ms)
[2026-05-28 20:05:15,428] qiskit.passmanager.base_tasks - INFO - Pass: Split2QUnitaries - 0.00191 (ms)
[2026-05-28 20:05:15,428] qiskit.passmanager.base_tasks - INFO - Pass: UnitarySynthesis - 0.00262 (ms)
[2026-05-28 20:05:15,428] qiskit.passmanager.base_tasks - INFO - Pass: HighLevelSynthesis - 0.00572 (ms)
[2026-05-28 20:05:15,428] qiskit.passmanager.base_tasks - INFO - Pass: BasisTranslator - 0.27728 (ms)
[2026-05-28 20:05:15,428] qiskit.passmanager.base_tasks - INFO - Pass: ConsolidateBlocks - 0.05317 (ms)
[2026-05-28 20:05:15,428] qiskit.passmanager.base_tasks - INFO - Pass: UnitarySynthesis - 0.00286 (ms)
[2026-05-28 20:05:15,428] qiskit.passmanager.base_tasks - INFO - Pass: Size - 0.00215 (ms)
[2026-05-28 20:05:15,429] qiskit.passmanager.base_tasks - INFO - Pass: Depth - 0.00668 (ms)
[2026-05-28 20:05:15,429] qiskit.passmanager.base_tasks - INFO - Pass: FixedPoint - 0.00453 (ms)
[2026-05-28 20:05:15,429] qiskit.passmanager.base_tasks - INFO - Pass: FixedPoint - 0.00215 (ms)
[2026-05-28 20:05:15,429] qiskit.passmanager.base_tasks - INFO - Pass: RemoveIdentityEquivalent - 0.00477 (ms)
[2026-05-28 20:05:15,429] qiskit.passmanager.base_tasks - INFO - Pass: Optimize1qGatesDecomposition - 0.02837 (ms)
[2026-05-28 20:05:15,429] qiskit.passmanager.base_tasks - INFO - Pass: CommutativeCancellation - 0.01717 (ms)
[2026-05-28 20:05:15,429] qiskit.passmanager.base_tasks - INFO - Pass: ContractIdleWiresInControlFlow - 0.00119 (ms)
[2026-05-28 20:05:15,429] qiskit.passmanager.base_tasks - INFO - Pass: GatesInBasis - 0.00381 (ms)
[2026-05-28 20:05:15,429] qiskit.passmanager.base_tasks - INFO - Pass: Size - 0.00167 (ms)
[2026-05-28 20:05:15,429] qiskit.passmanager.base_tasks - INFO - Pass: Depth - 0.00453 (ms)
[2026-05-28 20:05:15,429] qiskit.passmanager.base_tasks - INFO - Pass: FixedPoint - 0.00262 (ms)
[2026-05-28 20:05:15,429] qiskit.passmanager.base_tasks - INFO - Pass: FixedPoint - 0.00191 (ms)
[2026-05-28 20:05:15,429] qiskit.passmanager.base_tasks - INFO - Pass: RemoveIdentityEquivalent - 0.00262 (ms)
[2026-05-28 20:05:15,429] qiskit.passmanager.base_tasks - INFO - Pass: Optimize1qGatesDecomposition - 0.01287 (ms)
[2026-05-28 20:05:15,429] qiskit.passmanager.base_tasks - INFO - Pass: CommutativeCancellation - 0.01407 (ms)
[2026-05-28 20:05:15,429] qiskit.passmanager.base_tasks - INFO - Pass: ContractIdleWiresInControlFlow - 0.00119 (ms)
[2026-05-28 20:05:15,429] qiskit.passmanager.base_tasks - INFO - Pass: GatesInBasis - 0.00191 (ms)
[2026-05-28 20:05:15,429] qiskit.passmanager.base_tasks - INFO - Pass: Size - 0.00095 (ms)
[2026-05-28 20:05:15,429] qiskit.passmanager.base_tasks - INFO - Pass: Depth - 0.00405 (ms)
[2026-05-28 20:05:15,429] qiskit.passmanager.base_tasks - INFO - Pass: FixedPoint - 0.00167 (ms)
[2026-05-28 20:05:15,429] qiskit.passmanager.base_tasks - INFO - Pass: FixedPoint - 0.00119 (ms)
[2026-05-28 20:05:15,429] qiskit.passmanager.base_tasks - INFO - Pass: ContainsInstruction - 0.00286 (ms)
[2026-05-28 20:05:15,429] qiskit.compiler.transpiler - INFO - Total Transpile Time - 4.65512 (ms)
[2026-05-28 20:05:37,683] qiskit.passmanager.base_tasks - INFO - Pass: ContainsInstruction - 0.01144 (ms)
[2026-05-28 20:05:37,683] qiskit.passmanager.base_tasks - INFO - Pass: UnitarySynthesis - 0.01073 (ms)
[2026-05-28 20:05:37,683] qiskit.passmanager.base_tasks - INFO - Pass: HighLevelSynthesis - 0.01001 (ms)
[2026-05-28 20:05:37,684] qiskit.passmanager.base_tasks - INFO - Pass: BasisTranslator - 0.02933 (ms)
[2026-05-28 20:05:37,684] qiskit.passmanager.base_tasks - INFO - Pass: ElidePermutations - 0.02074 (ms)
[2026-05-28 20:05:37,684] qiskit.passmanager.base_tasks - INFO - Pass: RemoveDiagonalGatesBeforeMeasure - 0.00978 (ms)
[2026-05-28 20:05:37,684] qiskit.passmanager.base_tasks - INFO - Pass: RemoveIdentityEquivalent - 0.03052 (ms)
[2026-05-28 20:05:37,684] qiskit.passmanager.base_tasks - INFO - Pass: InverseCancellation - 0.04530 (ms)
[2026-05-28 20:05:37,684] qiskit.passmanager.base_tasks - INFO - Pass: ContractIdleWiresInControlFlow - 0.00238 (ms)
[2026-05-28 20:05:37,684] qiskit.passmanager.base_tasks - INFO - Pass: CommutativeCancellation - 0.06008 (ms)
[2026-05-28 20:05:37,684] qiskit.passmanager.base_tasks - INFO - Pass: ConsolidateBlocks - 0.08941 (ms)
[2026-05-28 20:05:37,684] qiskit.passmanager.base_tasks - INFO - Pass: Split2QUnitaries - 0.00286 (ms)
[2026-05-28 20:05:37,684] qiskit.passmanager.base_tasks - INFO - Pass: UnitarySynthesis - 0.00501 (ms)
[2026-05-28 20:05:37,684] qiskit.passmanager.base_tasks - INFO - Pass: HighLevelSynthesis - 0.01025 (ms)
[2026-05-28 20:05:37,685] qiskit.passmanager.base_tasks - INFO - Pass: BasisTranslator - 0.53978 (ms)
[2026-05-28 20:05:37,685] qiskit.passmanager.base_tasks - INFO - Pass: ConsolidateBlocks - 0.11706 (ms)
[2026-05-28 20:05:37,685] qiskit.passmanager.base_tasks - INFO - Pass: UnitarySynthesis - 0.00668 (ms)
[2026-05-28 20:05:37,685] qiskit.passmanager.base_tasks - INFO - Pass: Size - 0.00525 (ms)
[2026-05-28 20:05:37,685] qiskit.passmanager.base_tasks - INFO - Pass: Depth - 0.01168 (ms)
[2026-05-28 20:05:37,685] qiskit.passmanager.base_tasks - INFO - Pass: FixedPoint - 0.00858 (ms)
[2026-05-28 20:05:37,685] qiskit.passmanager.base_tasks - INFO - Pass: FixedPoint - 0.00238 (ms)
[2026-05-28 20:05:37,685] qiskit.passmanager.base_tasks - INFO - Pass: RemoveIdentityEquivalent - 0.00978 (ms)
[2026-05-28 20:05:37,685] qiskit.passmanager.base_tasks - INFO - Pass: Optimize1qGatesDecomposition - 0.06127 (ms)
[2026-05-28 20:05:37,685] qiskit.passmanager.base_tasks - INFO - Pass: CommutativeCancellation - 0.03695 (ms)
[2026-05-28 20:05:37,685] qiskit.passmanager.base_tasks - INFO - Pass: ContractIdleWiresInControlFlow - 0.00167 (ms)
[2026-05-28 20:05:37,685] qiskit.passmanager.base_tasks - INFO - Pass: GatesInBasis - 0.00882 (ms)
[2026-05-28 20:05:37,685] qiskit.passmanager.base_tasks - INFO - Pass: Size - 0.00286 (ms)
[2026-05-28 20:05:37,685] qiskit.passmanager.base_tasks - INFO - Pass: Depth - 0.00763 (ms)
[2026-05-28 20:05:37,685] qiskit.passmanager.base_tasks - INFO - Pass: FixedPoint - 0.00310 (ms)
[2026-05-28 20:05:37,685] qiskit.passmanager.base_tasks - INFO - Pass: FixedPoint - 0.00191 (ms)
[2026-05-28 20:05:37,686] qiskit.passmanager.base_tasks - INFO - Pass: RemoveIdentityEquivalent - 0.00381 (ms)
[2026-05-28 20:05:37,686] qiskit.passmanager.base_tasks - INFO - Pass: Optimize1qGatesDecomposition - 0.02694 (ms)
[2026-05-28 20:05:37,686] qiskit.passmanager.base_tasks - INFO - Pass: CommutativeCancellation - 0.01597 (ms)
[2026-05-28 20:05:37,686] qiskit.passmanager.base_tasks - INFO - Pass: ContractIdleWiresInControlFlow - 0.00119 (ms)
[2026-05-28 20:05:37,686] qiskit.passmanager.base_tasks - INFO - Pass: GatesInBasis - 0.00191 (ms)
[2026-05-28 20:05:37,686] qiskit.passmanager.base_tasks - INFO - Pass: Size - 0.00119 (ms)
[2026-05-28 20:05:37,686] qiskit.passmanager.base_tasks - INFO - Pass: Depth - 0.00358 (ms)
[2026-05-28 20:05:37,686] qiskit.passmanager.base_tasks - INFO - Pass: FixedPoint - 0.00215 (ms)
[2026-05-28 20:05:37,686] qiskit.passmanager.base_tasks - INFO - Pass: FixedPoint - 0.00167 (ms)
[2026-05-28 20:05:37,686] qiskit.passmanager.base_tasks - INFO - Pass: ContainsInstruction - 0.01240 (ms)
[2026-05-28 20:05:37,686] qiskit.compiler.transpiler - INFO - Total Transpile Time - 7.70259 (ms)
[2026-05-28 20:05:58,504] qiskit.passmanager.base_tasks - INFO - Pass: ContainsInstruction - 0.00739 (ms)
[2026-05-28 20:05:58,504] qiskit.passmanager.base_tasks - INFO - Pass: UnitarySynthesis - 0.00477 (ms)
[2026-05-28 20:05:58,504] qiskit.passmanager.base_tasks - INFO - Pass: HighLevelSynthesis - 0.00501 (ms)
[2026-05-28 20:05:58,504] qiskit.passmanager.base_tasks - INFO - Pass: BasisTranslator - 0.01955 (ms)
[2026-05-28 20:05:58,504] qiskit.passmanager.base_tasks - INFO - Pass: ElidePermutations - 0.00548 (ms)
[2026-05-28 20:05:58,504] qiskit.passmanager.base_tasks - INFO - Pass: RemoveDiagonalGatesBeforeMeasure - 0.00668 (ms)
[2026-05-28 20:05:58,504] qiskit.passmanager.base_tasks - INFO - Pass: RemoveIdentityEquivalent - 0.00954 (ms)
[2026-05-28 20:05:58,504] qiskit.passmanager.base_tasks - INFO - Pass: InverseCancellation - 0.01121 (ms)
[2026-05-28 20:05:58,504] qiskit.passmanager.base_tasks - INFO - Pass: ContractIdleWiresInControlFlow - 0.00143 (ms)
[2026-05-28 20:05:58,504] qiskit.passmanager.base_tasks - INFO - Pass: CommutativeCancellation - 0.02789 (ms)
[2026-05-28 20:05:58,505] qiskit.passmanager.base_tasks - INFO - Pass: ConsolidateBlocks - 0.05364 (ms)
[2026-05-28 20:05:58,505] qiskit.passmanager.base_tasks - INFO - Pass: Split2QUnitaries - 0.00286 (ms)
[2026-05-28 20:05:58,505] qiskit.passmanager.base_tasks - INFO - Pass: UnitarySynthesis - 0.00286 (ms)
[2026-05-28 20:05:58,505] qiskit.passmanager.base_tasks - INFO - Pass: HighLevelSynthesis - 0.00811 (ms)
[2026-05-28 20:05:58,505] qiskit.passmanager.base_tasks - INFO - Pass: BasisTranslator - 0.35429 (ms)
[2026-05-28 20:05:58,505] qiskit.passmanager.base_tasks - INFO - Pass: ConsolidateBlocks - 0.05984 (ms)
[2026-05-28 20:05:58,505] qiskit.passmanager.base_tasks - INFO - Pass: UnitarySynthesis - 0.00358 (ms)
[2026-05-28 20:05:58,505] qiskit.passmanager.base_tasks - INFO - Pass: Size - 0.00286 (ms)
[2026-05-28 20:05:58,505] qiskit.passmanager.base_tasks - INFO - Pass: Depth - 0.00834 (ms)
[2026-05-28 20:05:58,505] qiskit.passmanager.base_tasks - INFO - Pass: FixedPoint - 0.00739 (ms)
[2026-05-28 20:05:58,505] qiskit.passmanager.base_tasks - INFO - Pass: FixedPoint - 0.00119 (ms)
[2026-05-28 20:05:58,505] qiskit.passmanager.base_tasks - INFO - Pass: RemoveIdentityEquivalent - 0.00620 (ms)
[2026-05-28 20:05:58,505] qiskit.passmanager.base_tasks - INFO - Pass: Optimize1qGatesDecomposition - 0.03290 (ms)
[2026-05-28 20:05:58,505] qiskit.passmanager.base_tasks - INFO - Pass: CommutativeCancellation - 0.01931 (ms)
[2026-05-28 20:05:58,505] qiskit.passmanager.base_tasks - INFO - Pass: ContractIdleWiresInControlFlow - 0.00095 (ms)
[2026-05-28 20:05:58,505] qiskit.passmanager.base_tasks - INFO - Pass: GatesInBasis - 0.00572 (ms)
[2026-05-28 20:05:58,505] qiskit.passmanager.base_tasks - INFO - Pass: Size - 0.00095 (ms)
[2026-05-28 20:05:58,505] qiskit.passmanager.base_tasks - INFO - Pass: Depth - 0.00525 (ms)
[2026-05-28 20:05:58,505] qiskit.passmanager.base_tasks - INFO - Pass: FixedPoint - 0.00191 (ms)
[2026-05-28 20:05:58,505] qiskit.passmanager.base_tasks - INFO - Pass: FixedPoint - 0.00119 (ms)
[2026-05-28 20:05:58,505] qiskit.passmanager.base_tasks - INFO - Pass: RemoveIdentityEquivalent - 0.00262 (ms)
[2026-05-28 20:05:58,505] qiskit.passmanager.base_tasks - INFO - Pass: Optimize1qGatesDecomposition - 0.01454 (ms)
[2026-05-28 20:05:58,506] qiskit.passmanager.base_tasks - INFO - Pass: CommutativeCancellation - 0.01311 (ms)
[2026-05-28 20:05:58,506] qiskit.passmanager.base_tasks - INFO - Pass: ContractIdleWiresInControlFlow - 0.00095 (ms)
[2026-05-28 20:05:58,506] qiskit.passmanager.base_tasks - INFO - Pass: GatesInBasis - 0.00215 (ms)
[2026-05-28 20:05:58,506] qiskit.passmanager.base_tasks - INFO - Pass: Size - 0.00119 (ms)
[2026-05-28 20:05:58,506] qiskit.passmanager.base_tasks - INFO - Pass: Depth - 0.00381 (ms)
[2026-05-28 20:05:58,506] qiskit.passmanager.base_tasks - INFO - Pass: FixedPoint - 0.00191 (ms)
[2026-05-28 20:05:58,506] qiskit.passmanager.base_tasks - INFO - Pass: FixedPoint - 0.00095 (ms)
[2026-05-28 20:05:58,506] qiskit.passmanager.base_tasks - INFO - Pass: ContainsInstruction - 0.00262 (ms)
[2026-05-28 20:05:58,506] qiskit.compiler.transpiler - INFO - Total Transpile Time - 4.80390 (ms)
[2026-05-28 20:06:20,908] qchem_stack.orchestration.pipeline - INFO - pipeline variational_done experiment_id=h2_uqc_cloud_sim_md_ml algorithm=vqe E_var_au=-0.3798113876
--------------- RHF gradients ---------------
         x                y                z
0 H     0.0000000000     0.0000000000    -0.0284540584
1 H     0.0000000000     0.0000000000     0.0284540584
----------------------------------------------
[2026-05-28 20:06:21,023] qchem_stack.md_bridge.md_validation_loop - INFO - cold-start labeling done: 1 base frame(s); epistemic_bound='QMEF attachment: frame 0 uses the primary pipeline geometry; energy for frame 0 …'
[2026-05-28 20:06:21,025] qmlff.api.model_builder - INFO - Building quantum model...
[2026-05-28 20:06:21,245] qmlff.models.qnn_force_field - INFO - QNN param init: identity (scale=0.01, depth_scale=0.1, seed=42)
[2026-05-28 20:06:21,691] qmlff.api.model_builder - INFO - Model built: quantum, n_qubits=8, n_layers=4, descriptor=atomic
[2026-05-28 20:06:21,692] qchem_stack.md_bridge.md_loop_rounds - INFO - ---- MD validation round 1/5 ----
Starting training for 2 epochs
Training samples: 1
Training completed in 0.37 minutes
Checkpoint saved: results/uqc_cloud_sim_md_ml_optimized/qmlff_checkpoints/round_01/final.npz
Training history saved: results/uqc_cloud_sim_md_ml_optimized/qmlff_checkpoints/round_01/training_history.json
[2026-05-28 20:06:44,234] qmlff.simulation.jaxmd_integration - INFO - JAXMDSimulator initialized
[2026-05-28 20:06:44,235] qmlff.simulation.jaxmd_integration - INFO -   Box: None
[2026-05-28 20:06:44,235] qmlff.simulation.jaxmd_integration - INFO -   N atoms: 2
[2026-05-28 20:06:44,235] qmlff.simulation.jaxmd_integration - INFO -   Cutoff: 6.0 Å
[2026-05-28 20:06:44,235] qmlff.simulation.jaxmd_integration - INFO -   Time step: 0.25 fs
[2026-05-28 20:06:45,420] qmlff.simulation.jaxmd_integration - INFO - Running NVT simulation at T=300.0K for 12 steps...
[2026-05-28 20:06:48,072] qmlff.simulation.jaxmd_integration - INFO -   Step 0: PE=-0.0048, T=45.0K
converged SCF energy = -1.11671432506255
[2026-05-28 20:06:48,646] qchem_stack.orchestration.pipeline - INFO - pipeline scf_done experiment_id=h2_uqc_cloud_sim_md_ml E_tot_au=-1.1167143251
[2026-05-28 20:06:48,697] qchem_stack.orchestration.pipeline - INFO - pipeline hamiltonian_built experiment_id=h2_uqc_cloud_sim_md_ml n_qubits=4 integral_source=pyscf_casci_h2eff_compact
[2026-05-28 20:06:51,210] qchem_stack.orchestration.pipeline - INFO - pipeline variational_done experiment_id=h2_uqc_cloud_sim_md_ml algorithm=vqe E_var_au=-1.1372759405
--------------- RHF gradients ---------------
         x                y                z
0 H     0.0000000000     0.0000000000    -0.0284540584
1 H     0.0000000000     0.0000000000     0.0284540584
----------------------------------------------
converged SCF energy = -1.10582014333778
[2026-05-28 20:06:51,597] qchem_stack.orchestration.pipeline - INFO - pipeline scf_done experiment_id=h2_uqc_cloud_sim_md_ml E_tot_au=-1.1058201433
[2026-05-28 20:06:51,645] qchem_stack.orchestration.pipeline - INFO - pipeline hamiltonian_built experiment_id=h2_uqc_cloud_sim_md_ml n_qubits=4 integral_source=pyscf_casci_h2eff_compact
[2026-05-28 20:06:53,412] qchem_stack.orchestration.pipeline - INFO - pipeline variational_done experiment_id=h2_uqc_cloud_sim_md_ml algorithm=vqe E_var_au=-1.1307218543
converged SCF energy = -1.10582014333778
--------------- RHF gradients ---------------
         x                y                z
0 H    -0.0165146471    -0.0020318773    -0.0908298637
1 H     0.0165146471     0.0020318773     0.0908298637
----------------------------------------------
converged SCF energy = -1.09749156825968
[2026-05-28 20:06:53,870] qchem_stack.orchestration.pipeline - INFO - pipeline scf_done experiment_id=h2_uqc_cloud_sim_md_ml E_tot_au=-1.0974915683
[2026-05-28 20:06:53,928] qchem_stack.orchestration.pipeline - INFO - pipeline hamiltonian_built experiment_id=h2_uqc_cloud_sim_md_ml n_qubits=4 integral_source=pyscf_casci_h2eff_compact
[2026-05-28 20:06:55,467] qchem_stack.orchestration.pipeline - INFO - pipeline variational_done experiment_id=h2_uqc_cloud_sim_md_ml algorithm=vqe E_var_au=-1.1246991958
converged SCF energy = -1.09749156825968
--------------- RHF gradients ---------------
         x                y                z
0 H    -0.0585938821     0.0204841328    -0.0936201346
1 H     0.0585938821    -0.0204841328     0.0936201346
----------------------------------------------
[2026-05-28 20:06:57,355] qchem_stack.md_bridge.md_loop_rounds - INFO - round 1: n_train 1 → 2 | max|ΔE|=0.750866 Ha | mean|ΔE|=0.747930 Ha | converged=False
[2026-05-28 20:06:57,355] qchem_stack.md_bridge.md_loop_rounds - INFO - ---- MD validation round 2/5 ----
Starting training for 2 epochs
Training samples: 2
Training completed in 0.19 minutes
Checkpoint saved: results/uqc_cloud_sim_md_ml_optimized/qmlff_checkpoints/round_02/final.npz
Training history saved: results/uqc_cloud_sim_md_ml_optimized/qmlff_checkpoints/round_02/training_history.json
[2026-05-28 20:07:08,787] qmlff.simulation.jaxmd_integration - INFO - JAXMDSimulator initialized
[2026-05-28 20:07:08,787] qmlff.simulation.jaxmd_integration - INFO -   Box: None
[2026-05-28 20:07:08,788] qmlff.simulation.jaxmd_integration - INFO -   N atoms: 2
[2026-05-28 20:07:08,788] qmlff.simulation.jaxmd_integration - INFO -   Cutoff: 6.0 Å
[2026-05-28 20:07:08,788] qmlff.simulation.jaxmd_integration - INFO -   Time step: 0.25 fs
[2026-05-28 20:07:09,962] qmlff.simulation.jaxmd_integration - INFO - Running NVT simulation at T=300.0K for 12 steps...
[2026-05-28 20:07:10,996] qmlff.simulation.jaxmd_integration - INFO -   Step 0: PE=0.0116, T=108.6K
converged SCF energy = -1.11671432506255
[2026-05-28 20:07:11,805] qchem_stack.orchestration.pipeline - INFO - pipeline scf_done experiment_id=h2_uqc_cloud_sim_md_ml E_tot_au=-1.1167143251
[2026-05-28 20:07:11,856] qchem_stack.orchestration.pipeline - INFO - pipeline hamiltonian_built experiment_id=h2_uqc_cloud_sim_md_ml n_qubits=4 integral_source=pyscf_casci_h2eff_compact
[2026-05-28 20:07:13,420] qchem_stack.orchestration.pipeline - INFO - pipeline variational_done experiment_id=h2_uqc_cloud_sim_md_ml algorithm=vqe E_var_au=-1.1372759405
--------------- RHF gradients ---------------
         x                y                z
0 H     0.0000000000     0.0000000000    -0.0284540584
1 H     0.0000000000     0.0000000000     0.0284540584
----------------------------------------------
converged SCF energy = -1.0782585282405
[2026-05-28 20:07:13,776] qchem_stack.orchestration.pipeline - INFO - pipeline scf_done experiment_id=h2_uqc_cloud_sim_md_ml E_tot_au=-1.0782585282
[2026-05-28 20:07:13,824] qchem_stack.orchestration.pipeline - INFO - pipeline hamiltonian_built experiment_id=h2_uqc_cloud_sim_md_ml n_qubits=4 integral_source=pyscf_casci_h2eff_compact
[2026-05-28 20:07:16,424] qchem_stack.orchestration.pipeline - INFO - pipeline variational_done experiment_id=h2_uqc_cloud_sim_md_ml algorithm=vqe E_var_au=-1.1103005062
converged SCF energy = -1.0782585282405
--------------- RHF gradients ---------------
         x                y                z
0 H    -0.0303919597    -0.0018052879    -0.1351946221
1 H     0.0303919597     0.0018052879     0.1351946221
----------------------------------------------
converged SCF energy = -1.11550772307871
[2026-05-28 20:07:16,778] qchem_stack.orchestration.pipeline - INFO - pipeline scf_done experiment_id=h2_uqc_cloud_sim_md_ml E_tot_au=-1.1155077231
[2026-05-28 20:07:16,824] qchem_stack.orchestration.pipeline - INFO - pipeline hamiltonian_built experiment_id=h2_uqc_cloud_sim_md_ml n_qubits=4 integral_source=pyscf_casci_h2eff_compact
[2026-05-28 20:07:18,648] qchem_stack.orchestration.pipeline - INFO - pipeline variational_done experiment_id=h2_uqc_cloud_sim_md_ml algorithm=vqe E_var_au=-1.1368539596
converged SCF energy = -1.11550772307871
--------------- RHF gradients ---------------
         x                y                z
0 H    -0.0204745396    -0.0024591218    -0.0385189805
1 H     0.0204745396     0.0024591218     0.0385189805
----------------------------------------------
[2026-05-28 20:07:20,680] qchem_stack.md_bridge.md_loop_rounds - INFO - round 2: n_train 2 → 3 | max|ΔE|=0.381827 Ha | mean|ΔE|=0.368964 Ha | converged=False
[2026-05-28 20:07:20,681] qchem_stack.md_bridge.md_loop_rounds - INFO - ---- MD validation round 3/5 ----
Starting training for 2 epochs
Training samples: 3
Training completed in 0.29 minutes
Checkpoint saved: results/uqc_cloud_sim_md_ml_optimized/qmlff_checkpoints/round_03/final.npz
Training history saved: results/uqc_cloud_sim_md_ml_optimized/qmlff_checkpoints/round_03/training_history.json
[2026-05-28 20:07:37,917] qmlff.simulation.jaxmd_integration - INFO - JAXMDSimulator initialized
[2026-05-28 20:07:37,917] qmlff.simulation.jaxmd_integration - INFO -   Box: None
[2026-05-28 20:07:37,917] qmlff.simulation.jaxmd_integration - INFO -   N atoms: 2
[2026-05-28 20:07:37,917] qmlff.simulation.jaxmd_integration - INFO -   Cutoff: 6.0 Å
[2026-05-28 20:07:37,917] qmlff.simulation.jaxmd_integration - INFO -   Time step: 0.25 fs
[2026-05-28 20:07:39,090] qmlff.simulation.jaxmd_integration - INFO - Running NVT simulation at T=300.0K for 12 steps...
[2026-05-28 20:07:40,507] qmlff.simulation.jaxmd_integration - INFO -   Step 0: PE=-0.0086, T=75.5K
converged SCF energy = -1.11671432506255
[2026-05-28 20:07:41,146] qchem_stack.orchestration.pipeline - INFO - pipeline scf_done experiment_id=h2_uqc_cloud_sim_md_ml E_tot_au=-1.1167143251
[2026-05-28 20:07:41,193] qchem_stack.orchestration.pipeline - INFO - pipeline hamiltonian_built experiment_id=h2_uqc_cloud_sim_md_ml n_qubits=4 integral_source=pyscf_casci_h2eff_compact
[2026-05-28 20:07:41,994] qchem_stack.orchestration.pipeline - INFO - pipeline variational_done experiment_id=h2_uqc_cloud_sim_md_ml algorithm=vqe E_var_au=-1.1372759405
--------------- RHF gradients ---------------
         x                y                z
0 H     0.0000000000     0.0000000000    -0.0284540584
1 H     0.0000000000     0.0000000000     0.0284540584
----------------------------------------------
converged SCF energy = -1.11744393587744
[2026-05-28 20:07:42,403] qchem_stack.orchestration.pipeline - INFO - pipeline scf_done experiment_id=h2_uqc_cloud_sim_md_ml E_tot_au=-1.1174439359
[2026-05-28 20:07:42,452] qchem_stack.orchestration.pipeline - INFO - pipeline hamiltonian_built experiment_id=h2_uqc_cloud_sim_md_ml n_qubits=4 integral_source=pyscf_casci_h2eff_compact
[2026-05-28 20:07:43,066] qchem_stack.orchestration.pipeline - INFO - pipeline variational_done experiment_id=h2_uqc_cloud_sim_md_ml algorithm=vqe E_var_au=-1.1364678787
converged SCF energy = -1.11744393587744
--------------- RHF gradients ---------------
         x                y                z
0 H     0.0025853892     0.0017212595     0.0079744206
1 H    -0.0025853892    -0.0017212595    -0.0079744206
----------------------------------------------
converged SCF energy = -1.09861561390225
[2026-05-28 20:07:43,638] qchem_stack.orchestration.pipeline - INFO - pipeline scf_done experiment_id=h2_uqc_cloud_sim_md_ml E_tot_au=-1.0986156139
[2026-05-28 20:07:43,685] qchem_stack.orchestration.pipeline - INFO - pipeline hamiltonian_built experiment_id=h2_uqc_cloud_sim_md_ml n_qubits=4 integral_source=pyscf_casci_h2eff_compact
[2026-05-28 20:07:44,171] qchem_stack.orchestration.pipeline - INFO - pipeline variational_done experiment_id=h2_uqc_cloud_sim_md_ml algorithm=vqe E_var_au=-1.1135322629
converged SCF energy = -1.09861561390225
--------------- RHF gradients ---------------
         x                y                z
0 H     0.1392477731     0.1119883595     0.0648580403
1 H    -0.1392477731    -0.1119883595    -0.0648580403
----------------------------------------------
[2026-05-28 20:07:46,229] qchem_stack.md_bridge.md_loop_rounds - INFO - round 3: n_train 3 → 4 | max|ΔE|=0.253469 Ha | mean|ΔE|=0.241916 Ha | converged=False
[2026-05-28 20:07:46,230] qchem_stack.md_bridge.md_loop_rounds - INFO - ---- MD validation round 4/5 ----
Starting training for 2 epochs
Training samples: 4
Training completed in 0.36 minutes
Checkpoint saved: results/uqc_cloud_sim_md_ml_optimized/qmlff_checkpoints/round_04/final.npz
Training history saved: results/uqc_cloud_sim_md_ml_optimized/qmlff_checkpoints/round_04/training_history.json
[2026-05-28 20:08:07,829] qmlff.simulation.jaxmd_integration - INFO - JAXMDSimulator initialized
[2026-05-28 20:08:07,829] qmlff.simulation.jaxmd_integration - INFO -   Box: None
[2026-05-28 20:08:07,829] qmlff.simulation.jaxmd_integration - INFO -   N atoms: 2
[2026-05-28 20:08:07,829] qmlff.simulation.jaxmd_integration - INFO -   Cutoff: 6.0 Å
[2026-05-28 20:08:07,829] qmlff.simulation.jaxmd_integration - INFO -   Time step: 0.25 fs
[2026-05-28 20:08:08,923] qmlff.simulation.jaxmd_integration - INFO - Running NVT simulation at T=300.0K for 12 steps...
[2026-05-28 20:08:10,016] qmlff.simulation.jaxmd_integration - INFO -   Step 0: PE=-0.0270, T=81.5K
converged SCF energy = -1.11671432506255
[2026-05-28 20:08:10,482] qchem_stack.orchestration.pipeline - INFO - pipeline scf_done experiment_id=h2_uqc_cloud_sim_md_ml E_tot_au=-1.1167143251
[2026-05-28 20:08:10,484] qchem_stack.orchestration.pipeline - INFO - pipeline hamiltonian_built experiment_id=h2_uqc_cloud_sim_md_ml n_qubits=4 integral_source=pyscf_casci_h2eff_compact
[2026-05-28 20:08:10,824] qchem_stack.orchestration.pipeline - INFO - pipeline variational_done experiment_id=h2_uqc_cloud_sim_md_ml algorithm=vqe E_var_au=-1.1372759405
--------------- RHF gradients ---------------
         x                y                z
0 H     0.0000000000     0.0000000000    -0.0284540584
1 H     0.0000000000     0.0000000000     0.0284540584
----------------------------------------------
converged SCF energy = -1.11446960607539
[2026-05-28 20:08:10,924] qchem_stack.orchestration.pipeline - INFO - pipeline scf_done experiment_id=h2_uqc_cloud_sim_md_ml E_tot_au=-1.1144696061
[2026-05-28 20:08:10,925] qchem_stack.orchestration.pipeline - INFO - pipeline hamiltonian_built experiment_id=h2_uqc_cloud_sim_md_ml n_qubits=4 integral_source=pyscf_casci_h2eff_compact
[2026-05-28 20:08:11,349] qchem_stack.orchestration.pipeline - INFO - pipeline variational_done experiment_id=h2_uqc_cloud_sim_md_ml algorithm=vqe E_var_au=-1.1363361815
converged SCF energy = -1.11446960607539
--------------- RHF gradients ---------------
         x                y                z
0 H    -0.0108724556    -0.0132275240    -0.0498450671
1 H     0.0108724556     0.0132275240     0.0498450671
----------------------------------------------
converged SCF energy = -0.93055924506396
[2026-05-28 20:08:11,466] qchem_stack.orchestration.pipeline - INFO - pipeline scf_done experiment_id=h2_uqc_cloud_sim_md_ml E_tot_au=-0.9305592451
[2026-05-28 20:08:11,467] qchem_stack.orchestration.pipeline - INFO - pipeline hamiltonian_built experiment_id=h2_uqc_cloud_sim_md_ml n_qubits=4 integral_source=pyscf_casci_h2eff_compact
[2026-05-28 20:08:11,803] qchem_stack.orchestration.pipeline - INFO - pipeline variational_done experiment_id=h2_uqc_cloud_sim_md_ml algorithm=vqe E_var_au=-0.9406389912
converged SCF energy = -0.93055924506396
--------------- RHF gradients ---------------
         x                y                z
0 H     0.5221303501     0.6554631886     0.4612686789
1 H    -0.5221303501    -0.6554631886    -0.4612686789
----------------------------------------------
[2026-05-28 20:08:14,089] qchem_stack.md_bridge.md_loop_rounds - INFO - round 4: n_train 4 → 5 | max|ΔE|=0.189370 Ha | mean|ΔE|=0.097912 Ha | converged=False
[2026-05-28 20:08:14,089] qchem_stack.md_bridge.md_loop_rounds - INFO - ---- MD validation round 5/5 ----
Starting training for 2 epochs
Training samples: 5
Training completed in 0.46 minutes
Checkpoint saved: results/uqc_cloud_sim_md_ml_optimized/qmlff_checkpoints/round_05/final.npz
Training history saved: results/uqc_cloud_sim_md_ml_optimized/qmlff_checkpoints/round_05/training_history.json
[2026-05-28 20:08:41,403] qmlff.simulation.jaxmd_integration - INFO - JAXMDSimulator initialized
[2026-05-28 20:08:41,403] qmlff.simulation.jaxmd_integration - INFO -   Box: None
[2026-05-28 20:08:41,403] qmlff.simulation.jaxmd_integration - INFO -   N atoms: 2
[2026-05-28 20:08:41,403] qmlff.simulation.jaxmd_integration - INFO -   Cutoff: 6.0 Å
[2026-05-28 20:08:41,403] qmlff.simulation.jaxmd_integration - INFO -   Time step: 0.25 fs
[2026-05-28 20:08:42,622] qmlff.simulation.jaxmd_integration - INFO - Running NVT simulation at T=300.0K for 12 steps...
[2026-05-28 20:08:43,986] qmlff.simulation.jaxmd_integration - INFO -   Step 0: PE=-0.0889, T=432.7K
converged SCF energy = -1.11671432506255
[2026-05-28 20:08:44,656] qchem_stack.orchestration.pipeline - INFO - pipeline scf_done experiment_id=h2_uqc_cloud_sim_md_ml E_tot_au=-1.1167143251
[2026-05-28 20:08:44,727] qchem_stack.orchestration.pipeline - INFO - pipeline hamiltonian_built experiment_id=h2_uqc_cloud_sim_md_ml n_qubits=4 integral_source=pyscf_casci_h2eff_compact
[2026-05-28 20:08:47,149] qchem_stack.orchestration.pipeline - INFO - pipeline variational_done experiment_id=h2_uqc_cloud_sim_md_ml algorithm=vqe E_var_au=-1.1372759405
--------------- RHF gradients ---------------
         x                y                z
0 H     0.0000000000     0.0000000000    -0.0284540584
1 H     0.0000000000     0.0000000000     0.0284540584
----------------------------------------------
converged SCF energy = -1.07839012716819
[2026-05-28 20:08:47,587] qchem_stack.orchestration.pipeline - INFO - pipeline scf_done experiment_id=h2_uqc_cloud_sim_md_ml E_tot_au=-1.0783901272
[2026-05-28 20:08:47,674] qchem_stack.orchestration.pipeline - INFO - pipeline hamiltonian_built experiment_id=h2_uqc_cloud_sim_md_ml n_qubits=4 integral_source=pyscf_casci_h2eff_compact
[2026-05-28 20:08:49,319] qchem_stack.orchestration.pipeline - INFO - pipeline variational_done experiment_id=h2_uqc_cloud_sim_md_ml algorithm=vqe E_var_au=-1.0919346493
converged SCF energy = -1.07839012716819
--------------- RHF gradients ---------------
         x                y                z
0 H    -0.1437703164     0.2289952686     0.1371452970
1 H     0.1437703164    -0.2289952686    -0.1371452970
----------------------------------------------
converged SCF energy = -1.09413419642146
[2026-05-28 20:08:50,003] qchem_stack.orchestration.pipeline - INFO - pipeline scf_done experiment_id=h2_uqc_cloud_sim_md_ml E_tot_au=-1.0941341964
[2026-05-28 20:08:50,099] qchem_stack.orchestration.pipeline - INFO - pipeline hamiltonian_built experiment_id=h2_uqc_cloud_sim_md_ml n_qubits=4 integral_source=pyscf_casci_h2eff_compact
[2026-05-28 20:08:54,435] qchem_stack.orchestration.pipeline - INFO - pipeline variational_done experiment_id=h2_uqc_cloud_sim_md_ml algorithm=vqe E_var_au=-1.1222139562
converged SCF energy = -1.09413419642146
--------------- RHF gradients ---------------
         x                y                z
0 H     0.0401940323    -0.0895720496     0.0661017193
1 H    -0.0401940323     0.0895720496    -0.0661017193
----------------------------------------------
[2026-05-28 20:08:55,385] qchem_stack.md_bridge.md_loop_rounds - INFO - round 5: n_train 5 → 6 | max|ΔE|=0.137132 Ha | mean|ΔE|=0.120836 Ha | converged=False
[2026-05-28 20:08:55,386] root - INFO - Done. summary written to results/uqc_cloud_sim_md_ml_optimized/md_validation_summary.json
[2026-05-28 20:08:55,387] root - INFO - converged=False n_total_frames=6
[2026-05-28 20:08:55,387] root - INFO - round 1: md_frames=2 max_abs_delta=0.7508664945731456
[2026-05-28 20:08:55,387] root - INFO - round 2: md_frames=2 max_abs_delta=0.38182672021474895
[2026-05-28 20:08:55,387] root - INFO - round 3: md_frames=2 max_abs_delta=0.2534694799566348
[2026-05-28 20:08:55,387] root - INFO - round 4: md_frames=2 max_abs_delta=0.18936971040651684
[2026-05-28 20:08:55,387] root - INFO - round 5: md_frames=2 max_abs_delta=0.13713226213757435
